:020000041100E9
:10B0000003B40148019001BD7511000003B401486B
:10B01000019001BD75A9000003B40148019001BD74
:10B02000C93E000003B40148019001BD9DA9000084
:10B0300003B40148019001BDB30E000003B4014800
:10B04000019001BDE147FF1F03B40148019001BD1C
:10B050006189000003B40148019001BD1907010096
:10B0600003B40148019001BDA9D8000003B4014810
:10B07000019001BDB352010003B40148019001BD2C
:10B080000D52010003B40148019001BD8B52010033
:10B0900003B40148019001BDC1A5000003B40148FB
:10B0A000019001BD9D6A000003B40148019001BDFB
:10B0B000116E000003B40148019001BDE94C01008C
:10B0C00003B40148019001BD8BB9000003B40148ED
:10B0D000019001BDD1D4000003B40148019001BD2D
:10B0E000CD4C010003B40148019001BD85C10000B1
:10B0F00003B40148019001BD09B8000003B4014840
:10B10000019001BD2DFC000003B40148019001BD78
:10B1100025E7000003B40148019001BDEDB800002F
:10B1200003B40148019001BD3148000003B4014857
:10B13000019001BDC53F000003B40148019001BD6D
:10B14000F5D5000003B40148019001BDF1FA0000FB
:10B1500003B40148019001BD053FFF1F03B401483E
:10B16000019001BD9946000003B40148019001BD62
:10B170001547000003B40148019001BDC5F000006F
:10B1800003B40148019001BD79F4000003B4014803
:10B19000019001BD63EC000003B40148019001BDC2
:10B1A00005FF000003B40148019001BD31610000BA
:10B1B00003B40148019001BD59E4000003B4014803
:10B1C000019001BDD5E4000003B40148019001BD28
:10B1D00001BF000003B40148019001BD21F100004E
:10B1E00003B40148019001BD39B8000003B401481F
:10B1F000019001BD77F1000003B40148019001BD49
:10B20000C1E2000003B40148019001BD154D0100E9
:10B2100003B40148019001BD8DE3000003B401486F
:10B22000019001BD5511010003B40148019001BD19
:10B23000A5FD000003B40148019001BDA93C000038
:10B2400003B40148019001BD1D2FFF1F03B4014845
:10B25000019001BD4136FF1F03B40148019001BDBB
:10B26000ADAE000003B40148019001BD456B010083
:10B2700003B40148019001BDF54E010003B401483B
:10B28000019001BD434D010003B40148019001BD8F
:10B290002526000003B40148019001BDC94A010000
:10B2A00003B40148019001BD691F000003B40148C7
:10B2B000019001BD5D17000003B40148019001BD7C
:10B2C0003D4B010003B40148019001BD59520100FA
:10B2D00003B40148019001BD5125000003B40148A9
:10B2E000019001BD014C010003B40148019001BD72
:10B2F000594F010003B40148019001BD1D4B0100ED
:10B3000003B40148019001BD8D12000003B401484F
:10B31000019001BD4D1F000003B40148019001BD23
:10B320005522000003B40148019001BDDD52010027
:10B3300003B40148019001BD1D4D010003B4014853
:10B34000019001BD090E000003B40148019001BD48
:10B35000810E000003B40148019001BD017F00008F
:10B3600003B40148019001BDE117000003B4014896
:10B37000019001BD7918000003B40148019001BD9E
:10B38000D949010003B40148019001BD192800000A
:10B3900003B40148019001BDB117000003B4014896
:10B3A000019001BDE928000003B40148019001BDEE
:10B3B0005549010003B40148019001BD4551010008
:10B3C00003B40148019001BD8528FF1F03B4014863
:10B3D000019001BD291C000003B40148019001BD8A
:10B3E000D123FF1F03B40148019001BD851F000058
:10B3F00003B40148019001BD1147010003B40148A5
:10B40000019001BD4B23FF1F03B40148019001BD12
:10B410002523FF1F03B40148019001BDA946010087
:10B4200003B40148019001BDE548000003B40148A0
:10B43000019001BD2951010008B5002802D000F09B
:10B4400013FA00E01220694608706A46012102489A
:10B45000FFF7D6FD002008BD0520000070B50C46A2
:10B460000546FFF7D3FD21462846FFF7D5FD0446E4
:10B47000FFF7D8FD204670BDFEB5089D099C174614
:10B48000002874D0002972D0002C02D0012C02D0E8
:10B4900003E02A2201E0FF220732921D0192354A81
:10B4A0000E461770344A10603448037034480570F3
:10B4B00034480470002446E0A1208000254645431E
:10B4C0002D48A121006889002818FFF7B1FD2A48FE
:10B4D0002D49006862002818FF308130C66201984B
:10B4E00036180020885451184870264909780029D8
:10B4F0003BD0FF211131009121461C2041432248BD
:10B50000002220300D182A764254E0B20099FFF74D
:10B5100095FD686000202872E0B201220099FFF7D3
:10B520008DFDE86000202874E0B202220099FFF748
:10B5300085FD68616968002919D0E968002916D07D
:10B54000002814D0641CBC42B6DB00200F4D104A0A
:10B55000014683009C186580401CD154C0B26170C4
:10B560001028F6D30020FEBD01E03421C3E71220ED
:10B57000F9E700001409FF1F3409FF1F1509FF1F19
:10B580001609FF1F1709FF1F1897FF1FFFFF000075
:10B59000F898FF1F10B5FF2815D0002913D0A1225D
:10B5A0009200094B50431A688218FF32C132948BC3
:10B5B0008C80128B0A801A688018FF30C130C28BD1
:10B5C000CA80408B488010BD3409FF1FF8B5714D0B
:10B5D0000028AA7916D0012A01D0032A12D16E4977
:10B5E0000B78FF2B0ED14B78FF2B0BD18B78FF2BD9
:10B5F00008D1CB78FF2B05D10B79FF2B02D14979EC
:10B60000FF2930D065490B78012B1DD00026644CF2
:10B610000E702178092931D00A292FD00B292DD07D
:10B620000C292BD00D2929D0052927D0062925D072
:10B63000A97B00290AD0012908D0032906D00229B4
:10B6400004D004290FD101E00C20F8BD002A05D058
:10B65000012A03D0022A01D0032A04D1514F002825
:10B6600075D0012801D01220F8BDA888012805D086
:10B67000FFF7CCFC2078002802D01AE02120F8BD8A
:10B68000A87B0300FFF7E0FC050408100C08240069
:10B69000012020701F200AE002202070202006E0F8
:10B6A00004202070222002E0032020702120FFF7D8
:10B6B000D1FC2078282101280DD002280BD00428A5
:10B6C00009D0032807D007280ED008280CD01BE08B
:10B6D00026701E20EBE7344806602975FFF7C0FC92
:10B6E000002820D0AE800FE03048C068808D8006F2
:10B6F0000AD52F480278002A06D1AA7B032A06D051
:10B70000022A04D0002A02D0FFF78CFCB6E70222FE
:10B7100002702975140321463878FFF7A7FC2146EB
:10B720003878FFF7A9FC0120A8802248007800287B
:10B7300009D02148012102887D20C0004243C9036D
:10B740003878FFF79FFCFFF76DFC20E0FFE7FFF77D
:10B750005DFCAE802078072808D0082806D0267027
:10B760001648FFF795FC1E20FFF774FC104801787F
:10B77000002905D00670012149033878FFF776FCCF
:10B78000FFF750FC0121C9033878FFF76FFC002058
:10B79000F8BD0000A60BFF1F6B09FF1F1A09FF1F52
:10B7A0001C09FF1F1B09FF1F4809FF1F6067FF1FC0
:10B7B0002309FF1F2109FF1F2C09FF1F0010004054
:10B7C000FFB585B016460D460446119FFFF71EFCD7
:10B7D00015482946007804902046202C00D22020CD
:10B7E000202900D220210EAA2CCA009201AAA8C2A8
:10B7F0003246089BFFF752FC05460C480A49448034
:10B8000004980870012E01D0042E08D10848802326
:10B810000078C101074882889A4311438180FFF76D
:10B8200001FC284609B0F0BD1C09FF1FA60BFF1F35
:10B830007809FF1F6C11FF1F10B5FB2908D8084BB2
:10B840009A4205D81B2903D3FF2349339A4201D2D8
:10B85000302010BD034B19825A82FFF725FC10BD22
:10B86000480800008410FF1FF8B532490978012903
:10B870002AD0022928D0032926D0042924D005293A
:10B8800022D0062920D02C49097802291CD004296D
:10B890001AD0012918D0032916D0062914D0072957
:10B8A00012D00178254C8C462170467866708378DA
:10B8B000A370C278E270017921714079204D6071E6
:10B8C000AF79012F02D008E00C20F8BD6746EF7178
:10B8D0002E726B72AA72E97228730622E91D19484A
:10B8E000FFF7E8FB0622E91D1748FFF7E3FB1748BF
:10B8F000017801290BD12178417061788170A1789C
:10B90000C170E178017121794171617981711048CB
:10B91000017801290BD12178417061788170A1787B
:10B92000C170E178017121794171617981710020E3
:10B93000F8BD00001C09FF1F2309FF1F6B09FF1F33
:10B94000A60BFF1F7211FF1F8A13FF1FBC0BFF1FE7
:10B95000D40BFF1FFFB50D46A121890048432349A1
:10B9600081B009681E464418002D09D0FF20D93047
:10B97000015B0398814203D3002E04D0012E02D034
:10B98000122005B0F0BDE07800280AD00520C001E3
:10B9900027181748F9780078801C814203D30720C4
:10B9A000EFE70220EDE7FFF731FBF878A91E401C16
:10B9B000F87003980870002E10D0012048702046BF
:10B9C0007C30091FFFF77CFBFFF72CFB0948007850
:10B9D000082805D0072803D00020D2E70220EDE791
:10B9E00000212046FFF772FBF6E700003409FF1F35
:10B9F0001509FF1F1C09FF1F70B50446FF30FF30FB
:10BA00000230406F0D46012812D1282D10D1A420FC
:10BA1000005BE188401A1D4980B2884208D3214664
:10BA20006A3105220E46481FFFF756FB002818D042
:10BA300017490020820052185278002A16D0401C64
:10BA4000C0B21028F6D31348012189020078FFF70D
:10BA500013FB2079010110480918897902290DD0BA
:10BA60000FE031462046FFF73DFB70BD8000237993
:10BA7000421853800D5401205070E4E74178491E6C
:10BA800041702046FFF734FB70BD0000FF7F0000CF
:10BA9000F898FF1F1B09FF1F300DFF1FF0B505466B
:10BAA00087B0E03004902846A030039040380590DD
:10BAB000092080012E462818FF36E13602903046D4
:10BAC0002030EF1DF9372C46803401909FE1E07A59
:10BAD000801E0300FFF7B8FA1A0E3822396BF638C9
:10BAE000C13892D1A9383838383838F5F4F3F238FB
:10BAF00038F1F038A07A012803D02846FFF7FEFA83
:10BB000012E0C5488078002801D0162130E1608A13
:10BB1000401E0004000C60826FD076E1A07A0128FC
:10BB200004D02846FFF7F0FAA0726EE1BA48C07858
:10BB30000028ECD02846FFF7EDFA2A462946287956
:10BB4000C832C031FFF7ECFA61E1A07A012813D0C6
:10BB50000498C07D012821D00498007E00287BD065
:10BB60002A4629462846D732B031E730FFF7DEFAB9
:10BB700004990120C8754AE1A748C078002805D07B
:10BB80000399012088710020E0673860B8790128A6
:10BB9000BDD106212846FFF7CFFA38E12846FFF746
:10BBA000D1FA0128B9D10020B8710120BCE7A07AF0
:10BBB000012803D02846FFF7CBFAB5E79648C078AE
:10BBC0000028A4D0E88C68842846FFF7A3FA0599DA
:10BBD0000120C876207138790128287909D00122FE
:10BBE0000021FFF7BBFA002038713872F871B87184
:10BBF0000DE10021FFF7B8FAF5E7B8E0A07A0128D7
:10BC000005D02846FFF7B6FA012807D0FDE0F879FD
:10BC10000128BDD12846FFF77DFAF8E00020F87131
:10BC2000039988710120A072F1E0A07A012804D064
:10BC300079792846FFF7A4FA76E77748C178002992
:10BC400006D0039A00219171059A0121D1762171C4
:10BC500080780028DED15AE78EE0A07A012803D050
:10BC60002846FFF793FA5FE76B48C0780028F2D0C8
:10BC700001203873E88C6884CCE7A07A012805D0CD
:10BC80000120F8752846FFF787FA4DE7787D0128EF
:10BC900006D0608A401E0004000C608213D0B4E01D
:10BCA000B87D0128B6D1B88B00907B8B3A7E29797C
:10BCB0000020FFF777FAADE78FE072E03BE02DE080
:10BCC0001BE009E09CE0B88B00907B8B3A7E2979E1
:10BCD0002220FFF767FA4AE0A07A012806D028461A
:10BCE000FFF766FAA072002070748EE04A48C078B0
:10BCF0000028B0D0012070748CE7A07A012803D00E
:10BD00002846FFF75BFA0FE74348C0780028A2D027
:10BD1000002030742879FFF757FA7BE7A07A0128D2
:10BD200003D02846FFF756FA36E03B48C078002893
:10BD300091D0012018E0A07A012807D0707FB17F50
:10BD400008401BD041071DD5042020E03248C078B0
:10BD500000288CD001990020C871019A012111722C
:10BD60002E490979012987D10199087252E72221C8
:10BD70002846FFF735FA012007B0F0BD707E7075D8
:10BD8000B07E05E0800701D5022000E0012070753B
:10BD9000B0752846FFF72AFAA072019900200872B0
:10BDA00033E0A07A012807D02846FFF725FAA072D1
:10BDB00002990120087628E01748C07800289BD116
:10BDC000608A401E0004000C60821ED114480422C8
:10BDD00000212818FFF716FAC9E7A07A012803D036
:10BDE0002846FFF715FA9FE60B48C07800280ED0CA
:10BDF0000299002008760299C875FFF70FFA09E743
:10BE00002846FFF711FA012887D00020B4E7E07B2D
:10BE1000002800D05BE6AFE7E010FF1F6067FF1F60
:10BE2000560200000E480D4901600E4981600C4920
:10BE30000D4A40314A610E4B0C4A5A610D4AC262AA
:10BE40000D4A82630D4A8A600D4A4263084A0D48D2
:10BE5000403A10620C48886170470000C1B7001179
:10BE60004000FF1FCDB50011354BFF1F414AFF1F9A
:10BE70004002FF1FD13EFF1F453DFF1FF9B90011D2
:10BE80009DBA00112540FF1F6529FF1F70B5FFF700
:10BE9000BDF8904C002025682060FFF7CBF90646DE
:10BEA0002560FFF7BFF8304670BD8B49C968FF3188
:10BEB000813188657047F8B5FFF7C2F9864D874A2A
:10BEC00068721178022903D9002801D1012010706D
:10BED000834900200446E9608300401CCC50FF28C1
:10BEE000FADDE8687F49882319507F49C1627F499C
:10BEF0000978002902D07C491131C1620A2101650B
:10BF0000117881637A49C161FFF7A0F9E96879483E
:10BF10004861192080018861084637228030C2605C
:10BF2000082336220B64CA631E224A64362242600A
:10BF3000322202603B220364C2632822426441220F
:10BF4000C2643922826432224365026528228265F6
:10BF5000022202664222C2651E22836642662822AF
:10BF6000C26620224267422202675A22436102616E
:10BF70003C228261192292010A605F4A0A63FF2211
:10BF80002D328A60CA60FF22F5320A615B4A8A64F8
:10BF90007D22D2005A4EC267CE644A62594A8A62F2
:10BFA0003222CA6506224A658A65CA1DF93202250F
:10BFB00013604D664B25ED008D660925CD66524D0B
:10BFC0000D678C674B67AB10CB67504FFF313E60FE
:10BFD0004A4E86627D26F6008667642646620526FE
:10BFE000C66202260663C826466384633820506012
:10BFF000474810644B2080019061B000D061581018
:10C0000010627D2000015062D4669565136653640A
:10C01000D565146753671E2090663E4890673E487A
:10C020005B008131D0670B608B604860FF20F5308A
:10C03000C86008614B20C00010630E65384837495E
:10C04000274A81603749803A11613549364A803143
:10C050008A62364ACA62364A8261364AC262364AC1
:10C0600002632F4A3548403A50633548D06335481B
:10C07000C861354890632A49344840318861354960
:10C080003348886026483449803841603349244A1F
:10C0900041633349C03AD1603349324B204CCB63C2
:10C0A000324B403C2363324B9362324AC263324A82
:10C0B000C260324A4A63324AE260324A8A63324A92
:10C0C0000A6332498163FFF7C7F80120FFF7CAF816
:10C0D000F8BD00009809FF1F6067FF1F4A0AFF1F95
:10C0E0000004FF1F88FFFF1F6E040000FC64FF1F99
:10C0F0003A07000080C3C9019A02000050C3000043
:10C10000280A00006A180000204E0000F009FF1FF6
:10C1100000400011DC05000040420F002944FF1FD1
:10C120000001FF1FC926FF1FDF58FF1FB55BFF1F60
:10C13000D523FF1F6925FF1FF123FF1F7135FF1F47
:10C140006133FF1FE961FF1FD55FFF1FA523FF1F9D
:10C1500039B800110002FF1FBD3DFF1FAD41FF1F99
:10C160001D29FF1F5DB400110000FF1FED4BFF1FD5
:10C17000453FFF1F0547FF1F7D3FFF1F0529FF1F8D
:10C18000113EFF1F55B90011B128FF1F054AFF1FBF
:10C190000A7802708A7842704A88120A8270097995
:10C1A000C170042070470A7802700988090A41703A
:10C1B0000220704710B500220EE093005B189C78B7
:10C1C00004705C88521C240A44701C7984709B881B
:10C1D000D2B21B0AC370001D0B789342EDD818062B
:10C1E000800D10BDF8B50D46064649780120317026
:10C1F0000024761C16E06978012917D012216143CA
:10C2000049198A7832704A88871C120A7270B61CE3
:10C2100010223046091DFEF74DFF1037B8B2103618
:10C22000641CE4B22978A142E5D8F8BDA1004919FF
:10C230008A7832704A88871C120A7270B61C0222F1
:10C240003046091DFEF736FFBF1CB8B2B61CE7E743
:10C2500010B50C46097801702188090A417062887E
:10C26000211D801CFEF726FF6088801C80B210BD57
:10C2700010B50C46097801702188090A4170A1782F
:10C2800081706188090AC170A288A11D001DFEF796
:10C2900011FFA088001D80B210BD10B50C460A88A1
:10C2A000891CFEF707FF208810BD10B50B788A782F
:10C2B00002705343DCB22246401C091DFEF7FAFE11
:10C2C000601C10BD10B50B788A7802705343DCB245
:10C2D0002246401C091DFEF7EDFE601C10BD10B586
:10C2E0000C460A88891CFEF7E5FE208810BD10B5B3
:10C2F0000C460A88891CFEF7DDFE208810BD7FB53C
:10C3000015460446022901D0102903D1022B04D07E
:10C31000102B02D0002004B070BD994202D10A4611
:10C32000294607E01029694607D000F00DF81022D1
:10C3300069462846FEF7D0FEEDE7104600F004F807
:10C34000102269462046F5E770B50C4605000CD072
:10C35000002C0AD0102206492046FEF7ABFE2878B2
:10C36000207368786073012070BD002070BD0000EC
:10C370009C0A011110B50B460122024901F008FD8B
:10C3800010BD000091C1001170B5064608880C462A
:10C39000172812D30B4603220949304601F0F8FC56
:10C3A000050008D1074920880988884200D2014643
:10C3B000304600F0D1F9284670BD022070BD000063
:10C3C000A7C10011D867FF1F10B500231922194615
:10C3D00001F0DEFC10BD000010B50A78002A05D07F
:10C3E0000B460722024901F0D3FC10BD022010BD0C
:10C3F000B5C1001110B54A78012A01D0022A08D12E
:10C400000A78002A05D00B460522034901F0C0FC3A
:10C4100010BD022010BD0000E5C10011024940001E
:10C420008968085A70470000CC67FF1F10B50B469B
:10C430001B22024901F0ACFC10BD000051C20011EA
:10C4400010B50649002089681723054A02E0440018
:10C450000B53401C1478A042F9DB10BDCC67FF1FC2
:10C46000A068FF1F002801D0102801D902207047C2
:10C470000148816000207047CC67FF1F0098022BA5
:10C4800001D0042070471178527812028918018077
:10C49000002070470098012B01D0042070471178CC
:10C4A00001700020704770B5049C1E461546062B8F
:10C4B0001BD369782878090240182080E978A87889
:10C4C00009024018608002222271291D601DFEF7BA
:10C4D000F1FDB61FB2B22281F02A06D82046A91D6E
:10C4E0000A30FEF7E7FD002070BD042070BD009803
:10C4F000042B01D004207047537811781B02C9180F
:10C5000001809178D278120289184180002070470A
:10C51000F8B584890D460646002C26D0B2681778F7
:10C52000380620D50C2C20D90C3CA4B21019009050
:10C5300001217088234601F0C4FB002811D002209D
:10C5400028707806C00F6870B806800EA870641E48
:10C550002004000CA88001D0B068401CA860002016
:10C56000F8BD0120ECE70020EAE70120F8BD10B596
:10C5700002981146042B14D34C780A78240212191D
:10C580000280CC788A782402121942801B1F9AB24A
:10C590008280F22A05D8801D091DFEF78BFD002040
:10C5A00010BD042010BD0098042B01D0042070475A
:10C5B000537811781B02C91801809178D278120241
:10C5C000891841800020704710B502981146062B4B
:10C5D00003D0142B03D0042010BD022200E010224F
:10C5E00002714B780A781B02D2180280CB788A78C5
:10C5F0001B02D21842800279401D091DFEF75AFD28
:10C60000002010BD30B5039CD80718D1D805010E05
:10C61000022914D30B488088814210D8F620015596
:10C62000002008E0557813782D025B194500401C66
:10C630006353C0B2921C8842F4D3002030BD042062
:10C6400030BD0000CC67FF1F0098022B01D00420F2
:10C6500070471178527812028918018000207047C3
:10C6600070B5144602460498022B18D366782578D4
:10C670003602AD1905800546E0352A766976002A2E
:10C680000BD0E8219B1E9AB242808A4207D8A11C97
:10C69000001DFEF70FFD002070BDF421F2E704201D
:10C6A00070BD000010B50B461722024901F070FB67
:10C6B00010BD000071C2001110B50B460D220249D9
:10C6C00001F066FB10BD00009BC2001110B50A7896
:10C6D000002A05D00B461122024901F059FB10BD7A
:10C6E000022010BDABC2001110B50A78002A05D097
:10C6F0000B460922024901F04BFB10BD022010BD80
:10C70000C5C2001110B50B460F22024901F040FBD3
:10C7100010BD0000DFC2001110B50B460B2202490C
:10C7200001F036FB10BD0000EFC20011F72800D960
:10C73000F720084A01461080401EC3179B0F1818A7
:10C740008003000C5080491EC80F4018C003000C25
:10C7500090807047CC67FF1F034A1388994202D824
:10C760009268400011527047CC67FF1F10B500233C
:10C770001322194601F00CFB10BD000070B50C46E9
:10C780000146032000020A1A002534481300FEF770
:10C790005BFC1D1012151C1F2326282C3032343848
:10C7A0003A3C3E40424446484A4E50525A545658EB
:10C7B0005A00C07911E01022294902E028491022CC
:10C7C00010312046FEF776FC45E0C06A206042E06A
:10C7D000224906223C31F4E7007820703BE0808952
:10C7E00036E01E4942784231EBE71D4982781F3915
:10C7F000E7E7007AF1E7407AEFE71849062230319F
:10C80000DFE7807AE9E7C07AE7E7C08920E0808A3D
:10C810001EE0C0781CE0C08A1AE0008B18E0408B54
:10C8200016E0808B14E00D4906223631C9E7C08B33
:10C830000EE0008C0CE0408C0AE08079CDE7008AA5
:10C8400006E0408A04E0272904D2084600F050FAA6
:10C85000208000E00225284670BD0000F865FF1F1B
:10C86000B590FF1F70B50E4C00256071A571691E53
:10C87000E18100F069FB0420E071102200210948E9
:10C88000FEF7C0FC0748102200211030FEF7BAFC6A
:10C89000E562257265720720A072E57270BD000026
:10C8A000F865FF1FB590FF1FFEB53B4D0C46080411
:10C8B0000CD56879FEF7DCFC050004D001F032FFEE
:10C8C0002846FEF7DBFC0120C00360E0600403D5CE
:10C8D000012080034840FEBD2F48E10701268079F2
:10C8E00000292AD02978002920D0052821D0297AAA
:10C8F00068460170697A4170274906223031801CF0
:10C90000FEF7D8FBA97A68460172E97A4172694656
:10C91000687900F005FA002808D00720A871696A34
:10C92000002903D00968002900D0884720467040BC
:10C93000FEBD032069460870E4E7A1070DD5052870
:10C9400009D1E889FEF7A0FCAA8A002A03D00221B7
:10C950006879FEF797FB022019E0600704D50020F4
:10C9600001F020FF042012E0200712D528790128C9
:10C9700002D002280AD107E00096AB8B6A8B298B84
:10C98000E88A00F00BF801E000F05AF90820604056
:10C99000FEBD0020FEBD0000F865FF1FF8B5134C7A
:10C9A000069EA579052D01D01420F8BD104F851FD6
:10C9B000BD4219D2062917D3BD1DA94214D2FF27A3
:10C9C000F537BA4210D20A2B0ED3AB420CD2E0821A
:10C9D00021836283A383304601F0E4FE0421607961
:10C9E000FEF744FB0020F8BD1820F8BDF865FF1FD6
:10C9F0007A0C0000F7B50D4680490098164642189B
:10CA00007F4F00247879B9791300FEF71DFB190ECA
:10CA1000141BE92040455970777E888FE996A2A9BA
:10CA2000B4BFC8E9E9E9E9D3E900102D76D11022B5
:10CA3000314674486FE0102D70D172481022314693
:10CA4000103068E0042D69D13068F862CEE0012D25
:10CA500064D13B7832783A70002B0AD0002A07D193
:10CA6000022903D0062901D0042901D100F016F9CA
:10CA7000BCE0002A0AD0012905D0032903D00529EA
:10CA800001D0042902D10121FEF7F6FAAEE0022D11
:10CA900044D13088B881A9E01F2D3FD858481F22C3
:10CAA00000214230FEF7AEFB55482A46314642305F
:10CAB000FEF700FB524B7D7042332A46012112E003
:10CAC0001F2D7CD84F481F2200211F38FEF79AFBEC
:10CAD0004C482A4631461F38FEF7ECFA494B2A46A5
:10CAE0001F3BBD700021787900F0A4FA83E0012D8E
:10CAF00065D13078042862D8387277E0012D5ED194
:10CB0000307803285BD8787270E0062D57D13C4806
:10CB1000062231463030FEF7CDFA67E04FE0012DB6
:10CB20004DD1307807284AD8B8725FE0012D46D140
:10CB30003078032843D8F87258E0022D3FD132886C
:10CB4000BA82002A52D0052950D10221FEF79AFA62
:10CB50004CE0012D33D13078012830D8F87045E011
:10CB60003088022D2BD1062829D31921C9018842EA
:10CB700025D8F8823AE03088022D20D106281ED32D
:10CB80001921C90188421AD838832FE03088022D34
:10CB900015D1FF21F531884211D2788326E0308803
:10CBA000022D0CD10A280AD31921C901884206D8BE
:10CBB000B8831BE03178012D01D1012901D018245F
:10CBC00014E00821FEF766FB002801D016240DE0D2
:10CBD000002001F0E7FD04217879FEF747FA05E02F
:10CBE0000098272801D2022D02D002242046FEBD43
:10CBF000318800F0CFF90446F8E70000FFFCFFFFA2
:10CC0000F865FF1FB590FF1F1CB50B4CA1790029DB
:10CC100001D011201CBD002800D0606206490748E1
:10CC20002C31034601910090103B0022E17960799C
:10CC300000F016F800201CBDF865FF1FC590FF1F0F
:10CC400010B506488179052901D0122010BDC1898F
:10CC50001322407900F0AEF910BD0000F865FF1F07
:10CC6000F8B51D460224069F079E0B00FEF7ECF95F
:10CC70000D130813130813131313131313081300BE
:10CC800000F0B2F8040006D132463946284600F0DA
:10CC900061F900F0C5F82046F8BD000070B5104CF1
:10CCA0002168002904D00978814203D0032070BD97
:10CCB000122070BD0B4D02212878FEF7D7F90A48E3
:10CCC0000026468004212878FEF7D0F90748068020
:10CCD0002168032048700020FEF7E2FA70BD0000D2
:10CCE000C468FF1F6568FF1F4868FF1FE067FF1FDC
:10CCF000272803D202494000085A7047014870476C
:10CD0000E867FF1FFFFF000010B5044C6070FEF7DE
:10CD1000CDFA0521607800F0D5FE10BD6468FF1FD4
:10CD200070B5284E054630680C46002801D0112009
:10CD300070BD254801780520014216D0234880683F
:10CD4000002805D00078002802D0C80706D101E0ED
:10CD5000102070BD00F044F8002808D02078032887
:10CD600005D0022803D0002801D0122070BD0C206D
:10CD7000FEF7A2FA3060002820D005700021417033
:10CD80000A222146801CFEF795F901F09FFD040060
:10CD900002D001F0CBF812E00D48007803280ED144
:10CDA0001D20FFF7A5FF0B490028088007D00B487E
:10CDB000094A04210078FEF785FA00E01324204692
:10CDC00070BD0000C468FF1FDD67FF1F4868FF1FBC
:10CDD000DE67FF1FE067FF1F60EA00006568FF1F56
:10CDE00010B503F089FC10BD70B50C4605461C2239
:10CDF00000210948FEF706FA084805704470FEF75E
:10CE000067FA0549002803D000200870122070BD81
:10CE100001220A7070BD00005899FF1FDC67FF1FD8
:10CE200070B50F4C0025A068002802D0FEF756FA16
:10CE3000A560E068002802D0FEF750FAE5600948D6
:10CE400005210078084206D00548103001F066FB45
:10CE500001F00EF870BD002001F060FB002070BDF5
:10CE60004868FF1FDD67FF1FFEB5344D0C46080400
:10CE700019D56878FEF7FCF90121C9034C40064634
:10CE800000280ED001F06AFA002807D12878FF2880
:10CE900004D03146FEF728FA002802D03046FEF7CB
:10CEA000EDF92046FEBDE007012700280AD0A8685A
:10CEB000002804D04168002901D00020884720467E
:10CEC0007840FEBDA00709D56868002804D04168F5
:10CED000002901D00120884702202AE060072AD5D6
:10CEE000174E308800281FD0401E0004000C3080F0
:10CEF0001ED101F07DF8002809D01248077068683B
:10CF0000002804D04168002901D00120884701F0A1
:10CF100049F8694600F066FE684601F009FA1D20EE
:10CF2000FFF7E6FE308003E004216878FEF79EF804
:10CF300004206040FEBD0020FEBD00006468FF1FAD
:10CF4000E067FF1FDF67FF1F01490870704700009F
:10CF50006468FF1F70B50E4C0B46261D07C60546BC
:10CF6000102200211846FEF7C5F9012803D110212F
:10CF7000A06803F07FFC102200212846FEF7BAF9D2
:10CF8000012803D11021606803F074FC70BD00001B
:10CF90005899FF1F272807D2044A914204D0044A17
:10CFA000400011520020704702207047FFFF000030
:10CFB000E867FF1FF8B50D4617461D4906461B4A90
:10CFC00012248868954208D100282DD00268002AD2
:10CFD0002AD029463046904723E0144A521C9542F5
:10CFE00013D1002807D00268002A04D02946304611
:10CFF0009047040005D03946304600F013FF040086
:10D0000012D10B48067047700EE0284603F004FB6F
:10D01000002809D00078B04205D139462846FEF7ED
:10D020006FF9044600E003242046F8BDFEFF00002F
:10D030003868FF1FF8B50E460146194815460078B6
:10D0400005221F46104028D0304326D01548012E17
:10D050001BD0C468002C20D01F2D18D8002D01D063
:10D06000002F14D001701F220021601CFEF7CAF8A7
:10D070002A463946601CFEF71DF828462570002E0A
:10D0800007D0611CFEF742F9F8BD8468E2E7022090
:10D09000F8BD611CFEF740F9F8BD1220F8BD000094
:10D0A000DD67FF1F4868FF1F014610B50020C90754
:10D0B00004D0034A0421034800F0A6F910BD000083
:10D0C0007C0A01113065FF1F70B50F4D0F4CA87021
:10D0D00029461831204600F01DF8002128460B464D
:10D0E0001030CA0084521218491C09065360090EF8
:10D0F000F7D0012002F002FBA87800F025FB0448DD
:10D1000003F010FB70BD00001065FF1FFFFF000063
:10D1100005EF001170B50A4C0025A04209D100208E
:10D1200082008C525218401CC0B295700228F7D36E
:10D1300070BD01F0B6FE0028FAD00480857070BD85
:10D14000FFFF0000F8B50E46074606990024079831
:10D15000002902D00B242046F8BD022B01D00D245B
:10D16000F9E711785278120289188DB22946814365
:10D1700001D08024EFE73846F16800F03DF9A8427D
:10D18000E9D02A463846F16800F0A8F90400E2D157
:10D1900071892A46384600F065F9DCE770B50C461F
:10D1A000080412D50A488078FEF762F8050008D016
:10D1B0002878B02802D1284601F090FF2846FEF7D3
:10D1C0005DF80120C003604070BD002070BD00000C
:10D1D0001065FF1FFFB587B0087A0025109E1C461A
:10D1E0000F46C0060DD5099801F054FE030006D085
:10D1F0000A22394607989847050035D101E00E25E7
:10D2000032E0387802281DD17868292201784078E8
:10D2100012020002081880B2811A90427ED009DC06
:10D220007249401A23D0012821D0022851D0032866
:10D2300008D125E0012972D0022971D003296DD0CF
:10D2400004296ED0099801F04DFE0028D7D005685A
:10D25000002DD4D0129911980191009033462246A6
:10D2600039460798A847054628460BB0F0BD1198E7
:10D27000002873D1F868017831800278416897E01E
:10D28000119800286AD101203080F86800210078C8
:10D2900020707889401C80B200F04EF900280FD031
:10D2A000318802788918891C3180817A61704189BE
:10D2B000090AA17002784168E01CFDF7FBFED3E784
:10D2C00030880422001D30800021601CFDF79AFF89
:10D2D000CAE71198002872D1F86804A90088009064
:10D2E00004203080009820700098000A6070009838
:10D2F00000F022F9070028D0F86805906846028AF5
:10D3000003AB3B49384600F06FF900280FD13B785A
:10D31000022138487A68FEF7F2FF03E027E031E0A7
:10D320001DE049E0002802D1401E69468881059829
:10D33000007802280CD1059802224168201DFDF7D3
:10D34000B9FE3088801C308002E0694600988881F0
:10D3500068468089A070000AE07085E72FE0119888
:10D3600000282CD1F968079800F046F804E01198DD
:10D37000002824D1F8680088022131802070000A3A
:10D38000607071E7F868FDF7CDFF1199C0B2814276
:10D3900010D8814201D1002206E0129A89188142F8
:10D3A00002D31199401AC2B23280F9681198091853
:10D3B000204682E7072557E71198002801D00B2562
:10D3C00052E70721F8683180017821704178617057
:10D3D0008178A1704188090AE17001792171817910
:10D3E0006171C088000AA0713EE7000000280000BB
:10D3F000FFFF0000120B011110B501F052FD0028D3
:10D4000000D0807810BD00007CB51446050019D00E
:10D4100068460195018000F09DF903001DD1002CA4
:10D420001BD06D89002D0DD00C20FDF745FF002885
:10D430000AD0002303608580094A8460916800292E
:10D4400004D006E0022308E0132306E0906004E025
:10D4500011460A68002AFBD1086018467CBD00000E
:10D460001065FF1FF8B50C4C0746207815460E4690
:10D47000FF280FD00A20FDF75BFF01000AD0B12082
:10D4800008700020487008714F80CE800D81207890
:10D49000FDF72AFFF8BD00001065FF1FFFB583B040
:10D4A00008461F4601A90C9E00F046F8050012D060
:10D4B0006846808801F016FD00280AD04468002CD8
:10D4C00007D000963B462946059A0398A04707B027
:10D4D000F0BD0E20FBE70120F9E7000070B514460F
:10D4E0000E46054601F0DDFC002806D13146054810
:10D4F00001F0D7FC002803D005808470002070BDA7
:10D50000112070BDFFFF000010B50178B0290BD1CC
:10D510004178002908D10179122906D01B2903D1AD
:10D520004088012100F04AFA10BDFF210231095C58
:10D530000129F5D010BD0000F0B58C4610494B68AC
:10D5400019E09F687C89A04214D39E8831198142DA
:10D5500010D900220CE011017D186989814205D1A2
:10D560006046002800D004802846F0BD521C92B2CC
:10D570009642F0D81B68002BE3D10020F0BD0000DC
:10D580007868FF1FFFB5174881B00A9F446824E000
:10D5900000251EE0A068290146187089019988427B
:10D5A00015D30299884212D80498002807D0317800
:10D5B0007068049B039AFEF7A2FE002807D0002F94
:10D5C00002D0A06840893880304605B0F0BD6D1C9F
:10D5D000ADB2A088A842DDD82468002CD8D10020A4
:10D5E000F3E700007868FF1FFEB5174600256A467E
:10D5F0009580044640891D4A1E46904208D001AAE3
:10D600000092401C237880B26268FFF7BBFF05469A
:10D610002378022116486268FEF771FE002807D1C0
:10D620002378022113486268FEF769FE002801D0C2
:10D6300060890EE0237802210F486268FEF75FFEE2
:10D6400000280DD0002D03D068468088B84203D052
:10D65000384602F05DF904E06889401E80B200E0BF
:10D660006089002E00D030802846FEBDFFFF0000FC
:10D67000100B0111120B0111160B011110B5054908
:10D680000870042100F01EFA00F006F8FEF7D8FE3C
:10D6900010BD00008468FF1FF8B50F4D0D4B002032
:10D6A0006E1C1C78FF2209E09F688100C9190028C0
:10D6B0000ED00E80CA70401C8A70C0B2A042F3D354
:10D6C000064801F0D9FB064803F02CF80020F8BD0D
:10D6D0000D80EFE77868FF1FFEFF000029F80011BA
:10D6E000A9F70011F8B50D4614460646694601F043
:10D6F0001FFA17280CD0002C06D00122102130462A
:10D7000002F064FF002803D129463046FEF78EFE62
:10D71000F8BD000070B50C46080411D50948007822
:10D72000FDF7A6FD050007D00178A02901D101F081
:10D7300047FB2846FDF7A2FD0120C003604070BDF5
:10D74000002070BD8468FF1F0149487070470000C9
:10D750007868FF1F70B50546008800281DD06868EE
:10D760000221037842682248FEF7C9FD002808D14B
:10D7700068680221037842681E48FEF7C0FD002851
:10D780000BD01D4C6088002805D001222988120486
:10D79000101A814203D9012070BD022070BD0C20F7
:10D7A000FDF78AFD060001D000200BE0132070BDBC
:10D7B00001016B6862880A315A526188491C401C19
:10D7C000618080B229888142F2D80020306008222E
:10D7D0002946301DFDF76EFC6068002802D16660A6
:10D7E00004E0084601680029FBD10660002070BDF6
:10D7F000100B0111120B01117868FF1F06494968CF
:10D8000006E08A685289824201D188887047096897
:10D810000029F6D1002070477868FF1F10B50C462C
:10D820000321FDF78BFD214600F0B0F910BD10B5C6
:10D830001422114201D0012202E04A0604D500223E
:10D84000102102F0C3FE10BDC80701D0002010BD9A
:10D85000022010BD10B514468A0604D501221021FD
:10D8600002F0B4FE10BD882211420ED008220A40F8
:10D87000102102F0ABFE00280BD0E034617E0029BD
:10D88000F0D0217E0129EDD103E0880701D40320E7
:10D8900010BD002010BD0000014610B50020C907D2
:10D8A00004D0034A07210348FFF7AEFD10BD000076
:10D8B000900A01118465FF1F70B50D4616460024BD
:10D8C0001D490300FDF7C0FB08051234341934224A
:10D8D0002934152D23D8162200211848FDF792FC73
:10D8E0002A4631461548FDF7E5FB22E0022D16D108
:10D8F00011491088103908801BE0082D0FD10E48FF
:10D90000082231460838FDF71FFD12E0012D06D12F
:10D91000CA6909493078283107E0012D01D018245F
:10D9200007E0CA6B04493078483102F0B8F800E0EB
:10D930000224204670BD00008465FF1F8090FF1FF9
:10D940000B7803700B8802221B0A43700B88801C23
:10D95000012B02D0022B07D011E08A78027049888F
:10D96000090A417004220AE08A7802704A88120A81
:10D9700042700A7982708988090AC17006221046AD
:10D980007047000008B5044B009313460A46012176
:10D9900002F05AFD08BD000041D900111CB5032357
:10D9A000019200930A46024B122102F07DFD1CBD3C
:10D9B00021FD001110B5FDF7CDFC10BD13B50448D5
:10D9C0000078012803D101AA6946FDF7C9FC1CBDF6
:10D9D0009068FF1F70B51049104A087000210B466F
:10D9E0008C00491CC9B213530429F9D30B4C0021F4
:10D9F0001034FF260A460A256A4315196B80491C14
:10DA0000A354C9B26E720329F4D3FDF7AFFC02F040
:10DA1000D1FC02F037FE70BD9168FF1F7499FF1FA3
:10DA2000082A01D0012070474B780A781B02D218CF
:10DA30000280CB788A781B02D21842804B790A790F
:10DA40001B02D21882808A79C97909025118C180D3
:10DA50000020704770B50C46080411D509480078BD
:10DA6000FDF706FC050007D00178902901D102F0EE
:10DA700003FC2846FDF702FC0120C003604070BD96
:10DA8000002070BD9168FF1F70B50C49097888426D
:10DA900013D20B4C06016068002585533018858130
:10DAA000606830188580606830188068002804D06D
:10DAB000FDF762FC60683018856070BDA068FF1FCC
:10DAC0009468FF1F072907D0052905D0042903D032
:10DAD000062901D002207047044A8B009A18134689
:10DAE000403B1986203A9074002070477499FF1FBC
:10DAF00070B517490978884228D25C21154C4843F3
:10DB0000A16805464018002640300674A068281811
:10DB100040304674A068281840300676A06828185F
:10DB2000406D002804D0FDF727FCA0682818466542
:10DB30000026A068F100281840184068002801D08D
:10DB4000FDF71AFC761CF6B20A2EF2D370BD000067
:10DB5000A068FF1F9468FF1F70B50A880C46054631
:10DB6000072A07D0052A05D0042A03D0062A01D0A7
:10DB7000022070BD012102F007FE002804D02146DA
:10DB8000284602F0E3F870BD142070BD1CB50446B1
:10DB90000D480129017003D00020FDF7F3FB1CBDE7
:10DBA00069460020FDF7F6FC684681882046FDF7AF
:10DBB000C5FB04460120FDF7E5FB0023224619467C
:10DBC0001846FDF7E5FB1CBD9068FF1F10B5001D52
:10DBD00080B2FDF7E3FB002803D00321C943FDF722
:10DBE000E3FB10BD38B50C46050014D0002C12D054
:10DBF0000321684602F03EFE69468878402180068F
:10DC0000800E0843694688702246284602F004FFC9
:10DC1000050002D006E0022038BD03226946E01C60
:10DC2000FDF748FA284638BDF7B58EB00E98154670
:10DC30000E4600282DD0002D2BD0301DC0B20190F3
:10DC4000FDF73AFB040039D000F0B8F90746324638
:10DC5000201D0E99FDF7AEFBF8B20890E070380475
:10DC6000000E0B90A0703802000E0A9060703F0EFC
:10DC7000277000F09DF90146102202A8FDF79AFBDB
:10DC800006AB214602A8019A02F01CFE060003D052
:10DC900010E0022011B0F0BD089828700B98687051
:10DCA0000A98A870EF70082206A9281DFDF782FBCC
:10DCB00000F08AF92046FDF711FB00E013263046FC
:10DCC000E8E7FFB58DB00F98169C0E46002815D0DA
:10DCD000002C13D00D9802F09FFC050011D0617844
:10DCE000207809024018A178E27809041206891800
:10DCF0004718286AB84206D3401C04D0022011B04D
:10DD0000F0BD1420FBE7002E04D02879800701D451
:10DD10000120F4E70822002106A8FDF773FA109805
:10DD2000001DC0B20190FDF7C7FA060017D0301DE4
:10DD3000109A0F99FDF73EFB042221463046FDF76D
:10DD400039FB1022A91802A8FDF734FB06AB3146B7
:10DD500002A8019A02F0B6FD050002D013E01320DC
:10DD6000CDE7082206A908A8FDF724FB0822211DFB
:10DD700008A8FDF7B1F9012801D0012503E03946D3
:10DD80000D9800F0FDFD3046FDF7A8FA2846B6E7ED
:10DD9000FFB583B016460F461B2A01D0522E04D180
:10DDA0000398FDF70DFB00281BD01D4903988968D7
:10DDB0004000085AFFF70AFF04002DD00125601C1F
:10DDC0002670002F03D00699B847401C85B2300654
:10DDD00013D51021039802F0D7FC002804D019268F
:10DDE00016E0132007B0F0BD6219E9B22046FFF734
:10DDF0001BFF06000CD10C35ADB204216846018032
:10DE00000194058169460398FFF7A6FE060004D039
:10DE10002046FDF7B1FA00E013263046E2E70000A5
:10DE2000CC67FF1F10B50C4602F00EFC002804D092
:10DE300040882146FDF764FA10BD122010BD002273
:10DE4000002913D0002811D0012806D04A79920663
:10DE5000920E4A71032805D007E04879C02210438A
:10DE6000487102E0402002434A7101221046704787
:10DE700070B5124800250078052108421BD02020EB
:10DE8000FDF71AFA0E4C0028A06013D020220021C2
:10DE9000FDF7B8F92020FDF70FFAE060002804D064
:10DEA00020220021FDF7AEF905E0A068FDF716FA83
:10DEB0000020A0601325284670BD0000DD67FF1F0D
:10DEC0004868FF1F002909D0012807D1497989092D
:10DED0008901C02902D0402901D0022070470320C7
:10DEE0007047FFB500200E4608701AE01C5C401C0D
:10DEF000C5B2002C17D02819904214D85F5D6D1C54
:10DF0000EDB2384600F065FD002806D0641EE0B290
:10DF1000307000998F4202D1581904B0F0BD4019F9
:10DF2000C0B29042E2D30020F7E7000010B5044CE5
:10DF30002068002803D0FDF7D1F90020206010BD33
:10DF4000C468FF1F70B5104D8400E86800590028B0
:10DF500019D0006A002801D0FDF7C0F9E86800591F
:10DF6000406A002801D0FDF7B9F9E8680059806AD5
:10DF7000002801D0FDF7B2F9E8680059FDF7AEF9C5
:10DF8000E9680020085170BD3868FF1F10B5044CC7
:10DF90006068002803D0FDF7A1F90020606010BD83
:10DFA0003868FF1F01484068704700005899FF1FFC
:10DFB00001488068704700005899FF1F0148C068F9
:10DFC000006870475899FF1F10B50748C06801687E
:10DFD000491C016005480078FF2803D0012189030E
:10DFE000FDF74AF810BD00005899FF1FDC67FF1FBE
:10DFF00002484068002800D001207047C068FF1F19
:10E0000010B581881F4B0124CA1A994237D011DC00
:10E010001D4BCA1A994219D007DC1C4A8A1810D025
:10E02000022A1ED0032A29D11BE0472A27D0482ADA
:10E0300024D124E01300FDF707F806212222222232
:10E0400022218068007800F085FC08E080688278F2
:10E0500041781202891889B2007800F0DBFC04468E
:10E060000DE0094A921E914201D1012200E00022F6
:10E0700080680178104600F0B5FC00E000242046DE
:10E0800010BD0000532000000A200000FADFFFFF4F
:10E0900070B51A4D1A4A0146002628781268194CA4
:10E0A00001290CD0002A09D017490978490705D55C
:10E0B0000221FCF7DBFF6680FFF738FF70BD618847
:10E0C000002903D0114B1B78002B05D0002AF5D076
:10E0D0001078FEF7E3FD70BD3C2902D33C39618026
:10E0E00070BD0221FCF7C2FF62887D20C000424360
:10E0F00002212878FCF7C6FF668070BD6568FF1FA7
:10E10000C468FF1F4868FF1FDD67FF1FDF67FF1F31
:10E1100008B5418900910389C2888188C07800F0E0
:10E1200093FB08BDF0B504468088A12189004843CF
:10E13000304987B009684018FF30FF300230A179BC
:10E140004167002C54D02C4D6868002823D00678F5
:10E150002A480068002804D04168002901D0002026
:10E1600088472146E07908310591FFF7ABFEE07161
:10E170000246277D638A218AE089019002A88AC02D
:10E18000A0880090E0783146059B02F025FBE078FE
:10E19000002802D00DE01A48D9E7E079E2896B4601
:10E1A000059907C3A379A1880122304602F0E2F95C
:10E1B000E0706868002811D0FFF7E8FE2878002892
:10E1C0000CD06978FFF72EFE002807D0E078A288EF
:10E1D0000346297802F02DFB00202870A088172123
:10E1E000FEF7BAFAA088FFF74FFCA088FFF780FC83
:10E1F00007B0F0BD3409FF1F3868FF1F6868FF1FB4
:10E20000DC67FF1F70B504460025808802F004FA21
:10E21000002803D00578A08802F09AFA134E3078CF
:10E22000002808D0854206D17178FFF7FBFD002851
:10E2300009D000203070002D05D0A379A288A078E5
:10E24000294602F0F6FAA088F268810051580029A8
:10E2500001D0FFF777FEA0881721FEF77DFAA0888E
:10E26000FFF712FCA088FFF743FC70BD3868FF1F62
:10E2700070B58288294D0124531B2949AA4242D0F6
:10E2800019DC284D531BAA4218D00BDC264BD218A0
:10E2900026D0254B1033D2181ED0032A17D0042ABB
:10E2A00039D10BE0012B09D0022B07D0032B21D051
:10E2B000042B30D11AE0433B072B2CD849680029A6
:10E2C0002AD00968002927D08847044624E08068BE
:10E2D000007800F0ADF81FE0806800F001F9F4E785
:10E2E0008068411C007800F0D9F8EEE783681B785D
:10E2F000002B11D0896800290ED00B6808E0014678
:10E3000010469847E1E709490968002904D04B689D
:10E31000002BF4D100E00024204670BD0E20000048
:10E320006468FF1F08200000F7EFFFFF4068FF1F31
:10E3300010B5094CA17800290CD001460622A01D79
:10E34000FCF7B8FEA11DA078FFF779FDA01DFDF731
:10E3500073F810BD002010BDDC67FF1F1CB52F49EE
:10E36000037801240A68912B02D0A22B2ED13EE023
:10E370004178052909D00E2904D00F2908D03E295B
:10E3800024D115E0FFF774FF10E0FFF73BFF3AE000
:10E3900001468088224B0124C31801D0062B15D1D9
:10E3A000002A30D05268002A2DD0904704462AE037
:10E3B00081780124032917D004DC012911D0022916
:10E3C00004D105E015291ED016291CD000241AE01E
:10E3D00014498968002916D04968002913D0884754
:10E3E00011E0FFF79FFE0EE0FFF792FE0BE00E49F3
:10E3F0000978042909D0002A05D05268002A02D0E1
:10E4000001460A48904720461CBD00216A461180FB
:10E4100001794088FFF7B6FAF5E700004068FF1F72
:10E42000F3DFFFFF6468FF1FDD67FF1FFFFF0000D2
:10E43000F8B5164F0646BD1F2878FF2814D00A20CD
:10E44000FCF776FF04000FD0D02020706670082003
:10E45000A070A878E07006223946201DFCF72AFE3D
:10E4600021462878FCF740FFE87801280DD10848BC
:10E470000068002803D08068002800D08047064844
:10E48000044A04210078FCF71DFFF8BDE267FF1F76
:10E490006868FF1F60EA00006568FF1F70B5002410
:10E4A0000546002805D1002903D006220B48FCF7B9
:10E4B00001FE0A4810380178012907D10124002DF6
:10E4C00006D000210170284600F09AF9204670BD60
:10E4D00002210170FCF77AFFF8E700006899FF1F3E
:10E4E00010B50024002813D002780B49002A03D16C
:10E4F0004288CA8202790A760A78022A08D102780A
:10E500000124002A06D000220A70007800F078F971
:10E51000204610BD0322F7E75899FF1F01494860C4
:10E52000704700006468FF1FF8B57C4C877801468F
:10E53000002507266079A2793B00FCF785FD0805D8
:10E54000381C3939619CD238487800285ED173482C
:10E5500006223C30C91CFCF7ADFD0120A071627899
:10E56000002A07D06D4B012142336079FEF762FD2E
:10E5700000284BD1ABE00F464978002946D1F97805
:10E58000002906D0664BA2780021FEF753FD787073
:10E590000AE0022A0BD00121FCF77CFE002803D1FF
:10E5A00001216079FCF768FD787800282ED1F8BD4C
:10E5B000497800292AD1032F09D0A289002A0CD03A
:10E5C000217800290AD00121FCF75CFD06E0052A2C
:10E5D00001D0022012E0062010E02570A079062864
:10E5E00002D0042802D008E0052007E001202070B6
:10E5F00001466079FCF740FD69E00320A07166E008
:10E6000048780F46002803D0312832D0A6715EE04A
:10E6100042480622391D3630FCF74CFD7889E081EE
:10E62000B8892082F88960820520A071A28A002A18
:10E6300003D002216079FCF725FDB889E083F889D1
:10E640002084388A6084E07801280AD11F20FEF7F0
:10E650004FFB7D21C9004843024604216079FCF745
:10E6600011FD7A89F8780423391DFCF7B5FE257071
:10E670002DE02570C1E729480E46062200213630DC
:10E68000FCF7C0FDE5832584658404216079FCF7EF
:10E69000EDFC08216079FCF7E9FCB07908280BD083
:10E6A0000320A071607800280ED02078002805D0C3
:10E6B0006079FEF7F3FA07E00420F2E7012020700A
:10E6C00001466079FCF7D8FC0020C043E081606A15
:10E6D000002800D16BE701680029FBD0A0798847AA
:10E6E000F8BD0D460821FCF7C1FC687829460028D2
:10E6F000F6D1E888E0832889208448896084042151
:10E700006079FCF7C7FD0028EAD1A06A0028E7D0AD
:10E710000368628C218CE08B9847F8BDF865FF1F79
:10E720009690FF1F10B501781C4C912906D0A229A4
:10E730001BD0D02901D1FFF7F7FE10BD41780E297B
:10E74000FBD18188164A9142F7D18168032008568F
:10E75000A1790529F1D17F28EFD0616A0029ECD099
:10E7600049680029E9D0884710BD41791329FBD1B8
:10E770000089012802D12079022808D00520FEF75F
:10E78000B7FA024608216079FCF77CFC10BD08212D
:10E790006079FCF76BFCFEF753FA10BDF865FF1FBC
:10E7A000051400007CB5154C0546E08BE18A8842D3
:10E7B0000AD3218B884207D8208C618B884203D1F1
:10E7C000608CA18B884217D00520FEF791FA06468F
:10E7D000E18A68460180218B4180618B8180A18B19
:10E7E000C18062796946E089FFF7D8F82571324621
:10E7F00008216079FCF746FC7CBD0000F865FF1F2E
:10E8000070B50F4D06462878FF2818D00E20FCF76B
:10E810008FFD040013D0D020207066700020A070FF
:10E8200006220849E01CFCF745FC06481038C18A5E
:10E830006181007E207321462878FCF755FD70BD6C
:10E84000DC67FF1F6899FF1FFFB581B01E461746A2
:10E850000D460C20FCF76CFD040013D0284601F097
:10E86000DBFE002810D00078D02121700199617062
:10E870000721A170A580E78026810A996181214640
:10E88000FCF732FD05B0F0BD0048ECE7DC67FF1F88
:10E8900070B50D4D044628680E46002812D006209B
:10E8A000FCF746FD010009D0D02008704C70032011
:10E8B00088708E8028680078FCF716FD002C01D047
:10E8C000FFF734FB70BD0000C468FF1FF0B51F4D9B
:10E8D00085B02868002837D08778FEF781FA0028AD
:10E8E00005D00A20FEF704FA04900B200EE001F098
:10E8F000E5F9002805D00620FEF7FAF90490072074
:10E9000004E00820FEF7F4F904900920FEF7F0F97E
:10E9100004460F480078002814D001262968C878DA
:10E92000091DFFF78CFA29686D46CA7A8B7A091D92
:10E930000BC5039233463A4621460498FCF752FD34
:10E9400005B0F0BD0026E9E70120F9E7C468FF1F24
:10E95000DE67FF1F10B50949096800290CD000289F
:10E9600005D101204870FCF79BFC002802D0002153
:10E97000FFF78EFF012010BD002010BDC468FF1FEF
:10E98000F8B50C4601F048FE020021D026201462A2
:10E99000FEF7AEF905062D0E00D115789679D01D3B
:10E9A00000901020176AFCF7C3FC040010D0D020A0
:10E9B0002070002060700920A070E6700622201DE3
:10E9C0000099FCF777FB21462846E760FCF78CFCB2
:10E9D000F8BD411E152903D9FF2801D0002070473A
:10E9E0000120704770B50A4E054630780C46FF2866
:10E9F0000DD00420FCF79CFC010008D0D02008704A
:10EA00004C7002208870CD703078FCF76DFC70BDC2
:10EA10004868FF1FF3B5284D81B0286800284AD008
:10EA20004078264E012803D03078002831D041E0CC
:10EA300001F044F9224F002813D00120FEF758F9C5
:10EA40000446412808D91F4A02213878FCF73AFCCD
:10EA50001D483C3C44800EE07D20C00022464243DD
:10EA600003E00020FEF744F90246002A03D0022109
:10EA70003878FCF707FB29680220487030780028B6
:10EA800002D00020307015E002990198FFF700FFD6
:10EA900010E00320019CFCF74BFC010008D0D020C3
:10EAA00008704C700420887028680078FCF71CFC03
:10EAB000FFF73CFA0120FEBDC468FF1FDF67FF1FA0
:10EAC0006568FF1F60EA00004868FF1F002903D047
:10EAD000054AD160002103E002207047491CC9B2F9
:10EAE0008142FBD3002070473868FF1F002904D003
:10EAF000034A1070002051607047022070470000E8
:10EB00007068FF1F30B5094A0021137809E0956845
:10EB10008C002C5B844202D18800401930BD491C16
:10EB2000C9B29942F3D3002030BD00007868FF1FBE
:10EB300010B50C46FFF7E6FF00280DD0002C00D0E2
:10EB400020608078FE2803D0FF2803D0162010BD57
:10EB5000172010BD002010BD022010BDFFB581B0F0
:10EB6000FF201E46174605300A9DFCF7E1FB040016
:10EB70001BD0B02020706770029860802671002D35
:10EB800006D02046FC2229460830FCF793FA05E01F
:10EB90002046FC2200210830FCF734FB2146019876
:10EBA000FCF7A2FB002005B0F0BD1320FBE700003E
:10EBB0000548172202800988172901D204207047CE
:10EBC0000180002070470000D867FF1F00207047B9
:10EBD00008B50A460888498888420BD8002809D019
:10EBE000002300931379521DFEF7CCFC002803D0BC
:10EBF000002008BD012008BD0A2008BDF3B50D4660
:10EC000008884988002687B0814215D3002813D090
:10EC1000002769460F710097002369881A46FEF79E
:10EC2000B1FC04004FD068460079002807D069463F
:10EC30004979012925D008E0012009B0F0BD2178EB
:10EC400002291BD002216A4651711222504301AAA7
:10EC500061898018418068460079122358438018E2
:10EC60001022001D6168FCF725FA68460079401CF7
:10EC70000106090E684601711FD11AE001216A469A
:10EC80005171217802291ED1820001A861891218D0
:10EC900051806A4612796168920010180222001DA4
:10ECA000FCF708FA6A461079401CC0B210710528BA
:10ECB00003D261890A48814200D101266089401C43
:10ECC00080B2002EA7D068460079002805D001A99F
:10ECD0000798FDF78FFB0020AFE70A20ADE70000A3
:10ECE000FFFF000038B50C4608884988884215D8CF
:10ECF000002813D02379621D02210B48FDF7FFFA8B
:10ED000000280DD000200090237961882088621DA2
:10ED1000FEF738FC002805D0002038BD012038BDA2
:10ED2000102038BD0A2038BD100B011108B50A4665
:10ED30000888498888420BD8002809D0002300930E
:10ED40001379521DFEF71EFC002803D0002008BDD9
:10ED5000012008BD0A2008BDF8B500250F4606466B
:10ED60000C46E03717E06800205A0021FEF7E4FB6C
:10ED7000002809D0017A3046FEF759FD002808D056
:10ED80006900615A2180F8BD6800205A2080012066
:10ED9000F8BD6D1CEDB2B87DA842E4D80020F8BDE6
:10EDA00010B5044608880021FEF7C6FB002804D0F1
:10EDB000017A2046FEF73BFD10BD012010BD00008A
:10EDC00030B585B005466946FDF7A2FB040026D1A3
:10EDD00068468078C1071E4809D08268002A04D09E
:10EDE000688869469047044619E0062417E042689F
:10EDF000002A05D0688869469047040001D10EE0DA
:10EE0000062468464078002809D168468178017355
:10EE10000021C1810474688803A9FDF7ABFAA868D2
:10EE2000002801D0FCF7A8FA002C05D168468078AC
:10EE3000122807D01B2803D068880121FEF7BEFDE9
:10EE400005B030BD684640780128F5D1F8E70000EC
:10EE50008468FF1F70B505460C4608880021FEF740
:10EE60006BFB002805D0017A22462846FEF7F2FC0B
:10EE700070BD012070BD000001494860704700006E
:10EE80008468FF1F10B50446801C00F04DFDFF2074
:10EE9000E07010BD10B500F025F8002800D08068A3
:10EEA00010BD00229300CB5A834202D1900040183B
:10EEB0007047521CD2B2022AF4D3002070470000DF
:10EEC000074A0021CB00D35A834202D1C8008018E0
:10EED0007047491C0906090EF4D000207047000055
:10EEE0002065FF1F0649896805E08A88824201D1B2
:10EEF0008868704709680029F7D100207047000032
:10EF00001065FF1FF8B50746012906D0022924D154
:10EF1000012101F039FC00281FD13846FFF7D0FF4E
:10EF2000050015D000240D4E0CE0F8206968604300
:10EF300008180188002908D0F8220021FCF762F99E
:10EF4000641CE4B270788442EFD30020C043288070
:10EF5000024938461831FEF7DDF8F8BD1065FF1F8D
:10EF6000F3B5064683B00830019000200090708809
:10EF7000FFF7A6FF07002FD0002523E0F8207968CF
:10EF800068430C182188002920D0019800780128B6
:10EF90000FD160880090A3887088A21DFEF77EFACA
:10EFA0000090002805D0019900200870049821885D
:10EFB0000180F82200212046FCF724F900206D1C76
:10EFC0002080EDB2074840788542D7D30020C04367
:10EFD00038800098002802D17088FDF7F5F9009874
:10EFE00005B0F0BD1065FF1FF3B50546374C06466A
:10EFF00085B00835F62200212046FCF703F903A866
:10F0000000902B79698828886A1DFEF7BBFA0746AD
:10F0100046E02F4A708812684100515C0022C91FE7
:10F02000CBB22C49029300910192284B69468A8900
:10F03000F63B3946FEF7CEF8002812D1254829893B
:10F04000001F828891420CD120492846F6390A30A7
:10F05000FCF742F8002804D0217878898900091942
:10F06000488068468289698804AB3846FEF7BCFA56
:10F0700007462078810009194A88002A10D0002FFD
:10F0800005D06A46128A401C20708A800AE0010678
:10F090000022890DD2430919401C20708A8006E0A5
:10F0A000002F04D00C48217800888142B1D3207809
:10F0B000002806D070882146FDF78EF9002007B0A1
:10F0C000F0BD0698298801800A20F8E7868FFF1F87
:10F0D000D467FF1F1465FF1FCE67FF1FF0B585B013
:10F0E000044600206946888120790E286BD00FDC09
:10F0F000082823D004DC022813D0062818D118E0F1
:10F1000025460835494F0A281DD00C2810D139E072
:10F1100010285DD0122860D0162863D0182879D125
:10F1200065E044484249008808806088FDF72CF972
:10F1300070E003A92046FFF757FF5CE003A92046D3
:10F1400000F080F957E0288804A9FEF7F5F90100DE
:10F1500016D060883B6842009A5C354E521ED2B28F
:10F1600000230193029200966A46B31C128AFEF7AE
:10F1700031F800281ED160883146FDF7CDFA49E00C
:10F18000012017E0288804A9FEF7D6F90100F7D07E
:10F1900060883B6842009A5C6B88521E244ED2B253
:10F1A0000193029200966A46B31C128AFEF712F887
:10F1B000002803D029886A4691811CE06088314686
:10F1C000FDF77AFA26E003A9204600F0DDF912E007
:10F1D00003A9204600F082F80DE003A9204600F0C4
:10F1E00049FA08E003A9204600F028F803E003A943
:10F1F0002046FFF7B5FE00280CD06178142909D00D
:10F200000B4922790A706A4692894A80087160889F
:10F21000FDF7B0F82046FEF777F90748C1680029E6
:10F2200001D02046884705B0F0BD0000D467FF1F1D
:10F23000868FFF1FCC67FF1F1065FF1FF8B50446C0
:10F240000F460546083400896946FEF775F9060041
:10F250003AD0307A80060ED568460088FFF71AFE4D
:10F26000030006D06888122231469847060002D073
:10F270002BE00E2629E06E883046FFF721FE0100C4
:10F2800005D11448FFF71CFE01000ED00E80124A73
:10F290000020527807E0F8264B6846439B5B002B22
:10F2A00005D0401CC0B29042F5D309260DE0496854
:10F2B000F822504308182146FBF7FCFE0026688818
:10F2C0002146FDF7EFF902E001262088388030461C
:10F2D000F8BD0000FFFF00001065FF1FF3B58BB005
:10F2E00000200B9E0746039004A800903246337B13
:10F2F00071893089504C0D320836FEF743F90546C6
:10F300007EE00B98297A4088FEF791FA070003D037
:10F310000C986989018076E00B9848494088096813
:10F320004200895C464B891FC9B2009300220291BA
:10F330000192414B69460A8AF63B2946FDF74AFF8E
:10F34000070003D00C99688908805CE003980028C6
:10F3500034D03B486188001F8088021D914255D1FE
:10F36000039909180B984088420034480068805A75
:10F37000801F81424ADC0399A87A611808710398BA
:10F380006989401C80B22218090A401C117180B2A0
:10F3900003906846028A718807AB2846FEF724F975
:10F3A000050011D003986946898B201801710398D4
:10F3B0006946401C898B80B2090A0CE02048001F76
:10F3C0008088001D6080D6E70398FF212018017116
:10F3D0000398401C80B222181171401C80B2184959
:10F3E0000390091F8A8814492018F639001DFBF77D
:10F3F00061FE13490398091F8988401880B2039061
:10F40000002D00D07DE7039800280CD06188039878
:10F41000FBF794FF20700B9821464088FDF756F9C2
:10F4200000200DB0F0BD002F00D10A270C993088C4
:10F4300008803846F5E70000868FFF1FD467FF1F5E
:10F440001465FF1FF3B50746044608378BB04A48DA
:10F450000490388800252E4605906CE007A800909F
:10F460003B7979887A1D0598FEF78CF8089000287A
:10F4700054D0408905900898017A6088FEF7D7F942
:10F48000060060D13D49608809684200895C3C4BB8
:10F49000091FC9B20093002202910192364B6946BE
:10F4A0008A8BF63B0899FDF795FE06004BD1002D9F
:10F4B00037D0049841883248001F8088801C8142E0
:10F4C00043D12F4B2D491B1F988809682A18608843
:10F4D0004000085A001F824220DC08980499807A74
:10F4E0004919087108996D1C4989E8B20A0A0499FA
:10F4F00009180A71401CC5B2194604988A881E4929
:10F500004019F639001DFBF7D5FD1D481D49001FA8
:10F5100000792818C5B20598884209D1002D14D168
:10F5200023E017480499001F8088801C4880C8E7A2
:10F53000401C80B205906088410010480068405A25
:10F54000001FA8428ADA002D0DD004984188284671
:10F55000FBF7F4FE0499087060880499FDF7C4F87D
:10F5600000200DB0F0BD002E00D10A260C980599A0
:10F5700001803046F5E70000868FFF1FD467FF1F2C
:10F580001465FF1FFFFF0000F3B506460446002088
:10F5900085B0354D00900836288007463046E0306B
:10F5A00004904EE07800305A03A9FDF7C5FF010032
:10F5B0001BD060882E4B844642002C480068805C3B
:10F5C0000093401EC0B2002202900192264B684672
:10F5D0008289F63B6046FDF7FDFD009000280BD0C8
:10F5E0007800315A069801803BE0012000907800B5
:10F5F0000699305A088034E01D482988001F808809
:10F600000A186088430019480068C05A431E9A428D
:10F6100004DD401A1649091F401E88802988A81C4D
:10F6200008181349091F8A880F49F639FBF742FD6C
:10F630000F482988001F8088081828807F1C04989C
:10F64000FFB2807DB84208D9608829884200074807
:10F650000068805A401E8142A4DB60882946FDF77D
:10F6600051F8009807B0F0BD868FFF1FD467FF1FC9
:10F670001465FF1FF3B5054683B0044608350089BD
:10F6800001A9FDF759FF2746E8370646002822D092
:10F69000307A80060ED568468088FFF7FBFB0300B2
:10F6A00006D06088122231469847060002D013E047
:10F6B0000E2611E0002000906B88298860882A1DA2
:10F6C000FDF7ECFE060007D1787E002807D16088A0
:10F6D000FDF74CF803E00126049829880180787E24
:10F6E000002802D0002005B0F0BD3046FBE7000046
:10F6F0000149C860002070471065FF1FF8B5044637
:10F700000246F82042431948002507464570103745
:10F710007868002807D00020C100C919401C0006E5
:10F720004D60000EF8D0124E00213046FBF76AFD06
:10F73000002001466143C9B2F82251438B190B499D
:10F74000C200103152180021536005E0F8274F43E2
:10F750005368491CDD53C9B2A142F7D3401C0006CF
:10F76000000EE6D0014844700020F8BD1065FF1F70
:10F77000988DFF1F7CB50C78069D022C0FD14C682C
:10F780002678647824023419064EA4B2F44206D1D5
:10F790000224DBB200950194FDF7D4FC7CBD01206E
:10F7A0007CBD0000FED6FFFFF8B505461D4885422A
:10F7B00023D0461C002921D001292BD002291CD19D
:10F7C0000121284600F0E0FF002816D12846FFF767
:10F7D00099F9040011D0A078FF280ED0FE2807D098
:10F7E00000200090E0781E2314222946FFF7B6F986
:10F7F0002046FFF747FBFF20A070F8BD2846FFF723
:10F8000081F90028F9D13046FFF77CF90028F4D0BF
:10F810000580F8BD2846FFF775F90400F9D0268069
:10F82000D9E70000FEFF0000F3B50C468978C1B0AF
:10F830001E2914D02E4D6878FF2829D0182927D8E2
:10F840004808C2002B481218803A976F002F1FD02B
:10F85000D06F00281CD02078002817D113E04198E1
:10F86000FFF750F905000BD000200090A378E8784E
:10F8700000224199FFF772F906462846FFF702FB7E
:10F88000304643B0F0BD6278012A03D1122901D07D
:10F890000620F6E702AE0096A3886178A268B84712
:10F8A0000028EED1A0784008C1001248081880381E
:10F8B000C26F02A94198904700280FD061780029B3
:10F8C000DFD1A27869460A700871684601894180D3
:10F8D00069464198FCF74EFD0020D2E7A378042B3F
:10F8E000CFD00096002268784199FFF737F9C8E732
:10F8F0007868FF1FAC0A0111002904D0034A107078
:10F900000020916070470220704700007868FF1F58
:10F9100000B50346FDF772FF002803D0C018401E53
:10F9200080B200BD184600BD10B5040008D0207894
:10F93000FF2805D0FE2803D0FBF75AFDFF202070DA
:10F9400010BD0000F7B506460F461020FBF7B4FCCB
:10F9500005461020FBF7B0FC0446002D3AD0002CE1
:10F960002DD010220021FBF74DFC2A4621463046BF
:10F9700000F07CFF060023D12878000604D4394625
:10F98000284600F0E9FD08E02146284600F0E4FDA5
:10F990003A461149204601F061F83878000604D44F
:10F9A0003846029900F0D8FD0AE02146384600F0BA
:10F9B000D3FD09492046029A01F050F800E01326D1
:10F9C0002846FBF78BFC002C02D02046FBF786FC78
:10F9D0003046FEBD1326F6E7360B0111F8B5069842
:10F9E00000271D4614460E46002801D00B20F8BD06
:10F9F00030780021022801D019804DE0706802782B
:10FA0000407800021018152280B25202801A0300BA
:10FA1000FBF71AFB0504121F1A254100F068FBF7DB
:10FA200081FCC2B20798824200D902462A80F1685E
:10FA30002046FBF73FFB30E0F06802210088298078
:10FA40002070000A607028E0062028800246F168D5
:10FA5000EEE701202880F068007820701DE0F06853
:10FA6000002816D008212980017821700188090A10
:10FA700061708178A1704188090AE1700179217172
:10FA80008188090A61718179A171C088000AE071D9
:10FA900003E0298001E0298001273846F8BD10B530
:10FAA0000B78840702D50224234301E0FD24234080
:10FAB0000B7003070B7802D50824234301E0F724D9
:10FAC00023400B7083060B7802D52024234301E0EA
:10FAD000DF2423400B700A21084201D1810603D59F
:10FAE00010780C21084304E0002803D11078F3219A
:10FAF0000840107010BD0000FFB581B008780024E8
:10FB00000A9E1F460D4602280FD16868017840788A
:10FB100000020818152180B24902401A09D00128B4
:10FB200029D0022848D003283CD00124204605B023
:10FB3000F0BDE868FBF7F6FBC0B2864205D8F019C5
:10FB40000090152803D90D24F0E70724EEE7E868B4
:10FB50003A4680190399FBF7ADFA0098EA6880B23B
:10FB6000002111541C4840680028DFD0016800299A
:10FB7000DCD0002012E0002E12D1022BE3D1039939
:10FB8000E8680A78497809025118018012484068EB
:10FB90000028CBD001680029C8D001208847C5E7DC
:10FBA0000B24C3E7002EFBD1062BCCD10622E8683C
:10FBB0000399FBF77FFAB9E7002EF1D1012BC2D1EF
:10FBC00003980078002803D0012801D08024ADE7F5
:10FBD000E9680870AAE700007465FF1F10B50448C3
:10FBE000C16B034A40321068D06000F023F810BDAA
:10FBF0000080004010B5162801D9052010BD0C4B1F
:10FC00009C6B01228240104620439863586B9043BE
:10FC10005863DC6B012907D020469043D863186BEA
:10FC200002431A63002010BD10462043F6E700008F
:10FC300000800040F3B5204D81B00746002401202C
:10FC4000A040384233D00299084201D0012600E09A
:10FC50000026E0B2162810D80C22424351194A68F7
:10FC6000002A03D0002E01D0012105E08A68002A75
:10FC700003D0002E01D1002190470C206043401991
:10FC80004168806800290DD0002806D0002E02D0DF
:10FC90000021E0B203E00121FBE7E0B20121FFF720
:10FCA000A9FF04E0002802D0E0B20021F7E7641CBD
:10FCB000172CC4DBFEBD0000B894FF1F08B509482F
:10FCC0008368002B0CD01A78694601205B1CFEF774
:10FCD00008F9002804D00078C00701D0012008BD31
:10FCE000002008BD4868FF1F10B503460B4A0020DE
:10FCF0000A21414389184988002905D0401CC0B217
:10FD00000328F5D3002010BD0A2100244143545498
:10FD10000446403488184480037210BD8499FF1F44
:10FD20000A7802700A88120A42708A7882704A88B9
:10FD3000120AC2700A7902718A88120A42718A799B
:10FD40008271C988090AC17108207047F8B5044654
:10FD50000D4648680421FBF727FB297A01702989A1
:10FD60000346401C090A0170297841702988090A54
:10FD70008170287A001DC2B2FB2A38D81D488442FF
:10FD800015D115461E460C20FBF7D2FA01000CD007
:10FD900090200870022008714C808E601648CD803B
:10FDA0000078FBF7A1FA00271FE013271DE05C2075
:10FDB0002546124E4543B06829185820405C00285B
:10FDC0000BD00F480727416A491C4162B0682918C7
:10FDD0005820405C002805D007E0204600F096F946
:10FDE0000746F3E72046FBF709FB3846F8BD02203B
:10FDF000F8BD0000FEFF00009168FF1F9468FF1F20
:10FE0000A499FF1F10B50A4A00210A234B439B18EF
:10FE10005C88002C06D01B79834203D10A20414321
:10FE2000881810BD491CC9B20329EED3002010BDAB
:10FE30008499FF1F002141800170704770477CB595
:10FE400004000FD0608800280CD000250095019593
:10FE50001323E188207A172200F028F8FF2060722F
:10FE6000658025707CBDF8B5074615460E46102006
:10FE7000FBF75EFA040017D0A0202070002060700D
:10FE80006680002D05D00C222946201DFBF712F9B3
:10FE900004E00C220021201DFBF7B4F9214638466E
:10FEA000FBF722FA0020F8BD0120F8BDFFB581B0B4
:10FEB0001E46174614200B9DFBF73AFA04001AD091
:10FEC000A22020706770029860800A982071667185
:10FED000002D06D020460C2229460830FBF7EAF810
:10FEE00005E020460C2200210830FBF78BF9214663
:10FEF0000198FBF7F9F905B0F0BD022A1CD34B7845
:10FF00000A781B02D21892B20280012A02D0022A79
:10FF100006D00FE08A78C97809025118418009E0BB
:10FF2000CB788A781B02D21842800A794979090273
:10FF3000511881800020704701207047F8B50646AF
:10FF40004F88002070600D46097963488C464068F0
:10FF500002290FD03C01025B002A06D021188B68D1
:10FF6000002B02D06346012B7ED05C484169491CBE
:10FF70004161ACE0EA88042A40D3A9684C780B7848
:10FF800024021B199BB20093CC788B7824021B1996
:10FF90009CB20B7AC979090259184F4B5980009BC2
:10FFA0001B1D9A421ED1072C11D0052C0FD0042CFA
:10FFB00002D0062C22D10AE03901405A002806D08E
:10FFC0003846FDF761FD45480169491C016100980B
:10FFD000308134800321C943A868FBF7E5F97060DC
:10FFE0000020F8BD072C0AD0052C08D0042C06D020
:10FFF000062C04D03948C168491CC1606AE09A42A5
:020000041101E8
:10000000F8D8042C0AD13901405A002806D03846C5
:10001000FDF73AFD31480169491C01613E012E4F4F
:1000200000207968885371180098888178683018A2
:1000300084800098FDF7CAFD7968711888600028EF
:1000400019D00321C943A868FBF7AEF901467868C7
:10005000EA8830188068121FFBF72CF87868EA8865
:10006000815B8918091F00E00AE081531B48016881
:10007000491C01602EE019488169491C816129E011
:10008000EB88D21892B20253888982421BD88868C2
:10009000114F8018EA88A968801AFBF70BF8786876
:1000A000025B21188889824214D13081888830808F
:1000B00078682118896871600021015307484168F8
:1000C000491C416006E005488168491C816038464A
:1000D000FDF7DAFC0120F8BD9468FF1FA499FF1F0B
:1000E000022A01D0012070470A7849780902511884
:1000F0000180002070470A7802704A7842708A783E
:10010000C97809025118418070470000FFB50C46BC
:1001100007463D49A1208000096878434018FF3018
:10012000C130067E89B015463846FCF777F9001DC8
:10013000B04204D23846FCF771F9001DC6B2B54290
:1001400007D82A46002138460C9BFBF75DF90DB015
:10015000F0BD31462846FBF7F1F8274640373874A2
:100160000C99616501467143691AC9B202910C99F3
:1001700004910299002901D0401C3874002523E025
:100180000299002904D0401EA84201D1084600E08F
:100190003046E900059103916054FDF70BFC03998B
:1001A0000919486000281BD00599625C0499FAF788
:1001B00081FF0598215C0498081804901348C169D0
:1001C000491C6D1CEDB2C161387CA842D8D8606D65
:1001D000002803D0FBF7D0F8002060650020B6E7C8
:1001E000002038740646606506E0F000001940689B
:1001F000FBF7C2F8761CF6B2AE42F6D30348C16AEA
:10020000491CC1621320A2E73409FF1FA499FF1FF4
:10021000F7B586B016460D464878FFF7F3FD0400A3
:1002200010D0002727712878012802D0132809D17F
:1002300005E06A88314602A8FFF75FFE0AE02078F1
:10024000032802D0002009B0F0BD6A88314602A818
:10025000FFF746FF0646204600F064F902A8019029
:1002600000972B78207A32460699FFF71FFE20462A
:10027000FFF7E0FD3046E6E7FEB504464688014656
:100280006846FFF75BFE0546019800282FD06846B8
:100290000088052806D0042809D0062807D007289A
:1002A00005D026E06946304600F030F821E08100B4
:1002B0001548081801464039098E002919D0203800
:1002C000807C6A463146FFF7CEFD002811D1684692
:1002D0000088042803D001213046FDF76FFB012D73
:1002E00004D1A068002801D0FBF746F8FEBD012D1F
:1002F00004D1A068002801D0FBF73EF80121304668
:10030000FDF75CFBFEBD00007499FF1F30B505468C
:10031000088987B00C46042817D302A86168FFF744
:10032000EAFE68464089172837D82189001D814296
:100330001ED16846007AC10709D0626802A9284622
:10034000121DFFF765FF002812D107B030BD6168AC
:10035000091D122805D0002069460880497A6A469E
:1003600022E06846428903A8FDF75AFB002803D023
:100370002846FFF763FDE8E70D4881880029E4D0AF
:100380006946497A03AA0192009169460B7A8079FD
:1003900000222946FFF78AFDD7E701216846018040
:1003A00017214180417A6A462846FDF7EBFACCE7EF
:1003B0007499FF1FF8B50025214C3BE060680026CA
:1003C0002F01C653381886816068381886806068A7
:1003D00038188068002804D0FAF7CEFF6068381813
:1003E0008660374630465C212E464E43A168711820
:1003F00040310874A168711840314874A1687118BF
:1004000040310876A0683018406D002804D0FAF713
:10041000B3FFA16871184F650027A068F900301874
:1004200040184068002801D0FAF7A6FF7F1C0A2F69
:10043000F3DB6D1C034800788542BFDBF8BD00008C
:100440009468FF1FA068FF1FFFB589B015460E46D0
:100450001720129FFDF7BAFB040021D068460670F2
:100460004570002F03D0201D0C99B84700E00020F4
:1004700069464880267065704888A070010AE1705E
:10048000052269468A82001D0694888305A9099879
:10049000FFF75CFC050004D02046FAF76DFF00E092
:1004A000132528460DB0F0BDFFB581B01E460546A8
:1004B00001210A9F0B9C00F067F9002811D020460B
:1004C000FFF712FC00280AD0C580044607701248C6
:1004D0004178491C0A06120E427004D005E0152529
:1004E0000FE014250DE0012242702271009628468B
:1004F000039B0299FFF7A8FF050005D02046FFF7F0
:1005000099FC284605B0F0BD23462146034A09332D
:100510000348FAF77FFFF4E79468FF1F3075000087
:100520003FFE001110B50446407AFAF761FFFF2044
:10053000607210BD00280AD0102808D8002906D003
:10054000002A04D0034882604160002070470220E6
:10055000704700009468FF1F10B500240F22835CD1
:100560005B0023438B54835C521EDC0952B2002A89
:10057000F5DA10BDFFB581B01E4617460D46084698
:1005800000F04AF8002802D0112005B0F0BD0E4856
:1005900000F042F8040015D00A98A0710622E01D70
:1005A0000B99FAF787FD65802771667101982070B5
:1005B000002060620C98E0810021284600F0F6F8E7
:1005C0000020E2E71520E0E7FFFF000070B51446C9
:1005D0000D46064600F020F800280BD0416A00794D
:1005E00000290CD0C20611D580070AD4002C08D0EF
:1005F000052070BD074886420AD0142070BDC00691
:10060000F6D5887EA84203D20C2070BD0F2070BDA5
:10061000002070BDFEFF000030B50A4A00211378AB
:100620000CE0282455684C4364196488844203D143
:1006300028204143481930BD491CC9B29942F0D322
:10064000002030BDA068FF1FF0B50C4B00210C4E00
:100650001D780FE028225C684A4317197F88B7424B
:1006600006D0A25C824203D1282041430819F0BD84
:10067000491CC9B2A942EDD30020F0BDA068FF1FFC
:10068000FFFF000070B5104900200C7802460F4EA5
:100690000CE028234D6843435D196E804D685D1959
:1006A0002A714D685B19401CC0B25A62A042F0D357
:1006B0008B680020497803E08400401C1A51C0B2C6
:1006C0008842F9D370BD0000A068FF1FFFFF000043
:1006D00000280DD010280BD8002909D0002A07D0F7
:1006E000044B1870801D58709A6000205960704744
:1006F00018207047A068FF1F10B5094A00205368F2
:100700000146127809E028244C43E4182479002C8F
:1007100001D0401CC0B2491CC9B29142F3D310BDF4
:10072000A068FF1F30B5094A0021537806E095689C
:100730008C002C59002C05D0491CC9B29942F6D323
:10074000132030BD89006850002030BDA068FF1F15
:1007500010B5FFF761FF040013D06088012100F09D
:1007600025F8606A002801D0FAF7B8FD2822002198
:100770002046FAF747FD0020C0436080002020712A
:1007800010BD022010BD000010B50C46064988427D
:1007900006D0FFF741FF002804D00079204201D0A5
:1007A000012010BD002010BDFEFF0000F8B50E4670
:1007B00007460024074D09E0A968A0000A58002A4E
:1007C00002D0314638469047641CE4B268788442CF
:1007D000F2D3F8BDA068FF1FFFB581B01D461746D4
:1007E00014200E9EFAF7A4FD040020D0D020207023
:1007F000019860700520A070E770002D05D00622DA
:100800002946201DFAF756FC04E006220021201D8F
:10081000FAF7F8FC0A9860810B98A0810C98E081A7
:100820000D982082A67421460298FAF75DFD05B066
:10083000F0BDF8B506461C4615460F460820FAF7E7
:1008400077FD010009D0D02008704E700620887016
:100850008D808C713846FAF747FDF8BD10B5024619
:10086000014620321031FAF7DBFD10BD10B5FAF762
:10087000D7FD10BD70B50D46064600240AE0FAF714
:10088000D5FD010A3155641CE4B2AC4202D23055A8
:10089000641CE4B2AC42F2D370BD0000002903D066
:1008A000002801D0102801D902207047044A916025
:1008B000002101E0491CC9B28142FBD300207047EE
:1008C000AC68FF1FFFB587B017461020FAF7F4FC9D
:1008D00001901020FAF7F0FC0090019800287DD0DC
:1008E000009800287BD0024601990798FFF72AF864
:1008F00004007ED11020FAF7DFFC02901020FAF7F6
:10090000DBFC0646029800286BD0002E7CD03846CF
:100910000F30050902D038070CD000E00125002077
:100920002901103900280898C9B205D0401832466C
:1009300001991AE00120F3E7401884463A07120FA4
:10094000002003A98023904202D267463F5C04E066
:10095000904201D10B5401E000270F54401CC0B25B
:100960001028F0D3324603A8009900F077F810223F
:1009700000210298FAF746FC00276D1E0FE03807A9
:100980000899000E091803AA029800F067F803A955
:10099000029A0798FFF76AFF7F1C04463FB2AF42F6
:1009A00002DA002CEBD011E0002C0FD103AA314663
:1009B000029800F053F803A9029A0798FFF756FF30
:1009C0000446082202990A98FAF774FB0298002854
:1009D00001D0FAF783FC002E08D004E01AE017E0FB
:1009E00007E013E010E03046FAF778FC01980028A1
:1009F00002D00198FAF772FC0098002801D0FAF7AB
:100A00006DFC20460BB0F0BD1324E2E71324E2E7AF
:100A10001324EEE71324EFE770B58CB015460E46AD
:100A20000446302200216846FAF7ECFB10222146EA
:100A30006846FAF7BFFC07A8032231460130FAF7EF
:100A4000B9FC6846FFF70AFF04460BA903222846B3
:100A50000131FAF7AFFC20460CB070BD30B5002371
:100A6000C45CCD5C6C40D4545B1CDBB2102BF7D360
:100A700030BD0000020000000E0B0111000000005C
:100A800075F7001100000000020000000C0B0111BE
:100A9000DDF90011F9FA001100000000FB349B5F42
:100AA0008000008000100000000000007DC40011E4
:100AB000B1EB0011EFC40011FDEB0011A7C4001150
:100AC000D1EB0011C9C500112DED001149C600116F
:100AD000A1ED0011A7C50011A1ED001105C600117F
:100AE00059ED0011C9C50011E5EC001161C60011F6
:100AF00055EE001100000000000000006FC500115D
:100B000055EE001195C40011CDEB0011001801182D
:100B10000028012802280328002901290229032985
:100B200004290529002A012A022A032A042A052A5F
:100B30000629072908290000000000000000000025
:080B4000000000000087000026
:020000041FFFDC
:1000000000000000914BFF1FD864FF1FF864FF1F22
:10001000F866FF1F00000000000000000000000064
:1000200000000000000000000000000000000000D0
:1000300000000000000000000000000000000000C0
:1000400000000000000000000000000000000000B0
:1000500000000000000000000000000000000000A0
:100060000000000000000000000000000000000090
:100070000000000000000000000000000000000080
:100080000000000000000000000000000000000070
:100090000000000000000000000000000000000060
:1000A0000000000000000000000000000000000050
:1000B0000000000000000000000000000000000040
:1000C0000000000000000000000000000000000030
:1000D0000000000000000000000000000000000020
:1000E0000000000000000000000000000000000010
:1000F0000000000000000000000000000000000000
:1001000000000000000000000000000000000000EF
:1001100000000000000000000000000000000000DF
:1001200000000000000000000000000000000000CF
:1001300000000000000000000000000000000000BF
:1001400000000000000000000000000000000000AF
:10015000000000000000000000000000000000009F
:10016000000000000000000000000000000000008F
:10017000000000000000000000000000000000007F
:10018000000000000000000000000000000000006F
:10019000D939FF1F453AFF1F5D5CFF1F00000000BB
:1001A000000000000000000000000000000000004F
:1001B000000000000000000000000000000000003F
:1001C000000000000000000000000000000000002F
:1001D000000000000000000000000000000000001F
:1001E000000000000000000000000000000000000F
:1001F00000000000000000000000000000000000FF
:1002000000000000000000000000000000000000EE
:1002100000000000000000000000000000000000DE
:1002200000000000000000000000000000000000CE
:1002300000000000000000000000000000000000BE
:1002400000000000000000000000000000000000AE
:10025000000000000000000000000000000000009E
:10026000000000000000000000000000000000008E
:10027000000000000000000000000000000000007E
:10028000000000000000000000000000000000006E
:10029000000000000000000000000000000000005E
:1002A000000000000000000000000000000000004E
:1002B000000000000000000000000000000000003E
:1002C000000000000000000000000000000000002E
:1002D000000000000000000000000000000000001E
:1002E000000000000000000000000000000000000E
:1002F00000000000000000000000000000000000FE
:1003000000000000000000000000000000000000ED
:1003100000000000000000000000000000000000DD
:1003200000000000000000000000000000000000CD
:1003300000000000000000000000000000000000BD
:1003400000000000000000000000000000000000AD
:10035000000000000000000000000000000000009D
:10036000000000000000000000000000000000008D
:100370000D19FF1F00000000000000000000000039
:10038000000000000000000000000000000000006D
:10039000000000000000000000000000000000005D
:1003A000000000000000000000000000D536FF1F24
:1003B000000000000000000000000000000000003D
:1003C000000000000000000000000000000000002D
:1003D000000000000000000000000000000000001D
:1003E000000000000000000000000000000000000D
:1003F00000000000000000000000000000000000FD
:0C04000001FF01FF01FF01FF41000000AF
:020000041FFFDC
:1018380088FFFF1F4519FF1F81840000F128000061
:101848000000000000000000000000000000000090
:101858000000000000000000000000005119FF1FF8
:101868000000000000000000CD8400005519FF1F93
:101878005719FF1F5719FF1F5719FF1F5719FF1F28
:101888005719FF1F5719FF1F5719FF1F5719FF1F18
:101898005719FF1F5719FF1F5719FF1F5719FF1F08
:1018A8005719FF1F5719FF1F5719FF1F5719FF1FF8
:1018B8005719FF1F5719FF1F5719FF1F5719FF1FE8
:1018C8000000000000000000000000000000000010
:1018D8000000000000000000000000000000000000
:1018E8005719FF1F000000005719FF1F5719FF1F46
:1018F8000348854600F030F800480047E54AFF1FD6
:1019080088FFFF1F0A484838694601600430F0C064
:1019180044464D4656465F46F0C030BCF0BCF0C069
:10192800F0BCF0C044380349034A95460847000014
:101938000008FF1FE12CFF1F3018FF1F04488047D5
:1019480004480047FEE7FEE7FEE7FEE7FEE7FEE79E
:10195800312BFF1FF918FF1F064C0125064E05E025
:10196800E36807CC2B430C3C98471034B442F7D3B8
:10197800FFF7C2FF5864FF1FD864FF1F70B58C18AB
:101988000578401C6B075B0F01D10378401C2A11B6
:1019980006D10278401C03E006780E70401C491CF2
:1019A8005B1EF9D12B0705D40023521E0DD40B70F2
:1019B800491CFAE70378401CCB1A921C03E01D78F7
:1019C8000D70491C5B1C521EF9D5A142D8D30020CA
:1019D80070BD000003B40148019001BD75A9000065
:1019E80003B40148019001BD9DA9000003B401485A
:1019F800019001BDF9A6000003B40148019001BDA2
:101A0800A1AF000003B40148019001BDE92700001F
:101A180003B40148019001BDDD3F000003B4014853
:101A2800019001BD8944000003B40148019001BD43
:101A38002144000003B40148019001BD750F000066
:101A480003B40148019001BDC95C010003B4014819
:101A5800019001BD1907010003B40148019001BDBF
:101A6800BD0B010003B40148019001BDDD0C01006C
:101A780003B40148019001BDDD0A010003B4014827
:101A8800019001BD0134010003B40148019001BD7A
:101A98000934010003B40148019001BD0534010077
:101AA80003B40148019001BDF535010003B40148B4
:101AB800019001BDF935010003B40148019001BD51
:101AC800E917010003B40148019001BD6137010025
:101AD80003B40148019001BD01D7000003B40148D7
:101AE800019001BD6DF6000003B40148019001BDED
:101AF8007912010003B40148019001BD4DF90000BD
:101B080003B40148019001BDC1F7000003B40148C6
:101B1800019001BD413F000003B40148019001BD9F
:101B2800095A000003B40148019001BD096600008C
:101B380003B40148019001BD8D82000003B401483F
:101B4800019001BDEDD6000003B40148019001BD2C
:101B58008914010003B40148019001BDB1100100CE
:101B680003B40148019001BDE910010003B4014824
:101B7800019001BD9D6B010003B40148019001BDB6
:101B8800516B010003B40148019001BD5D6B010078
:101B980003B40148019001BDC96C010003B40148B8
:101BA800019001BDED6B010003B40148019001BD36
:101BB8008512010003B40148019001BD8D11010097
:101BC80003B40148019001BD4514010003B4014864
:101BD800019001BD8111010003B40148019001BDCC
:101BE800F90D010003B40148019001BD010801008D
:101BF80003B40148019001BDED0A010003B4014896
:101C0800019001BDF90C010003B40148019001BD28
:101C1800E1AC000003B40148019001BD79B30000B4
:101C280003B40148019001BDE53A010003B401483D
:101C3800019001BD156B010003B40148019001BD7D
:101C4800496D010003B40148019001BD3D710100D7
:101C580003B40148019001BD0189000003B40148A3
:101C6800019001BDB54C010003B40148019001BDCC
:101C780079B4001103B40148019001BDD1060111E6
:101C880003B40148019001BD9D08011103B4014846
:101C9800019001BD65C4001103B40148019001BD64
:101CA800CDEA001103B40148019001BD35050111C9
:101CB80003B40148019001BDEDEA001103B40148E5
:101CC800019001BDF9F8001103B40148019001BD6C
:101CD800016C010003B40148019001BDBD5C010025
:101CE80003B40148019001BDD1AE000003B401481E
:101CF800019001BDC53F000003B40148019001BD3A
:101D0800CD4C010003B40148019001BDA96F010049
:101D180003B40148019001BD4D74010003B40148AA
:101D2800019001BDB30E000003B40148019001BD4C
:101D380021A9000003B40148019001BDADAE000027
:101D480003B40148019001BD8907011103B401489A
:101D5800019001BD15D1001103B40148019001BDE6
:101D6800C56D010003B40148019001BD097201006D
:101D780003B40148019001BD53B9000003B4014800
:101D8800019001BD49CC000003B40148019001BD98
:101D9800E9D4000003B40148019001BD79D50000E1
:101DA80003B40148019001BDF9ED000003B40148F6
:101DB800019001BD6142000003B40148019001BDDA
:101DC800ADFF000003B40148019001BD5DB0000003
:101DD80003B40148019001BDE1B0000003B401481B
:101DE800019001BD810E000003B40148019001BDBE
:101DF8008576010003B40148019001BD6D0B010017
:101E080003B40148019001BD090E000003B4014864
:101E1800019001BDC115010003B40148019001BD45
:101E2800CD0C010003B40148019001BD71B0000060
:101E380003B40148019001BDD9B0000003B40148C2
:101E4800019001BD5976010003B40148019001BD1C
:101E5800B9B0000003B40148019001BD1DB00000F5
:101E680003B40148019001BDAD0F010003B401485E
:101E7800019001BD3D4B010003B40148019001BD33
:101E8800CD36010003B40148019001BD8937010036
:101E980003B40148019001BD61B5000003B40148D5
:101EA800019001BD2D6C010003B40148019001BDF2
:101EB800C9A9000003B40148019001BDB7BE0011D3
:101EC80003B40148019001BD25BE001103B40148C7
:101ED800019001BD8540010003B40148019001BD96
:101EE800154D010003B40148019001BDB14E000039
:101EF80003B40148019001BD3D18000003B4014836
:101F0800019001BDD5D9001103B40148019001BD6C
:101F180009CD001103B40148019001BD7DD600111F
:101F280003B40148019001BD65C8001103B401481C
:101F3800019001BDC9D0001103B40148019001BD51
:101F4800D94F010003B40148019001BDF5C9001142
:101F580003B40148019001BDE94C010003B40148F4
:101F6800019001BDB9D8001103B40148019001BD29
:101F780095CF001103B40148019001BD99D8001113
:101F880003B40148019001BDA9D0001103B4014870
:101F9800019001BDF1F6001103B40148019001BDA3
:101FA8002DC7001103B40148019001BDCD120100F5
:101FB80003B40148019001BD1DBC000003B40148F1
:101FC800019001BD6DBC000003B40148019001BD42
:101FD800D91F000003B40148019001BD0D52010052
:101FE80003B40148019001BDF54E010003B4014856
:101FF800019001BD434D010003B40148019001BDAA
:1020080009CC001103B40148019001BD2507011155
:1020180003B40148019001BD09D4001103B401487B
:10202800019001BD7DC7001103B40148019001BDB5
:102038001DD8001103B40148019001BDF1CC001175
:1020480003B40148019001BDF9D3001103B401485C
:10205800019001BDE5D6001103B40148019001BD0E
:1020680095B5001103B40148019001BD45D1001197
:1020780003B40148019001BDED4A010003B40148D1
:10208800019001BDA54F010003B40148019001BDB5
:102098008552010003B40148019001BD6189000027
:1020A80003B40148019001BD055E000003B4014876
:1020B800019001BD894A010003B40148019001BDA6
:1020C800B352010003B40148019001BD2D11010074
:1020D80003B40148019001BD8B52010003B40148CB
:1020E800019001BDD544010003B40148019001BD30
:1020F8007997000003B40148019001BD69110100FE
:1021080003B40148019001BDE512010070B5344ADD
:102118008AB0012800D1334A430133486D461C1860
:10212800207E00280AD084208058C3B2002002E014
:1021380016782E54401C9842FADB03E0107D0123E8
:1021480010782870E269002A04D0297506952B7743
:1021580005A890470AB070BDFEB504464201224862
:102168001F4D1318805C191D002829D0187E0028DF
:1021780026D0987E002823D00878022820D1888885
:102188004A888E68801A82B2102A01D9102201E08A
:10219800002A02D0012C16D01CE001200870002073
:1021A80048808880D969002905D0104B6D460DCB31
:1021B8000DC568468847002C03D0192001F00AFC99
:1021C800FEBD0820FAE7074D04E04888431C4B8011
:1021D800305C28701046521E92B20028F5D1FEBD20
:1021E8000040004000900040D893FF1F4C64FF1F40
:1021F80010B5FFF7EFFB0D4804680C4A4117803211
:1022080011600B490160002002F07AFBFFF7E8FB40
:10221800204610BD10B50446FFF7DCFB03480460F8
:10222800012002F06DFBFFF7DBFB10BD00E100E0D1
:10223800100010000446FFF7CDFB0A49C869402288
:102248009043C8612046FFF7D1FB01F075FB0548B4
:102258000021C0304160042101600120FFF7CCFB60
:10226800FEE7000000F0004038B5274C207807282A
:1022780047D826480278012125480904002AC26B5C
:1022880040D08A43C263252001F088FA21482021E2
:1022980002680A4302604806026804235207002ABB
:1022A80008DB02681A43026013221546521ED2B296
:1022B800002DFAD1C268520708D4C2681A43C26016
:1022C80013221346521ED2B2002BFAD1C2688A4397
:1022D800C26013221346521ED2B2002BFAD1C26832
:1022E8000A43C26013200146401EC0B20029FAD139
:1022F8000948017D0091217841601D2101707621F6
:10230800C16038BD0A43BDE75967FF1FFC64FF1F62
:1023180000F000405467FF1F0020004010B5FFF791
:1023280071FB022805D0072805D0122800D1022009
:1023380010BD142010BD224904200A6B521C0A63E8
:1023480010BDF8B500260C460D46074640341FE080
:10235800607CC1004A1953686A5C002801D00121D9
:1023680000E000213846FFF7D9FF002802D00121FC
:102378002176F8BD607CC00040194660607C401C36
:102388006074207C401E20740D48016A491C01625B
:10239800207C0028DCD166742676F8BD10B5094A81
:1023A8005C219268414389185822525C012A05D160
:1023B800FFF7C7FF0248816A491C816210BD00000F
:1023C800A499FF1F9468FF1F0020704770B501246F
:1023D800A407A36810252B43A360FFF719FBA06887
:1023E800A843A06070BD0000FFB506460120800725
:1023F800816881B01D46102211438160554F00202D
:1024080038603046D730FFF709FB9D2080003446FE
:102418008059FF36CA3401360028306822462CD04D
:102428000121FFF701FB4B4F2078F863641C20461D
:10243800FFF700FB00BA000AE17800020843B8631E
:10244800241D2046FFF7F6FA00BA000AE1780002D8
:1024580008437863241D2046FFF7ECFA00BA000A07
:10246800E1780002084338630398029900020843A0
:10247800F860039F00243F1D0EE00021D1E72819D2
:10248800401CFFF7D7FA0102285D014332482018A3
:102498000160241DA4B23F1F042FF0DA032F04D0DB
:1024A800022F08D0012F0CD011E02819FFF7C2FA2B
:1024B8000102090A06E0291948780A78010211433D
:1024C80000E0295D244820180160241DA4B20021E1
:1024D800214F02E0E0190160241DFF2CFADD1D48A0
:1024E8001E4A42600F220261012202604269002AEC
:1024F800FCD04269930701D4520708D40120800711
:10250800826810218A438260002005B0F0BD016016
:102518000020039A11E0C11909682954401C80B2AF
:102528000B0A2B54401C0B0C80B22B54401C80B25D
:10253800090E2954401C80B2121F002AEBDC3068B7
:10254800401C306001208007826810218A43826025
:102558000120DAE70000044000010440080F0000F1
:10256800FFB5054601208007816881B01E4610220C
:1025780011438160504F002038602846D730FFF75C
:102588004DFA9D2080002C464059CA3480350028D9
:10259800E86F22462BD00021FFF746FA464F2078F5
:1025A800F863641C2046FFF745FA00BA000AE17890
:1025B80000020843B863241D2046FFF73BFA00BA1F
:1025C800000AE178000208437863241D2046FFF7DB
:1025D80031FA00BA000AE178000208433863039828
:1025E800029900020843F8600024039F0EE00121CD
:1025F800D2E73019401CFFF71DFA0102305D014394
:102608002E4820180160241DA4B23F1F042FF0DAC1
:10261800032F04D0022F08D0012F0FD014E0301957
:10262800FFF708FA0102090A09E031194878097820
:102638000002084321496118086003E0315D1F4822
:1026480020180160241DA4B200211C4B02E0E018F0
:102658000160241DFF2CFADD0F2217481202426088
:102668000F220261012202604269002AFCD0016047
:10267800039A0020121D11E0C11809683154401C4A
:1026880080B20C0A3454401C0C0C80B23454401CE8
:1026980080B2090E3154401C80B2121F002AEBDCB4
:1026A800E86F401CE86701208007826810218A4390
:1026B800826005B0F0BD0000000004400001044045
:1026C800F8B5FFF7BDF9644908600420FFF7BEF9C3
:1026D800FFF7C2F90546C00715D060490020086019
:1026E8005F480078012811D0032813D0042815D09A
:1026F800022817D0052819D0FFF7B4F9594F044616
:1027080001281AD01EE0FFF7B3F9F8BD2846FFF7F5
:10271800B5F90EE02846FFF7B7F90AE02846FFF7B3
:10272800B9F906E02846FFF7BBF902E02846FFF7AB
:10273800BDF940B20128E8D05FE03878052809D013
:10274800062807D04848494E0078022806D00528B0
:1027580004D009E0284602F0FDF84EE0002C06D02F
:10276800022808D0052806D0022C0ED005E02846FD
:1027780002F014F941E0022C02D0012C13D016E02B
:10278800B17B002907D0022905D03978052906D060
:1027980001281AD00BE0284602F00CF918E0284668
:1027A80002F0E4F814E0012807D0062809D02846EA
:1027B800FFF782F9022C0BD01FE0284602F012F92D
:1027C8001BE0284602F002F917E0284602F0DAF882
:1027D8003878012811D168050FD4707BC10701D062
:1027E800252004E0800701D5262000E02720317D40
:1027F800814202D93220FFF765F91B4C2078042862
:1028080004D003281AD007281DD020E0FFF760F96C
:1028180000281CD0FFF762F95820FFF765F92078E7
:10282800002801D0022020701148407800280ED0DE
:10283800207800280BD10320207008E00D48807C08
:10284800FFF758F903E00C48807BFFF759F903209C
:10285800FFF7FCF8F8BD00009C09FF1F9809FF1F4F
:102868009009FF1F1C09FF1F2309FF1FA60BFF1F4D
:102878006067FF1FBC0BFF1FD40BFF1FA12189003E
:1028880048430749096840180521C9014018054906
:10289800C0780978884201D300207047012070472A
:1028A8003409FF1F1509FF1FF8B50C4610490C42E3
:1028B8001AD1610518D500250E48AF003E18717869
:1028C800012909D1C15D7088FFF720F90A48708095
:1028D80008490020C85570706D1CEDB2102DEBD35F
:1028E800012080026040F8BD2146FFF715F9F8BDC8
:1028F800DE090000F898FF1FFFFF000010B5012057
:1029080002F0A4FCFFF70EF90446002002F09EFC3A
:10291800204610BD70B50446FFF70AF9E21DFF32E4
:10292800FA32D06F0021000C0004D06710468038BE
:102938008B001B19FF330133C56A491CDD66082962
:10294800F6DB00218B001B19FF338133C56A491C54
:10295800DD600829F6DB0120D06470BDFEB5FFF705
:102968006FF861490861C81FF9388078A12189008A
:1029780048435E4909684418FFF72CF85C48C0686A
:10298800416D0091866D5B480078814201D800292D
:1029980000D1009058480078864201D8002E00D116
:1029A8000646E51DFF35FA35686A401C68625348DB
:1029B8000068002808D03D21095D49000818FF304B
:1029C8004130418E491C418627462037387FB877E9
:1029D800FFF7B4F8287B03F0E9F8287BFFF7B4F891
:1029E800FFF7B8F8FFF7BCF8E06AFFF7BFF8A06A8E
:1029F800FFF7C2F8787FFFF7C5F8787FFFF7C8F8C8
:102A08005820FFF771F8FF20FFF7C8F86079002811
:102A180002D1E86C002852D0B87C3949384A48437A
:102A28006169490041183248C068C06F0818E18ED2
:102A38005143344A8918344A914200DD1146814293
:102A480000D20846FFF7B0F8E08E2D494843FF2131
:102A5800DF31095B421A2648C168FC204058896C5E
:102A6800101A814200D20846FFF7A4F8287BFFF726
:102A7800A7F80420FFF7AAF80720FFF7ADF802A986
:102A88000098FFF7AFF8694609890127FF34C2B2F9
:102A9800213400970191F3B2217D3020FFF7A8F887
:102AA8001A4C2678287B2070FFF7A8F8184807608A
:102AB8002670FEF795FF1420FEF7C8FFFEBD2078AC
:102AC800002807D0A1696069401841000848C0681B
:102AD800026904E006486269C068C168490052009A
:102AE800C06C89180818ADE7300EFF1F3409FF1FA6
:102AF8006067FF1F1509FF1F1609FF1FBC09FF1F8D
:102B0800710200001EFBFFFFF82A0000490AFF1FA0
:102B18009809FF1FC106C90E0120884001490860B5
:102B28007047000000E100E0024901480860704772
:102B380040787D015C67FF1F8307FF22DB0E9A4008
:102B48008907090E9940002808DB830809489B007B
:102B58001B18186890430843186070470007000F57
:102B68000838830804489B001B18D8699043084319
:102B7800D861704700E400E000ED00E002E008C81A
:102B8800121F08C1002AFAD170477047002001E0DF
:102B980001C1121F002AFBD1704700000248C0691A
:102BA800002800D0004770474003FF1FFFB50746C5
:102BB80001208007816883B01C461546029146694A
:102BC80039490968384A4900490801910021C9432F
:102BD80080321160354A1268520052080092334A16
:102BE8008032116032498160212141611F20FFF745
:102BF80091FFE20780212F48002A02D042680A4349
:102C08004260A20704D54268FF2301331A43426099
:102C1800002D0CD02A07520F04D001221443426819
:102C28000A43426041682A07D20B11434160214997
:102C38004039CA6B5201520FBA4206D0CA6B0723F9
:102C48001B069A433B061A43CA63CA6B5307049A86
:102C58005B0F934205D0CA6B049BD208D2001A437B
:102C6800CA634168FF2281329143E2011143416006
:102C780041680F22520391436A03114341600C4893
:102C8800029901438007816001210E43466141009A
:102C9800054880300160054900980860024901989C
:102CA800086007B0F0BD000000E100E000E200E0CD
:102CB8000100080040F000401CB569460120FEF7FD
:102CC800A3FF012000900348019000F06FFC012051
:102CD8001CBD0000BB0B000008B5334F0446F86864
:102CE80000250678E1202B46122205214002FEF736
:102CF80091FF2EA0FEF794FF206B0090214624310F
:102D08000EC930A0FEF78CFF20690090211D0EC966
:102D180037A0FEF785FF206A0090214614310EC9BE
:102D28003EA0FEF77DFFE06B009047A0A36B2268F2
:102D3800616BFEF775FF4FA0216CFEF771FF5148DC
:102D4800416851A0FEF76CFF53480178B14202D2A6
:102D5800B8688A00855851480E460768FEF766FF2E
:102D680000903B462A4631464DA0FEF759FF59A030
:102D7800FEF756FF614E2568354000242919B142F7
:102D88000BD8200702D15EA0FEF74AFF29595EA0A2
:102D9800FEF746FF241DFF2CF0DD5D480068002883
:102DA80000D08047FEE700000000FF1F0A5B486173
:102DB8007264206661756C742068616E646C6572FB
:102DC8005D0A000052302D52332020202020202080
:102DD800203D2030782530387820307825303878F4
:102DE80020307825303878203078253038780A0037
:102DF80052342D523720202020202020203D203002
:102E08007825303878203078253038782030782583
:102E1800303878203078253038780A0052382D52EA
:102E28003131202020202020203D203078253038C6
:102E38007820307825303878203078253038782058
:102E48003078253038780A005231322C53502C4CC7
:102E5800522C5043203D2030782530387820307867
:102E6800253038782030782530387820307825306B
:102E780038780A0050535220203D203078253038C9
:102E88007820200000ED00E049435352203D2030D7
:102E980078253038780A0000B408FF1F6008FF1F43
:102EA8005B4F53414C5D6964782025642046756EFC
:102EB8006320307825303878207379737469636BB0
:102EC80020253038782072746320253038780A201D
:102ED800000000002D2D2D2D2D2D2D2D2D2D2D6497
:102EE800756D7020737461636B2D2D2D2D2D2D2D17
:102EF8002D2D2D2D2D2D2D0A00000000FCFFFF1F6C
:102F08000A5B253038585D002530387820000000ED
:102F1800F466FF1F1CB569460320FEF775FE684678
:102F280000F0B0FE0098002802D10198002800D0D7
:102F380001201CBD10B500F0AFFAFFF7BDFE002858
:102F480002D00248804710BDFEE70000E1A2000061
:102F5800FEB50021184D2026174C803D0028009111
:102F6800019111D00023022219463520FEF764FE94
:102F780020698007FCD400960098411E0091FBD27E
:102F880028680028FCDA10E00023022219460520F0
:102F9800FEF752FE20698007FCD400960098411E77
:102FA8000091FBD228680028FCDA012102A8FEF76C
:102FB80049FE6846007AFEBD80C8004038B5044620
:102FC800009100290BD00020FFF7C2FF204007D056
:102FD8000520FEF73DFE0098401E0090F3D1112019
:102FE80038BD00001CB50121C9021C4801F066FC6F
:102FF800032189021A48FEF731FE012106200A46FC
:1030080001910090022317491748FEF72DFE174A31
:10301800012011462839FEF72DFE15490120FEF73B
:103028002FFE13490120891EFEF730FE10490120AA
:10303800091DFEF731FE0D4A01202C3211461039C8
:10304800FEF730FE094902208831FEF731FE0849B3
:1030580002200831FEF732FE1CBD0000D082FF1F9F
:10306800C868FF1FC874FF1F4C80FF1FF88AFF1F26
:103078000065FF1FF8B54E484068C043000603D5F9
:103088003C20FEF7E5FDF8BDFEF7D0FD484D009069
:10309800803D28680121890408432860E86945497A
:1030A80008402830E8610320FEF7D2FD686AC703AC
:1030B800FF0B0320FEF7CCFD686AC403E40B032072
:1030C800FEF7C6FD686AC603F60BA74201D3204681
:1030D80000E03846B04200D33046A74201D3394613
:1030E80000E02146B14200D23146334ABA18C32A19
:1030F80026D2314BDB439C4222D9304A94421FD21C
:103108009E421DD996421BD2081A132818D2284865
:1031180042680C218A4342604168FF2212029143AF
:1031280041601420FEF794FD21488038416AC26945
:10313800C903C90B08239A43C26121488162F8BDBB
:10314800274634460320FEF783FD19488038406A35
:10315800C603F60BFEF76AFD0099884201D3401AB0
:1031680001E0401A401E17498842AED31048416812
:1031780009040D0E4168FF22120291436A1C1206CF
:10318800120C1143416041680C229143091D4160B2
:103198000020FEF799FD642D02D305480021416007
:1031A800062D00D306250748A840FFF743F88CE70B
:1031B800C0F0004000FEFEFF91FCFFFF320400005B
:1031C8006067FF1FE40C0000F8B53D4840683C4CC0
:1031D8000006803C8021002806DB606808436060A8
:1031E8000320FEF735FDF8BD364D00202863206822
:1031F8000122920410432060334F60688021084305
:1032080060600320FEF724FD286B401C286360687B
:1032180001210904084360600026E0692B49384011
:103228004018E0610320FEF713FD606AE169C003FE
:10323800C00B08229143E161A96A062251438142E9
:1032480001D3091A00E0411A3C2909D2E269012197
:1032580009048A43E26162688A436260E862F8BDF1
:10326800761CF6B2052ED8D3E1690120000481430B
:10327800E161616881436160286B2E46052807D3A8
:10328800BFF34F8F13491248C860BFF34F8FFEE753
:1032980060688021884360600320FEF7D9FCE069FC
:1032A80038402830E0610320FEF7D2FC606AC00392
:1032B800C00BB062E16908208143E1619DE700002D
:1032C800C0F000406067FF1F00FEFEFF28000100FD
:1032D8000400FA0500ED00E0FEB504461948C16B8C
:1032E800194D4907C90E6958164AC90B4032009151
:1032F8001168490304D4116801239B041943116020
:10330800C16B18221143C163C06B104F4001400FBD
:103318000190B84706462046B84706430C49F007CF
:10332800C00F88470346A0000A492858086000983B
:10333800411E0091FBD2324621460198FFF736FC28
:103348000020FEBD00F00040E07B0100018C000081
:10335800A98A00007408FF1FF8B506460120FEF789
:1033680077FC214D214F2878214C002816D0FEF7F4
:10337800B1FC206000F07EFC002802D002F04AFA7E
:1033880078611C498B6A1C4803601C48C76A1C4A40
:103398001268974205D2C06A101A03E0F8684069BB
:1033A800E7E70020174A10609819C862486A29227E
:1033B800D203104348622878002812D012480178B6
:1033C800022908D00178012908D00078032820684C
:1033D80008D0C01E04E020680F3801E020680838D3
:1033E8002060F8BD401FFBE71C09FF1F6067FF1F37
:1033F800E408FF1F00F00040340AFF1F00100040DF
:10340800180AFF1F1C0AFF1F4A0AFF1F10B51E4893
:10341800A1218078890048431C49A12309689B00A1
:103428004418912189000A5917490020897859437D
:10343800164B1B68C918C98E002A1ED01448C068CC
:10344800FF300130012A0CD0114BDB68FF33813388
:10345800062A08D86479012C05D00D4C5234125D27
:1034680004E0006B09E00A4A543212791B6D006BC4
:103478005A430B0A5B1C5A431018064AC9085143A1
:10348800814200D8084610BD300DFF1F3409FF1FC8
:103498006067FF1F53070000034900204861034984
:1034A800086048607047000040F0004040F100406C
:1034B8001CB52748A1218078890048432549096817
:1034C80044182548406A80B2009091208000015934
:1034D80000290FD02148C068FF30013001290ED0E3
:1034E8001E4AD268FF32813206290AD81B4B523352
:1034F800C95C09E0608CE18E484340100DE0006B28
:103508000AE0164954310979126D006B5143E28E75
:10351800120A521C514308184000009940180090A4
:10352800FFF774FF0190019900980D4B421AE0696A
:10353800C10859438A4201D8009805E00949400862
:103548004843019940180090FEF72EFB1CBD00006F
:10355800300DFF1F3409FF1F001003406067FF1F75
:10356800530700007102000070B50D4C0546E06875
:10357800808D400505D50B48406AC003C00B02F09A
:103588001DF9002001F03AFB002808D00648016820
:10359800E068FF30813041652846FEF7A1FB70BD29
:1035A8006067FF1F40F000400080FF1F70B58AB0C1
:1035B80000241E4D049405942878012806D004A9F7
:1035C8000120FEF721FB002802D000200AB070BDC0
:1035D8000498009005980190154881680291C06888
:1035E8001349039006AA10316846FEF77FFB104E78
:1035F80010222036314606A8FEF77EFB002811D09F
:10360800012028700B4A31466846FEF76FFB049488
:103618000020694605948200401C8C500428FADB7F
:103628000120D3E7FF202870CFE70000C967FF1FFC
:103638000029001174F7FF1F10B5224803782249AA
:103648001022C968022B08D00378012B05D0037813
:10365800032B02D00378042B00D10A6204780E23CE
:10366800022C09D00478012C08D00478032C07D048
:103678000478042C06D007E01B2404E0122402E09E
:103688004B6001E00C244C6004780F49C968803114
:10369800022C0BD00478012C0CD00478032C0ED00B
:1036A8000078042801D1CB610A6210BD1F20C861CF
:1036B800212002E01420C8611820086210BD1320E0
:1036C800CA61FAE74A0AFF1F6067FF1F10B50F4873
:1036D80080680007000F062808D008DC02280CD0F4
:1036E800042803D101210020FEF710FD10BD072892
:1036F80007D00C28FAD10221F5E70020FEF72CFDAF
:1037080010BD02484030C06B10BD000000400040B2
:1037180010B50F4880680007000F062808D008DC9D
:1037280002280CD0042803D101210120FEF7EEFC69
:1037380010BD072807D00C28FAD10221F5E701208F
:10374800FEF70AFD10BD02484030C06B10BD0000F6
:103758000090004038B5FEF73DF901229207936AC0
:1037680008240094002B01D1012090620A4802210C
:10377800016000994D1E0095FBD203210160009461
:10378800641E0094FCD200210160002B00D19162DC
:10379800FEF726F938BD000000C00040012292075C
:1037A8000121202804D2936881400B43936070471D
:1037B800402805D25369203881400B435361704734
:1037C8006028FCD2136A403881400B43136270476B
:1037D800F1B584B0FEF70CFD0124A4070190A76A97
:1037E800FEF7F8F822490220086060620120A06212
:1037F800FEF7F6F81F4D28698007FCD420200090BA
:10380800411E009101D30846FAE71A4E803E3068FF
:103818000028FCDA18490120FFF7D0FB0498FEF7CE
:1038280071FAC0B2029028698007FCD42020009069
:10383800411E009101D30846FAE730680028FCDAF7
:103848000D490320FFF7BAFBFEF7C4F8084900202A
:10385800086003216162A062FEF7C2F8002F01D15F
:10386800FFF778FF0198FEF7D5FC029805B0F0BD88
:1038780000C0004080C80040FFFFFF07F7B52A4896
:1038880084B001781746002902D00F2007B0F0BD98
:10389800254801250570FEF7ABFC0190FEF79AF864
:1038A80022490220086044076062A562FEF798F882
:1038B8001F4D28698007FCD420200090411E0091EC
:1038C80001D30846FAE71A4E803E30680028FCDA31
:1038D80018490120FFF772FB3A4605990498FEF74C
:1038E80017FAC7B228698007FCD420200090411E2F
:1038F800009101D30846FAE730680028FCDA0D4940
:103908000120FFF75BFBFEF765F808480025056016
:1039180003206062A562FEF763F80198FEF77AFC5F
:10392800014805703846B1E73867FF1F00C00040FE
:1039380080C80040FFFFFF070348C1691F225204E7
:103948009143C1610020704700F0004010B5782114
:103958000848FEF7E3F908480078012803D0022850
:1039680004D0042804D1FEF7DFF901E0FEF7E2F9FC
:10397800002010BD1894FF1F4C67FF1F70B5124C34
:1039880000230C255D43655D854201D1072070BD8C
:10399800002D04D05B1C0A2BF3DB032070BD0C2523
:1039A8006B431B19094C25786E07ED086D1C760FC3
:1039B800ED002E432670002BEFD000245C701870A9
:1039C8009A602046596070BD1894FF1F4D67FF1F0D
:1039D8000020704770B50546164800240078012875
:1039E80011D004280FD0FDF7F5FF0021124A0B462D
:1039F80008460C267043165C002E0FD0AE4205D147
:103A08008018437007E0FEF78FF90DE080184078C2
:103A1800002800D0641C491C0A29E9DB002C05D0C9
:103A2800FEF782F9FDF7DCFF002070BDFEF782F992
:103A3800F8E700004C67FF1F1894FF1F002070472D
:103A480010B514490D200870134901200870134956
:103A5800002008701248C16B490949010931C16346
:103A6800C16B60221143C16300F01CF800210420DF
:103A7800FFF762F801211420FFF75EF801211520F5
:103A8800FFF75AF801211720FFF756F8FFF7AAFAAF
:103A980010BD0000480AFF1F490AFF1F680AFF1FE0
:103AA80080F0004010B5FFF745FA10BD10B5054984
:103AB800486000F089F8044A00211320FFF75EFFF0
:103AC800002010BD3867FF1FD13BFF1F0248006A66
:103AD800002800D0004770474003FF1F1CB504466C
:103AE8000F4884421AD0012907D0022916D1012192
:103AF8002046FEF725F9002810D10A492046FEF78E
:103B080025F90848001F0168002907D004206A46E3
:103B18001070002050700190684688471CBD000056
:103B2800FEFF00006466FF1F10B501F0A7FE0848FD
:103B3800017A002909D002460121603A117000215A
:103B4800417205490348C86710BD01F069FE10BD00
:103B58003891FF1F00B3FF1F5893FF1F10B501F0E6
:103B68008DFE0848017A002909D002460121603AF1
:103B780011700021417205490348C86710BD01F062
:103B88004FFE10BD3891FF1F00B3FF1F5893FF1F52
:103B980010B5642001F072FE0848017A002909D0A6
:103BA80002460121603A117000214172054904481A
:103BB800C86710BD01F034FE10BD00003891FF1F2A
:103BC80000B3FF1F5893FF1FF8B523480178022957
:103BD80001D9042000E000782049214B0A6801211E
:103BE80000249A4201D1009100E0009400230121B1
:103BF800FEF7B2F81C491B4888631B484030046133
:103C08001021416102268661880318490860BFF3C4
:103C18004F8FBFF36F8F16480168FF22120491433C
:103C2800B20511430160642000904120FFF7B6FD02
:103C38004020FFF7B3FD75076E620098411E0091A2
:103C4800FBD203206862FFF785FDAC620348001DC4
:103C5800FEF788F8F8BD00004A0AFF1F3C67FF1FFF
:103C68006B000208050001FF00C8004080E100E089
:103C780010E400E002488069C00700D001207047C6
:103C88004010004030B50AC8284A4C071068A40FF5
:103C9800800880002043CC08E50704241060002D2C
:103CA8003CD0A0437824A0430C06240FE400204312
:103CB8000F24E401A0430C05240FE40120430C0B5E
:103CC800E5071B4C10602BD0A0431A4C20404C0237
:103CD800A40D240320430F24A405A0434C01240F62
:103CE800A40520439C01C90E6408214303C2990E10
:103CF800CC0701218906083A002C13D08843D90E35
:103D0800CC070D4910600FD0884303210907884369
:103D18009900890F09070843106030BD2043C1E7A7
:103D28002043D2E70843EAE70843EEE7B868FF1FF5
:103D380000080000FF0FC0FF0000000870B54C79B4
:103D48000B7924020A781B199BB2002A04D1C47883
:103D5800012C01D1002B0CD002468032C41DD37B2C
:103D6800FF340125FA34002B12D0D37A172B07D051
:103D78000EE0FF2122310A540721FDF7F9FF70BD3B
:103D8800927A012A04D1094AD278002A00D02572F1
:103D9800267AFDF7F3FF00210548012E0171EED1C7
:103DA800217A0029EBD1057170BD0000E010FF1FDA
:103DB8006067FF1FF8B5054612480F46C078814274
:103DC8001FD1E878002818D00024A0004619FF3633
:103DD8008136F16800290DD0086800280AD12879B1
:103DE80000F044FD0020F0600520C001281841784B
:103DF800491E4170641C082CE7DB39462846FDF74C
:103E0800C3FFF8BD6067FF1FF8B507460546FF37D3
:103E1800052000268137C0012C18B0004019FF305A
:103E280001300090C16E002905D0287900F01EFDF0
:103E38002078401E20700098F96A761CC166082E0A
:103E4800EBDB0026B0004019FF3081300090C168DC
:103E5800002905D0287900F009FD6078401E6070BF
:103E68000098F96A761CC160082EEBDB0026B000CA
:103E78004719FF378137396B002905D0287900F0B9
:103E8800F5FCA078401EA0700020761C3863082E30
:103E9800EDDB284600F058F92846FDF77BFF0021A6
:103EA80008468A005219FF320132491CD066082997
:103EB800F7DB00218A005219FF328132491CD06099
:103EC8000829F7DBE070F8BD10B5FDF769FF09496F
:103ED800A122897892005143074A12688A18D11D95
:103EE800FF31FA31CB6F528C1B0C1B041343CB6789
:103EF80010BD0000300DFF1F3409FF1F10B5034629
:103F08000446FF334B330620187001220321204654
:103F1800FDF74CFFFF20012138300155FF200649ED
:103F2800493001539D2080000059002802D1803477
:103F3800208A6082012010BD0305000010B50B48DF
:103F4800A1218078890048430949096840184178C7
:103F5800002907D0FF30FF300230C16C002901D0A2
:103F68000021C164FDF728FF10BD0000300DFF1FC0
:103F78003409FF1FFFB504466030C07E072581B0B5
:103F88001746012842D12046FDF71CFF00283DD0E6
:103F98002148007800283CD0FF2611362046FDF73E
:103FA80017FF009020790022314600F015FC009997
:103FB80089000E19FF360136F066002826D0A620A3
:103FC800005D002807D03A462046049B0299FDF779
:103FD800EDFE3F1DFFB20520C001251828783A469E
:103FE800401C2870029938020843F16E8880F06EF0
:103FF8000499801DFDF7F2FEF16E0120086020464D
:10400800FDF7F2FEE878401EE8700025284605B066
:10401800F0BD3426C2E700001709FF1FF8B5414C70
:104028002068002804D0FDF7E5FE2178C84005E0A7
:10403800FDF7E0FE3C490968FDF7E2FE3B49A12295
:104048008978920051433A4A3B4D12683C4E8C188D
:104058006378384A3949002B0AD0FF34FF340023EB
:10406800023463640B6831698B4241D3591A41E0C9
:104078002078002805D0E01DFF30FA30436C5B1C27
:10408800436408683169884201D3401A01E0511A33
:104098000818E71DD238FF37FA372860796C0129EC
:1040A8002CD0002930D006292ED8607901282BD0B1
:1040B800FFF7ACF9E18E234BCA085A438242786C69
:1040C80025D8022821D01E4B5133C35CFF24F06849
:1040D800D1342458FF30090A01306343491C006B6E
:1040E8004B431818101A07217964296808180AE040
:1040F800511AC918081AF168C96811E0F168FF3146
:104108000131096BF2E72860F8BD0020EDE7F2689D
:10411800090AFF328132126D491C5043484329680D
:104128004018F0E71C08FF1F1808FF1F300DFF1F7D
:104138003409FF1FFFFF3F00A009FF1F9C09FF1F55
:104148006067FF1F5307000010B50179134A490043
:10415800515C002920D012490B688C15A3430B60D1
:104168000146FF3121310B46097D022421400479A3
:104178006400A418647821431975094B403BDC6B33
:10418800A408A4000C43DC63037900215B00D1542C
:10419800007940008018417010BD00001897FF1F7B
:1041A80040100340F3B507469848A121807889005C
:1041B8004843974989B00968002644182046FF30CB
:1041C80021300690407D322822D0222820D0254652
:1041D800FF358135E86A0168002909D08188001D0A
:1041E800090A891CFDF712FEE96A0020761C08609E
:1041F800FDF712FE0A99002508802046FF30C130DD
:104208000790007C002829D0B84227DC002018E05D
:10421800804901200860FF20AD30002100590126A7
:104228000160E5E780000019FF308130006B6D1CEC
:104238008188EDB2090A001D891CFDF7E7FD009889
:10424800401C00900798017C00988142EADC07989E
:10425800007C3F1A86190798002101746E490020D6
:10426800C870FF20AD3000590168002903D00079DB
:10427800C04380073AD00698C07D002836D00698FB
:10428800807D002832D10798007CB8422EDA5F483A
:1042980081781C20414361480818017A002925D1FA
:1042A80001210172A9000919FF31C0688131086331
:1042B80000281FD00520C001201881786D1C491CDA
:1042C8008170FF204930005BEDB2010A2046FF30C3
:1042D8004930891CFDF79AFD06980021C17506989A
:1042E800012181754C48761CC1707F1E0798007C9F
:1042F800002802D030460BB0F0BD2046FDF792FDF5
:10430800049000283BDD002F39DD002031E02046F5
:10431800FDF78EFD80000019FF3001300790C06E58
:104328008188001D090A891CFDF770FD00281ED030
:104338000798C16EA8000019FF3081300163079902
:104348000020C8660520C001201881786D1C491C12
:1043580081700178EDB2491E01702046FDF76EFDAF
:10436800E11DFF31FA31086A401C761C086200988A
:10437800401C04990090884201DAB842C7DB2349FF
:104388001C228878254B5043C218107A002822D066
:104398000020691E1DE083001B19FF3381331B6B4E
:1043A800D768BB4214D1884212D0A9000A198000EC
:1043B800FF3200198132FF308130D16A016313481E
:1043C80081781C20414315480818C068D06202E073
:1043D800401CA842DFDB092080012018817E0029CB
:1043E80011D0017D00290ED0428E002A0BD0817F8A
:1043F800914202D2491C817705E0002181771A2178
:104408002046FDF7B5FCB0B275E70000300DFF1F80
:104418003409FF1F00140340E010FF1F3897FF1FE7
:10442800F0B589B0FDF71EFB05469A48A1218078B2
:104438008900484398490968441898480068012841
:1044480003D19748816D491C8165052D01D0042D44
:1044580002D12046FFF778FEFDF7F2FA9149924A19
:104468000861924842610122C2600260052D17D09E
:10447800042D7DD1E08E8E4AC9685043FF22DF3279
:10448800125B801AF8225258896C801A814A527835
:104498005208D040814200D20846FDF78BFB04E069
:1044A8006079012801D0FFF703F8FDF7C9FA0690F3
:1044B80080480078002805D0FF20113000273E46AC
:1044C800009033E03420F9E72046FDF7BDFC811960
:1044D800794800788142204603D2FDF7B5FC80195F
:1044E80005E0FDF7B1FC811973480078081AC0B2DD
:1044F8000790684802228078009900F06DF90799C2
:1045080089000919FF318131C860002813D00520BE
:10451800C001201842787F1C521C42700020CA68D3
:10452800761C1060C968FFB28880F6B22046FDF795
:1045380091FCB042C8D85D48FF2109044268002FA9
:1045480004D08A4339040A43426025E08A430121A2
:10455800090451184160217901204A0057498854BB
:10456800FF203530005D2279C007C00F520000E0FF
:1045780015E0521850704D484030026883151A43B0
:10458800026002682379520852005B005918497882
:104598000A43026002218162069800F07BFA4849CA
:1045A800486B484AC0B21278002A17D1464A0023FD
:1045B800D356002B454BD35606DB1B0400269657D3
:1045C80032029A18121808E0FF331B040026965787
:1045D80032029A183E4B1218D2184A63022801D2A6
:1045E800022002E0502800D950203A4A1278022AC4
:1045F80011D0394A1678394B1F78BE420FD9167830
:104608001B78F31A801E4010434310784001C01AEB
:104618001030401104E0324A1678324BECE710783B
:104628004A69120A120210434861052D01D0042D6F
:1046380016D12D480078002806D02C48007800288C
:1046480002D00020FDF7AAFAFF34FF340234207BA1
:10465800042801D0032803D1FF205F30FDF744FA76
:10466800022D12D122480078012807D0032805D04E
:10467800022803D01F480078022806D11148007884
:10468800002802D16C20FDF72FFA1B490120C882AF
:1046980009B0F0BD300DFF1F3409FF1F9809FF1F37
:1046A800FC0FFF1F6067FF1FFF3F00000010034063
:1046B800710200001709FF1F1609FF1F1897FF1F37
:1046C800800003408C09FF1F680AFF1F00000000DC
:1046D800FFFE0000490AFF1F440AFF1F450AFF1F8B
:1046E800460AFF1F470AFF1FF908FF1F2209FF1F7D
:1046F8001C09FF1F2309FF1FBC0BFF1FF8B531481A
:10470800A1218078890048432F4909684418264622
:10471800FF3681360020F16A354640350860287436
:104728002A48C1684A050169520D49014B0DC16902
:10473800274F39401143C1619F1A1EE0F06A016892
:1047480000291ED02349287C0978884215D2800088
:104758000019FF308130006B00280ED0001DFDF7D6
:104768007FFB3F1A287C81000919FF318131096BD1
:104778008988090A01D0401C2874002FDEDC2D7CB2
:104788001CE0001DFDF76CFB3F1AF16A0120086070
:10479800F3E7A8000619FF368136316B00290BD0E4
:1047A8000848807800F062F8002030630520C001D6
:1047B80020188178491E81706D1CEDB2082DE8D350
:1047C800F8BD0000300DFF1F3409FF1F40100340E3
:1047D8000000FF071509FF1FF7B584B00C46FDF769
:1047E800F9F81C4D1C4E2868029030681B4F019048
:1047F800386800901A48816B2960C16B3160006C81
:1048080038601848002101702046FDF72FFB044648
:104818000298286001983060009838601148012299
:1048280002700499104B1C256943C918002C03D049
:10483800087E401C087607E00698C0000B5C002B39
:1048480002D10A5408184468FDF7CAF8204607B090
:10485800F0BD0000D808FF1FD408FF1FDC08FF1FA9
:104868006067FF1FD008FF1F3897FF1F70B50C4601
:104878000546FDF7AFF810481C2100224D432818C3
:10488800D100435C002B09D041184968A14205D1E9
:104898000021D2008154FDF7A3F870BD521CD2B29A
:1048A800032AEDD3241F21884904490C2180017E65
:1048B800491E0176EFE700003897FF1F30B50A045C
:1048C80015D40B4B0B4C18600B4A206011608908FB
:1048D8008900091800258039CD671168091F016012
:1048E8000648216881631968C1631168016430BD95
:1048F800D408FF1FD808FF1FDC08FF1F6067FF1FD1
:10490800F0B5114A114B124900280ED00020145C52
:10491800002C06D085005D59002D02D0A400641833
:104928002560401C1028F2DBF0BD00200446155C11
:10493800002D05D0AD006D1887002E68DE512C6063
:10494800401C1028F3DBF0BDB967FF1FCC95FF1F93
:104958000000FF1F10B504490968002901D08847E5
:1049680010BDFDF7A9F810BD8002FF1F10B504495E
:104978008968002901D0884710BDFDF79DF810BD52
:104988008002FF1F10B504498969002901D08847B2
:1049980010BDFDF791F810BD8002FF1F10B5044946
:1049A8004969002901D0884710BDFDF785F810BD79
:1049B8008002FF1F10B504494968002901D08847C3
:1049C80010BDFDF779F810BD8002FF1F10B504492E
:1049D8000969002901D0884710BDFDF76DF810BDA1
:1049E8008002FF1F10B50449C968002901D0884713
:1049F80010BDFDF761F810BD8002FF1F10B50A4811
:104A0800A12180788900484308490968401800793D
:104A180007494000085C002803D006490020887137
:104A280010BDFDF729FA10BD300DFF1F3409FF1F17
:104A38001897FF1FE010FF1F10B51249A1228978AF
:104A480092005143104A126889189F2292005258C6
:104A580093B22422525C934209D99A1A0B4BC96922
:104A68005A434A43411C02D0C82800D08018FDF799
:104A780009FAFDF70DFA002803D114210448FDF7BF
:104A88000DFA10BD300DFF1F3409FF1F7102000021
:104A98000010004010B50446FCF7D2FFA04203D333
:104AA800FCF7CEFF011B04E0FCF7CAFF0949091B0C
:104AB80041180948026A914200D20162C2699142D2
:104AC80000D9C161426AD3009A1A5118C9084162D3
:104AD80010BD0000FFFF3F006067FF1F10B50120F9
:104AE80001F02CFC0E4C022020700E4901200870A9
:104AF800FDF7DAF9FDF7DEF9FDF7E2F9FEF7A0FFB9
:104B08002078FEF7E9FBFEF721FF07480068FEF76B
:104B1800CDFF00F055F900F03AFB002010BD000071
:104B28004A0AFF1FFC64FF1FF463FF1F10B51348F8
:104B3800017F407F000208180004000C1CD0FDF71C
:104B4800C5F90F48A121407D890048430D490968EE
:104B580042180020014683009B18FF330133401C94
:104B6800D9660828F7DB002083009B18FF338133C0
:104B7800401CD9600828F7DB10BD00009014FF1F07
:104B8800A60BFF1F3409FF1F70B500241020FDF786
:104B98006DF91349102208600021FDF79DF92046A0
:104BA8000124FDF79FF902252046FDF7A1F903240A
:104BB8002846FDF7A3F904252046FDF7A5F90524A5
:104BC8002846FDF7A7F906252046FDF7A9F9072489
:104BD8002846FDF7ABF9204600F02CF870BD000020
:104BE800F866FF1F10B504480178C90701D076217F
:104BF800C160FDF7A1F910BD0020004010B50C4AB6
:104C08000021D36812691B781268002A03D04C006F
:104C1800145B002C03D1491CC9B29942F5D39942BF
:104C280004D2002800D00170002010BD012010BD62
:104C38000000FF1F30B54D4D89B0687001216846EE
:104C48000171072202720022828101740C21818283
:104C580001838283FF21F5310184C320444C02AAD9
:104C680001218000FDF76EF901AA01214148FDF7F5
:104C780069F9404803AA0221401CFDF763F900F0D6
:104C8800CDF8002802D02078401C20703748062232
:104C98001D302146FDF75CF9344A36480C3219219B
:104CA800801CFDF74FF9312004AA01210001FDF70E
:104CB80049F9304805AA02210C30FDF743F92D487F
:104CC80006AA02210D30FDF73DF92A4807AA02215C
:104CD8000E30FDF737F9C52008AA02218000FDF73C
:104CE80031F9224A152125320020FDF737F9012133
:104CF8001F20FDF739F9FF24913421460620FDF7DE
:104D080033F921460720FDF72FF921460820FDF742
:104D18002BF921460920FDF727F90024E443204612
:104D2800FDF728F92046FDF72BF90221687800F0F5
:104D38007BF81148FDF72AF9F020FDF72DF9FF203F
:104D48000130FDF72FF90120FDF732F90120FDF7B9
:104D580035F9032300211A460846FDF735F90121E4
:104D68006878FDF737F909B030BD0000FC66FF1F11
:104D78006509FF1F05030000854FFF1F10B50C468E
:104D880008040AD50D484078FDF72AF9002801D013
:104D9800FDF72CF90120C0030CE0E00705D0074817
:104DA800001DFDF729F9012004E0A00704D500F053
:104DB80029F80220604010BD002010BDFC66FF1FCE
:104DC80010B50D48416B0D4A0907090F426309D018
:104DD80001290AD00A4803290AD0062901D100214D
:104DE800417010BD0AF078FB10BD01F03FF810BD0E
:104DF8000121017010BD000000F0004030310000BA
:104E0800EC66FF1F10B50448816F41676821872051
:104E180000F022FD10BD00005893FF1F01484078A4
:104E280070470000EC66FF1F10B5084A5070104626
:104E38002038418400F0F4FC04480C3000F05EF99E
:104E4800034800F00DF8002010BD00003891FF1F46
:104E5800F556FF1F0149C01EC88470471891FF1FEF
:104E680010B504460848FDF7CDF808490848FCF78E
:104E78006DFF0648074A08210830FDF7C9F80349BD
:104E8800091F0C6010BD0000E53AFF1F6466FF1F94
:104E9800FFFF00004064FF1FF8B5234D04460528B6
:104EA80007D028780126214F052809D002281FD0CD
:104EB80038E01D491D48891C0930FDF7AFF831E07D
:104EC8006846067020210820FDF74EF820210920A9
:104ED800FDF74AF800210846FDF746F86A46012121
:104EE8003846FDF72FF800210846FDF79DF819E030
:104EF800032C17D10820FDF79DF8202812D1684609
:104F0800067020210820FDF72FF820210920FDF741
:104F18002BF800210846FDF727F86A460121384694
:104F2800FDF710F82C70F8BDFC66FF1F05030000A4
:104F380038B5044669460E48FDF770F86A460D49CB
:104F48001088FDF77DF86A4611880B4A91420CD00B
:104F5800C0070AD0074800224830408920806846A8
:104F680021460088FDF772F838BD122038BD0000D0
:104F78000E0300006466FF1FFFFF00001CB54178A8
:104F8800172917D00179022914D104890A48008801
:104F9800844200D904462046FFF75CFF694600209A
:104FA800FDF75AF868468088A04203D201214803D9
:104FB800FDF73AF81CBD0000CC67FF1F097A0220F4
:104FC800C90600D508207047FEB584461546087AFC
:104FD8000026089A0C46800601D50820FEBD2178D7
:104FE8000120022923D0264A6189528DDFB29142DD
:104FF8000AD123490C390968002905D06A4610707E
:1050080057706846019588471D4861894030408F30
:1050180081420AD11A480C380168002905D00222B9
:10502800684602704770019588473046FEBD616842
:105038000F78497809027918124F89B2B942F4D128
:1050480000920190DBB22A4621466046FDF70AF835
:105058000600EAD10A480C3801680029E5D06A78C8
:1050680028781202801880B2012807D006206A46E4
:1050780010700020507001906846D5E70520F6E7CB
:105088006C66FF1F02290000F8B50D461121044681
:1050980009060C43144910208C4203D362198A4232
:1050A80000D8002011498C4204D3114A6119914259
:1050B80000D800200F4A6119914200D800202146EB
:1050C8002943090501D00C20F8BD0028FCD1002691
:1050D80001273F0303E0A019FEF77AFBF619AE4259
:1050E800F9D30020F8BD0000003000110040001185
:1050F8000010011101001011002070473CB5044652
:10510800002000900190114D042211496846256045
:105118000AF00BFA0098411C10D020280CD80C4932
:105128000422091D01A80AF000FA0198012807D0F5
:10513800022808D0002806D068203CBD67203CBD66
:105148000448206000E0256000203CBD00100111EB
:1051580000300011CB08AF3210B513468A0701D0D2
:105168000C2010BD0A46014602481818FEF786FBB7
:1051780010BD00000030001110B5830701D00C20CD
:1051880010BDD21C92089200FEF778FB10BD10B536
:10519800FCF76EFF0120FCF771FFFCF775FF00209C
:1051A80010BD0000F8B5264D1421A87A2F464843B3
:1051B800603FC619A87A142250433A4629798018C4
:1051C8007436846F002919D130681E49A04212D064
:1051D800FA6E841820050ED0200B00034A1C801894
:1051E800B2681219121A5118090B0903FFF74CFF7C
:1051F80000280BD102E0200B0003F1E71248B26847
:10520800C16F2046FFF7B8FF002802D0FEF78CFCDC
:10521800F8BDA87A697A401C88420BD12879002801
:1052280001D101F09FF8042038700021832000F09C
:1052380013FBF8BD0220387000218520F7E7000035
:105248003891FF1FFF0F00005893FF1FF0B5234E42
:10525800234B002822D000211CE0A12080003268C6
:105268004843801804460022FF34813497003F18D1
:10527800FF370137E56A521CFD66082AF6DB002273
:1052880097003F18FF378137E56A521CFD60082AEE
:10529800F6DB491C18788142DFDBF0BD00210846A7
:1052A80017E0A122920034684A431419002295009D
:1052B8002D19FF350135521CE866082AF7DB002254
:1052C80095002D19FF358135521CE860082AF7DB57
:1052D800491C1A789142E4DBF0BD00003409FF1F35
:1052E8001409FF1FF3B599B000210A911A991229E0
:1052F8005CD80A46014601A8FCF72AFE0AF0DEF847
:10530800B84AB94C90700890684601790520C001E8
:1053180026182046513007901038009030380F90EA
:105328002546203001AF603514900B00FCF7B2FE23
:1053380009ED67B4EDECEB062142ED000620207084
:10534800102200211498FCF7C7FD1022791C14982C
:10535800FCF7FEFD1021601CFCF7A2FEA24A611CAE
:1053680021321546A148FCF7C1FC102229468B20A2
:105378001AE007202070102200210F98FCF7ACFDDE
:105388001022791C0F98FCF7E3FD0BAA97480F9998
:10539800FCF7ACFC10220BA81499FCF7ADFC002814
:1053A80006D01022611C8C2000F07AFA1BB0F0BDE8
:1053B8006B202DE0102200210098FCF78DFD1022B3
:1053C800791C0098FCF7C4FD10AA611C0F98FCF723
:1053D8008DFC10A98548079AFCF788FC10220099D3
:1053E8000798FCF789FC002807D010228D20079920
:1053F80000F056FA01202070D8E76C2008E02078E9
:10540800274601287ED168464079202803D90620FE
:10541800FEF7A4FBCAE70120E872107828717248E9
:1054280014466C30FFF76AFE0220387068464079EF
:1054380068726F48F0676C480522D2010021743009
:10544800FCF74AFD1020A08068468079002805D026
:10545800A080FF2802D10020C043A080287900281E
:1054680017D11490159016901790A07800280DD099
:10547800102214A80099FCF73FFC012842D0102202
:1054880000200799FCF738FC01283BD05948FEF763
:105498009FF981200A999DE0684640791421079078
:1054A8004843514944180878743402282AD1B81C52
:1054B800FCF7C0FA01026846407A090A000601436F
:1054C800B81D2160FCF7B6FA01026846407B090A5C
:1054D8000006014303A802306160FCF7ABFA010241
:1054E8006846407C090A00060143A1600898002824
:1054F80010D004A80230FCF79DFA00026946000AA1
:10550800497D03E061E040E029E066E009060843E0
:10551800206102E06846408AA0812879002806D1E7
:1055280035496068354A4118914200D220602046CA
:1055380000F0FAFC002810D02B48032101700798CE
:10554800A87200207067B06729482D4AFF21F067CC
:10555800FCF7C2FC002184203CE0062032E0002059
:1055680028741A98012802D0022803D006E009F00E
:1055780093FF03E068464079012801D0062102E044
:105588000120287400218A2024E0207802281CD1D8
:105598002879002819D0781CFCF74CFA04026846D0
:1055A800007A240A00060443781DFCF743FA010236
:1055B8006846007B090A000601432046FFF764FDA0
:1055C800002805D0FEF7B0FAF0E6FEF7E1FAEDE6BE
:1055D8000021892000F040F9E8E608202070052124
:1055E800FF20F7E7EC66FF1FD890FF1F74F7FF1F37
:1055F80000B3FF1F00300011FFFFFFEEFFFF0F0099
:105608001040000010B5054A1278032A02D0FEF7B0
:10561800BFFA10BD00F004F810BD0000D890FF1FBD
:10562800F8B5304E0F46B17A1422514332462C4C0D
:10563800603A89187431656F0091E16F3A464B19E9
:1056480001461846FCF784FC0099ED198868A842C1
:1056580001D265203DE06567A06F224F22492A1AD2
:10566800203FF88C89884843824208D1002187204E
:1056780000F0F2F8606FA0677D20400101E07D2016
:10568800C00000F045FC00988068A84223D1798CBE
:105698007078FCF70BFD798C7078FCF70DFD1248DB
:1056A8008078002810D1B07A142148430D49603918
:1056B8004518EA6F00207435E16F09F01BFFA989CE
:1056C800814201D0662004E000F0DEFB002803D010
:1056D8006A20FEF729FAF8BDFFF764FDF8BD00005F
:1056E8005893FF1F3891FF1FEC66FF1F10B5124932
:1056F80004780A4660322300FCF7CCFC0709050A47
:10570800090F1719090041784068FFF7EBFD10BD34
:1057180041784068FFF776FF10BD107C002801D063
:1057280009F0BAFE00F07CF810BD012000E000206E
:105738000870107210BD0000D890FF1FF8B51E4801
:105748004168090601D50020F8BD4168802211434F
:105758004160194D0A260027803DE869400840004D
:10576800E8610620FCF774FA134CC03CA06980215C
:105778000843A061E86901210843E86102E00820C4
:10578800FCF766FAA86A800504D43046761EF6B29D
:105798000028F4D1002E07D0286A7E21C70BA06903
:1057A8000F4088433843A061A16980208143A161EB
:1057B8003806400EF8BD0000C0F00040124B10B58E
:1057C80012497E2298420AD98B695B069B0E06D045
:1057D80088698B694006800E9343401E0CE00C4B91
:1057E80098420FD2886910407E280BD288698B694D
:1057F8004006800E9343401C400003438B61032006
:10580800FCF726FA10BD00000B20000000F0004055
:10581800FD1C0000014840698008704740100040A6
:10582800F8B50B4C03222546203D204667786E8C40
:10583800120200216038FCF74FFB0120E072054896
:10584800007820711420E88467706E84F8BD000029
:105858003891FF1FEC66FF1F30B5BFB00D460446F8
:10586800F82200216846FCF737FB02216846418090
:1058780005714471FFF75CFB3FB030BD10B5BEB099
:105888000446F82200216846FCF726FB01216846F9
:1058980041800471FF214171FFF74AFB3EB010BD02
:1058A80070B5BEB014460E460546F822002168467B
:1058B800FCF712FB601C694648800D71002003E06C
:1058C800325C0B185A71401CA042F9D30846FFF706
:1058D8002FFB3EB070BD10B500F014FAFFF72EFF95
:1058E80010BD000030B53948016801229204114307
:1058F80001604168032212069143354A13781B065A
:10590800194341604368032189058B4331490C7869
:10591800A40523434360436860242343436013780A
:10592800022B08D01378012B05D00B78022B02D05C
:105938000B78012B04D14368FF24013423434360CF
:105948001278032A02D00A78032A03D142688023F6
:105958001A434260426803239B041A4342600B784F
:105968000122D2051C48002B03D11C4B1B78032BAA
:105978001BD0C3689343C360174A194B4032D360A6
:10598800FF2361331361174C5461174B9361FF2553
:10599800114B813580335D609C60144CDC60144B86
:1059A80003600978002903D006E0C3681343E2E7DF
:1059B80001680123194301600E4909780E4BC90695
:1059C800C90BC91881630D48D06130BD40F0004053
:1059D8004C0AFF1F4B0AFF1F800003404A0AFF1FA3
:1059E800C00B00207A3E6A07000089040080890401
:1059F800CC240000480AFF1F250800002FFCA60140
:105A0800F8B505004C4A4D484D4B4E4C4E4936D0E2
:105A1800022D34D08615B702066286699E43F319B3
:105A280083612078002835D0112040030861474859
:105A38000863474800780122120380184861424EE3
:105A4800414C444B803E403C002D28D06521424AC1
:105A5800C9024248012D2FD0022D32D0032D5BD030
:105A6800042D59D03E49691831603E49A160236030
:105A7800E06002210846FCF725FB3B482CE0802625
:105A8800066286699E430123DB04F318836120784C
:105A9800002801D00A61CAE787200003C6E7334817
:105AA80030600020A06023603148E0600321084690
:105AB800FCF708FB2F480FE02F4B3360A2602160F2
:105AC800D6E72D4B5B1C3360A2602160E0600221A9
:105AD8000846FCF7F7FA29482061F068FF210843D7
:105AE800F060274860612748A0612748E06127489F
:105AF8002062274860622748A0622748E06227485A
:105B0800206327486063E020012D0DD02168022D15
:105B18000ED081432160F8BD224BEB183360224B35
:105B280073602160A260A3E7216881432031F1E717
:105B380081434031EEE7000000450400C000034007
:105B480000001C004B0AFF1F8000034002000001F8
:105B5800440AFF1F00280B0055555537D6BE898EBD
:105B68000080064255555500805508220080067869
:105B780007EE7536806608220180063D80450822BA
:105B8800A49C5C544C44434241524C46403A342E07
:105B980028007F554F49433D37312B4C46403A3416
:105BA8002E28221C00800698545A9850F0B5224B93
:105BB800214D21498026204A0727BF04403BC03D8C
:105BC800E024803902281662966914D0BE43012762
:105BD800BF04F6199661194A1278002A1ED07A1065
:105BE8001A6101281ED0164A8018286015480861D5
:105BF8000868A04314E00120BE43C004361896612B
:105C08000E4A1278002A00D0401018610E48286009
:105C18000E4808610868A043403001E01F61E0E7D2
:105C28000860F0BD0848401E2860094808610868F7
:105C3800A0432030F4E70000C00003404B0AFF1FD8
:105C480000800698805508220280063D804508227B
:105C58008066082210B50A49002008700949022008
:105C68000870FFF73FFE0848007800F011F8074C6D
:105C78002078FFF7C5FE2078FBF766FF10BD00000F
:105C88004B0AFF1F4C0AFF1F480AFF1F490AFF1F44
:105C9800F0B51A4A03230725D60019499B02602448
:105CA800ED0157693F281AD0B74305263604BE19B7
:105CB8005661CA689A43CB14D218CA60CA69A2430B
:105CC8002032CA61CA69AA43CA610D4940398A6B40
:105CD800C0061205120DC00B02438A63F0BDB7431C
:105CE8000126B604BE195661CA689A43CA60CA69D1
:105CF800A243CA61CA69AA438032E5E700F00040BE
:105D0800C000034000B50021022000F021F80C4932
:105D1800801C08700021422000F01AF80949801CF4
:105D280008700121022000F013F80749801C087050
:105D38000121422000F00CF80449801C087000BDC5
:105D4800440AFF1F450AFF1F460AFF1F470AFF1F95
:105D5800F8B53B4C394A2260394D394A07239B0430
:105D6800803540320129A9690ED0994301239B044B
:105D7800C918A9613349D16033490B780121C90594
:105D8800324E002B07D009E099430123DB04C918E0
:105D9800A9612F49EFE73378032B14D0D3688B43DD
:105DA800D36050630E20106200275762FF20153021
:105DB80050622848009030780300FCF76BF905071B
:105DC800070D090B0D00D3680B43E9E7224802E0F1
:105DD800224800E0224800900098431E0093FBD21E
:105DE800686B57620002000E17621E4BD360FF23D8
:105DF800413353626523DB0223601B4D2F78E02378
:105E0800012F0AD02D78022D25680AD09D432560E0
:105E18000D4B1B78002B07D009E025689D432035E2
:105E2800F5E79D434035F2E73378032B03D0D36879
:105E38008B43D360F8BDD3680B43FAE71000030027
:105E4800400003407F4073004B0AFF1F4A0AFF1FB0
:105E58007F40530010270000204E000030750000DE
:105E6800409C000040401000490AFF1F10B5FBF796
:105E7800B1FDFFF741F9002801D009F027FBFBF736
:105E8800AFFD002010BD000038B51E4C2079002859
:105E980036D1FDF78BFB00282AD0A07A142148437D
:105EA800214660394418184DE16F7434E86F00F0EA
:105EB8007DF800281BD0A1681448091FA1608078CC
:105EC800002816D0626820689042E86F08D16B46B7
:105ED800002209F09DFA20690099884207D10FE055
:105EE80022460023103209F0B5FA002808D06A20AB
:105EF80038BDE86F0A460146002009F0FBFAA08188
:105F0800002038BD3891FF1F5893FF1FEC66FF1F14
:105F1800024610B50348418C20304078FCF7D8F889
:105F280010BD00001891FF1F30B51949194B0C79A5
:105F3800194A0168002C0CD0002925D141688068D5
:105F48000C189C4220D890421ED8144881421BD37A
:105F58001CE044688C4209D1EF231B06C918104B7A
:105F6800994211D2806890420ED80FE00D4D641905
:105F78000D4DAC4208D28068904205D81122120615
:105F880011430818984201D9002030BD012030BDC6
:105F98003891FF1F0100101110400000003000115F
:105FA80001001000000001E00100010070B50C467E
:105FB8000546FDF7FBFA002806D02A190023211F01
:105FC8002846121F09F046FA012070BDF8B56E4C3C
:105FD800FF21E068D5316D4A09581160803080682A
:105FE80080F30888FBF760FF69486A490068022661
:105FF800884206D00020FBF767FE70070169B143AD
:1060080001610020FBF760FE00F0EAF862480078C2
:10601800FBF79AFD614D0027EF61EE61604868610A
:106028000120FBF715FE0320E861FBF7FFFD06469C
:10603800FBF706FD0546FBF7F9FD5A490860FFF72F
:1060480009FE59480068864201D9301A01E0301A21
:10605800401E5649884200D90840E1688A8DD20717
:1060680009D0534A030C126880B2534350431B02B1
:10607800000A18180BE0C2018300D21A4300D21A92
:10608800C3001818921C80309208400A1018206526
:10609800FF314848013149680068091846480068D6
:1060A800091A3F48401C09188A0844488B07444984
:1060B80002600E689B0F9B190B60042B04D9521CBD
:1060C80002609A07920F0A60216D006808183D491E
:1060D800FBF796FE02463C483C4E0368D318036023
:1060E80032688A18374932608A4205D95B1C0360D6
:1060F8001046FBF785FE3160FBF7F0FF3448007867
:10610800002810D0FBF79CFC324A216D401B126816
:106118000B18934202D2511A091A01E07D21C900D5
:106128001E48FBF7BBFE2C4E307A002810D0FBF738
:1061380087FC216D401BF2680B189A4202D9511A4C
:10614800091A00E0254915483C30FBF7A7FE3772CD
:10615800A078002810D0FBF773FC411B226D0F4874
:106168006369551850309D4202D29A1A511A00E0BC
:106178001A49FBF793FEA770FBF7B6FF0220FBF75F
:1061880065FCFBF781FFF8BD6067FF1F0080FF1FFC
:106198000C0AFF1FB6412103490AFF1F00100040E7
:1061A800C3090000100AFF1F340AFF1FFFFF3F004A
:1061B800380AFF1F1C0AFF1F200AFF1F240AFF1F9F
:1061C800280AFF1F710200006008FF1F2C0AFF1F2A
:1061D8001C09FF1FE408FF1F740BFF1FDC050000EC
:1061E800F8B5012081078862FDF756F9FCF7D6FC5F
:1061F80001200090FDF76AFC434E3078434C02289A
:1062080010D0FBF713FD05460F20FBF721FDFCF727
:1062180031FF0520FBF71CFD3078012808D0FCF77A
:10622800D3FF1AE03A48C068006AFBF711FD24E082
:1062380036484038C06B4007400F012802D1002083
:10624800FDF74AF86068FF270137B843606002200D
:10625800FBF7FEFC606838436060FBF7E7FCA84288
:1062680001D3401B01E0401B401E29491E22486300
:106278005043284AC9688018C861284926480860D8
:10628800264827498030C163FF2141314162307877
:10629800FDF722F823492448FBF700FE2248002195
:1062A8001438C1610221C161204941610321C161E2
:1062B8001D481F491430FBF7F1FD0420FCF72AFCA8
:1062C8001420FCF727FC1520FCF724FCFF20FBF723
:1062D80065FC0120FBF70EFFFF20F530FBF764FC9F
:1062E8005820FBF701FC1348FBF764FC0098FBF708
:1062F80007FF0720FBF770FCE0690F490840FF30F3
:106308000930E061F8BD00004A0AFF1F40F0004074
:106318006067FF1F720600000180063D0000034011
:10632800340800007102000014100040C309000086
:10633800FFFF3F003075000000FEFEFF10B5072884
:1063480001D9062010BD04490870FBF78DFF0449E8
:106358000248C861002010BD5967FF1F7122FF1F46
:106368004003FF1F7FB5102200216846FBF7B4FDEC
:106378001B48FDF72DFA1B4D0022687A009000207B
:1063880001900290401E039010216846FEF7E4FE3B
:10639800002823D100242E46603E1BE014206043D1
:1063A8008019416F0091816F0191C16F02910E496F
:1063B8008978002902D08030406801E08030008868
:1063C80022010390102168461032FEF7C5FE00280E
:1063D80004D1641C687AA042E0DC002004B070BDDF
:1063E800003000113891FF1FEC66FF1F3B000108C9
:1063F80023F16E53A422426191518B9B01FF3358C4
:1064080023F16E53A422426191518B9B02FF3358B2
:1064180023F16E53A422426191518B9B03FF3358A1
:1064280023F16E53A422426191518B9B04FF335890
:1064380010000000F863FF1FC54FFF1FD14FFF1F5B
:106448000000000003000000000000000000000041
:10645800FC64FF1FC874FF1F5C010000842BFF1F32
:10646800C874FF1FFC64FF1FCC0F00008419FF1FB6
:106478000004FF1FC874FF1F0C000000842BFF1FBF
:10648800C874FF1F0004FF1F000400008419FF1FC9
:1064980000B3FF1FC874FF1F84000000842BFF1F78
:1064A800C874FF1F00B3FF1F104000008419FF1FAE
:1064B8005866FF1FC874FF1F10250000942BFF1F8C
:1064C80074F7FF1F74F7FF1F14080000942BFF1FB9
:1064D800F1590000FD24000055DA001169CE0011C1
:1064E80015D70011A9C800119DD10011854DFF1FB6
:1064F800080000000114021FFF320236100B0111C0
:10650800012D740A0111105A16102D7065FF1F1005
:106518001A2E10A9301A1C1032031A2820B2201A79
:106528000F0221ABE80354DA88545AF4545A241061
:106538004B80901069205AF5206A269459106920DA
:106548005AF6105A2C102A7C102A0212A15C3075B7
:10655800FFF712062B800C920124041C020106127C
:10656800081210DA043299E8CB3864A82E5966FF6D
:106578001F103759181A5A10A9205A5B201A1820C8
:1065880029105A5C201A1C2029AFDA64305A5D3071
:106598005A28501A5E101119192914C11BA14E1836
:1065A80049CE800F090950506C75734F54410BFF49
:1065B800040569140113123BC301082978148821C2
:1065C80028155902E00122FF2C40787D13197F29F4
:1065D8008201161AFF28E944D1A9B1590C200802F2
:1065E80005090E14227ED31D7012F71205AA0B5C42
:1065F800D122B42A2802143075A049021112081DAC
:1066080008E001F05789023A5002290A63D0071AB4
:106618000F9412051C307507141201DA81B00914A1
:106628006C19C812E01B11910413CDE8BA111C694A
:106638000DFAFFEA893C01FF01FF01FF01FF01FF9D
:1066480001FF01FF01FF01FF01FF01FF01FF013F02
:020000041FFFDC
:10B3000001FF01FF01FF01FF01FF01FF01FF01FF3D
:10B3100001FF01FF01FF01FF01FF01FF01FF01FF2D
:10B3200001FF01FF01FF01FF01FF01FF01FF01FF1D
:10B3300001FF01FF01FF01FF01FF01FF01FF01FF0D
:10B3400001FF01FF01FF01FF01FF01FF01FF01FFFD
:10B3500001FF01FF01FF01FF01FF01FF01FF01FFED
:10B3600001FF01FF01FF01FF01FF01FF01FF01FFDD
:10B3700001FF01FF01FF01FF01FF01FF01FF01FFCD
:04B380000150000078
:020000041FFFDC
:10F4000003B40148019001BD3953010003B4014820
:10F41000019001BD1D530100FEB504460D46164680
:10F420001F460120800780681021084389068860F4
:10F430002B4622460749084801970096FFF7E0FF50
:10F440000290012080078068102188438906886027
:10F450000298FEBD3028001174F7FF1FFEB5044668
:10F460000D4616461F46012080078068102108437C
:10F47000890688602B46224607490848019700966E
:10F48000FFF7C4FF029001208007806810218843A5
:10F49000890688600298FEBD3028001174F7FF1FAE
:10F4A00072B606480168491C0160054804210160E4
:10F4B00000214160012080074160FEE77808FF1FBE
:10F4C000C0F0004010B5F4F775F8002800D110BD69
:10F4D0000120FCE701484168084700003818FF1F79
:10F4E00010B5F2F77BFA00F04FF8002801D1FFF7D2
:10F4F000F1FFF2F779FA002010BD000070B515E0B9
:10F5000003070D78DC0E824B060928071C5BC00E32
:10F51000185A664070400407E40E1E5B040928096F
:10F520004000185A74406040491C521E002AE7D11E
:10F5300070BDF0B501239B079D6A04460C4314433C
:10F54000A40701D00C20F0BD724CFD260C19360327
:10F55000B44201D31020F0BD6F4E002D04D102241F
:10F5600034605C6201249C62002402E00F59241D77
:10F5700080C09442FAD3002D04D1002030600321D2
:10F58000596298620020F0BDF0B500208BB061494F
:10F59000059005460646079009900422494205A8B1
:10F5A000FFF7C7FF0598411C7DD020280FD8002801
:10F5B0000DD00422594907A8FFF7BBFF079802287E
:10F5C00008D0012808D0002806D0032805D06820DC
:10F5D0000BB0F0BD524D00E0524DFFF773FF0890A5
:10F5E00064200090411E009101D30846FAE7484884
:10F5F00004224D49001FFFF79CFF01247EE047488D
:10F600002701001F3918424804221838FFF791FFDC
:10F610004248042239183E481438FFF78AFF3F4811
:10F620000422001D39183A481038FFF782FF3B4882
:10F6300004220830391836480C38FFF77AFF099849
:10F64000002804D1012C02D131481C388668304F83
:10F650001C3F7868411C26D0BB68591C23D0F96830
:10F660008C46491C1FD03969491C1CD0834202D1E9
:10F67000010E112919D0012109912C4A190C91422E
:10F680003BD00899002925D0214A40190C3A6146FF
:10F69000FFF7E4FE002830D0254902204863FFF739
:10F6A000FFFE2AE0FFE7672092E70899BA69002980
:10F6B00020490AD08A4220D0154B0022083B6146DF
:10F6C000FFF7AAFE7969386915E08A4215D06246CB
:10F6D00001460AE0411962461846FFF72AFF15481D
:10F6E000B969814209D0FA68B9680020FFF706FFBE
:10F6F0007861398A89B28142CED1641C0598401C58
:10F70000844200D27BE702481C38066000205FE795
:10F7100054F7FF1F00D0FFEE00C00040043000117E
:10F72000CB08AF3200100111F03F0011FFFF0000C5
:10F7300000F000405A5AA5A500000000000000009B
:10F7400000000000000000000000000000000000B9
:10F7500000000000000001CC01D8001401F0003CC2
:10F76000002801E401A0006C007801B40050019C65
:04F7700001880044C8
:040000051FFF18F9C8
:00000001FF
