:020000041102E7
:1000000003B40148019001BDFD11000003B4014893
:10001000019001BD7511000003B40148019001BDBC
:100020001130000003B40148019001BD090E000029
:1000300003B40148019001BD53B9000003B4014865
:10004000019001BD29B6000003B40148019001BD33
:100050007582000003B40148019001BDFD5C010000
:1000600003B40148019001BD85C1000003B40148FB
:10007000019001BD61D5000003B40148019001BDAC
:100080001BBA000003B40148019001BD3DBA000055
:1000900003B40148019001BD5944000003B4014874
:1000A000019001BDB95E000003B40148019001BD9B
:1000B000810E000003B40148019001BD0D52010002
:1000C00003B40148019001BDC1EC000003B4014834
:1000D000019001BD75A9000003B40148019001BD64
:1000E000C93E000003B40148019001BD9DA9000074
:1000F00003B40148019001BDB30E000003B40148F0
:10010000019001BD2D57FF1F03B40148019001BDAF
:100110006189000003B40148019001BD1907010085
:1001200003B40148019001BDA9D8000003B40148FF
:10013000019001BDB352010003B40148019001BD1B
:100140008B52010003B40148019001BDC1A500001C
:1001500003B40148019001BD9D6A000003B4014849
:10016000019001BD116E000003B40148019001BD72
:10017000E94C010003B40148019001BDF97F000082
:1001800003B40148019001BD7912010003B4014894
:10019000019001BD757A000003B40148019001BDD2
:1001A000F143000003B40148019001BDC1430000C8
:1001B00003B40148019001BD6944000003B4014843
:1001C000019001BD8BB9000003B40148019001BD4D
:1001D000D1D4000003B40148019001BD01890000A1
:1001E00003B40148019001BDC53F000003B40148BC
:1001F000019001BDC95C010003B40148019001BD3B
:10020000CD4C010003B40148019001BD09B80000C4
:1002100003B40148019001BD2DFC000003B4014866
:10022000019001BDEDB8000003B40148019001BD8B
:1002300039B8000003B40148019001BD6DFE000013
:1002400003B40148019001BDF9FD000003B4014869
:10025000019001BDA1E6000003B40148019001BD79
:100260009946000003B40148019001BD1547000004
:1002700003B40148019001BD194CFF1F03B40148AC
:10028000019001BD75F0000003B40148019001BD6B
:10029000F5D5000003B40148019001BDC5F0000090
:1002A00003B40148019001BD01EC000003B4014812
:1002B000019001BD6160000003B40148019001BDDF
:1002C00063EC000003B40148019001BD05FF00008C
:1002D00003B40148019001BD3161000003B401483D
:1002E000019001BD59E4000003B40148019001BD33
:1002F000D5E4000003B40148019001BD01BF000036
:1003000003B40148019001BD21F1000003B401488C
:10031000019001BDCDF1000003B40148019001BD81
:10032000B9C0000003B40148019001BD4DF40000C4
:1003300003B40148019001BDC1E2000003B40148CB
:10034000019001BD154D010003B40148019001BDAC
:100350008DE3000003B40148019001BDA5FD00003C
:1003600003B40148019001BD25E7000003B4014832
:10037000019001BD3148000003B40148019001BD66
:10038000F1FA000003B40148019001BD79F40000C6
:1003900003B40148019001BD77F1000003B40148A6
:1003A000019001BD5511010003B40148019001BD48
:1003B000057FFF1F03B40148019001BDE9F600006D
:1003C00003B40148019001BD75F8000003B4014871
:1003D000019001BD19FA000003B40148019001BD6C
:1003E0000D59FF1F03B40148019001BD5558FF1F6F
:1003F00003B40148019001BDA93C000003B40148C9
:10040000019001BDD135FF1F03B40148019001BD2A
:100410005D3DFF1F03B40148019001BDADAE00007A
:1004200003B40148019001BD456B010003B40148CC
:10043000019001BD1D4B010003B40148019001BDB5
:100440004551010003B40148019001BD595201001A
:1004500003B40148019001BDF54E010003B4014809
:10046000019001BD434D010003B40148019001BD5D
:100470003D4B010003B40148019001BD014C010056
:1004800003B40148019001BDF94C010003B40148D7
:10049000019001BD3522000003B40148019001BD67
:1004A000691F000003B40148019001BD4D1A00000E
:1004B00003B40148019001BD5D17000003B4014879
:1004C000019001BD5125000003B40148019001BD18
:1004D000594F010003B40148019001BD8D12000085
:1004E00003B40148019001BD4D1F000003B4014851
:1004F000019001BD5522000003B40148019001BDE7
:10050000DD52010003B40148019001BD1D4D010001
:1005100003B40148019001BD017F000003B401480C
:10052000019001BDE117000003B40148019001BD35
:100530007918000003B40148019001BDD9490100B8
:1005400003B40148019001BDE928000003B401484B
:10055000019001BD5549010003B40148019001BD5E
:10056000C94A010003B40148019001BDB11F000058
:1005700003B40148019001BDC926000003B401483D
:10058000019001BDE122000003B40148019001BDCA
:10059000ED4A010003B40148019001BDA54F0100DF
:1005A00003B40148019001BD8552010003B4014824
:1005B000019001BD052FFF1F03B40148019001BD4B
:1005C000810E000003B40148019001BD3532FF1FC8
:1005D00003B40148019001BD1D3FFF1F03B4014852
:1005E000019001BD350E000003B40148019001BD2A
:1005F000C93FFF1F03B40148019001BD7940FF1FAF
:1006000003B40148019001BD3519000003B401484D
:10061000019001BDBD18000003B40148019001BD67
:10062000311A000003B40148019001BD992800006F
:1006300003B40148019001BD291C000003B4014826
:10064000019001BD1922000003B40148019001BDD1
:10065000851F000003B40148019001BD514701000E
:1006600003B40148019001BDA946010003B401484B
:10067000019001BD1147010003B40148019001BD83
:10068000A125FF1F03B40148019001BDEF25FF1F05
:1006900003B40148019001BDF53AFF1F03B40148BE
:1006A000019001BD9942FF1F03B40148019001BDB3
:1006B0007329FF1F03B40148019001BD4D29FF1F9D
:1006C00003B40148019001BD951BFF1F03B401480D
:1006D000019001BDC51AFF1F03B40148019001BD7F
:1006E000A91AFF1F03B40148019001BDB11BFF1FF0
:1006F00003B40148019001BDF929FF1F03B401486B
:10070000019001BDAD44FF1F03B40148019001BD3C
:100710006DBC000003B40148019001BD156B0100E0
:1007200003B40148019001BDE548000003B401484D
:10073000019001BD2951010003B40148019001BDA0
:10074000D91B000003B40148019001BD3D42FF1FC9
:1007500003B40148019001BDA13EFF1F03B401484D
:10076000019001BD393EFF1F03B40148019001BD56
:10077000D1A5000003B40148019001BD6D3EFF1FEB
:10078000FEB508AF70CF6F4670C700F041F8024960
:10079000FFF736FC0020FEBD1320000038B50446EC
:1007A00000F098FA0146684601704470210A817091
:1007B0006A4603210248FFF729FC002038BD0000EB
:1007C0001B20000038B5044600F0AAFA014668462E
:1007D00001704470210A81706A4603210248FFF7C4
:1007E00015FC002038BD00001A20000008B50028C4
:1007F00002D000F09DFC00E01220694608706A46B5
:1008000001210248FFF702FC002008BD052000007E
:10081000FFB50446354F0001C019807981B01546F7
:10082000022802D00C2005B0F0BD314A881F90424A
:100830002ED2062D2CD3501D854229D88D4227D388
:10084000FF220499F432914222D80A990A291FD32F
:1008500081421DD82046FFF7DFFB0028E3D1A1200D
:100860008000444323480068261834468034E07BE7
:10087000002802D0E07A00280CD0207D012809D081
:100880000A98C1000498401C68434000814203D884
:100890001220C8E73A20C6E77878174F01280AD90E
:1008A0006804B988000C884203D3FFF7BBFB00291A
:1008B00009D03B20B7E7BD80F08E10494000097891
:1008C000FFF7B0FBF8600220207600206083308FB5
:1008D0000021C01DE082A5830498E0830A9820844B
:1008E0003046FFF7A5FB00209DE70000300DFF1FFD
:1008F0007B0C00003409FF1F300EFF1F1409FF1F7F
:10090000FFB583B0DB480090DB48129E02780C9D57
:100910000E9B1399012A20D000270770D74804782E
:10092000092C78D00A2C76D00B2C74D00C2C72D0D9
:100930000D2C70D0039AD248121F824246D2049ADC
:10094000121F824242D2049A039882423ED80598EE
:10095000002805D0012839D102E00C2007B0F0BDF5
:10096000284333D00698002805D0012803D0032857
:1009700001D002282AD10D98002805D0012803D0E3
:10098000032801D0022821D1B1421FD3BD49981FAD
:1009900088421BD20F98062818D301461920C0019F
:1009A000814213D8994211D3FF221099F432914217
:1009B0000CD811990A2909D3814207D8CA00109886
:1009C0000F99401C48434000824201D81220C5E7DD
:1009D000AD48AE49027809788A4201D30720BDE7C5
:1009E000A948AB4E407800280CD00F98B18840043D
:1009F000000C884203D3FFF715FB002902D03B20EF
:100A0000ACE708E00621082C01D0072C06D1A1484C
:100A10000278002A01D02120A0E70170FFF70EFB29
:100A2000040058D098484178491C41702046FFF78F
:100A30000BFB20460021FF3081308B001B19FF3358
:100A40000133C26A491CDA660829F6DB00218B00F3
:100A50001B19FF338133C26A491CDA600829F6DBAF
:100A60002079FFF7F7FA002081000919FF310131E1
:100A7000401CCF660828F7DB002081000919FF31F0
:100A80008131401CCF600828F7DB8348217901744D
:100A900003994181049981810599C1737F4900209F
:100AA00023180A5C6033401CC0B25A710528F7D382
:100AB0002146653120460191FFF7D2FA27462037BB
:100AC000F87F02280BD22046FFF7D0FA6E48417813
:100AD000491E41707AE76F48077009203EE7704869
:100AE000002D0BD02978417069788170A978C17088
:100AF000E97801712979417169798171664A0D99A5
:100B000011700D9900297DD0664A634913784B70A6
:100B100053788B709378CB70D3780B7113794B71BA
:100B200052798A71069901700D980099C007400E9C
:100B300008430699C907090E01430291FFF79CFA81
:100B4000E062FFF79FFAA0624F48407801287AD010
:100B5000B088E08630896087F08820874E4E707CB0
:100B600038745148C0688030818DB974008EA08679
:100B7000FFF78EFA0C21FFF755FA20466030491D29
:100B8000009081762520B073012030724748029989
:100B90008180801DFFF782FA002D0DD043492A780D
:100BA000881D0A736978C171A9780172E978417268
:100BB000297981726979C1723C4821461230042238
:100BC0002831FFF771FA39482146163003222C31BB
:100BD000FFF76AFA3549B87C48760846397D817650
:100BE000797DC176014620462230027D0A77427D1A
:100BF0004A773A7E8A777A7ECA771A31027E8A717C
:100C0000407E00E01DE0C8710846083005220199C9
:100C1000FFF74AFA0098397C807E4901C006C00E71
:100C200008432249213188711448007800281DD0DA
:100C30001F48012189030078FFF73CFA00208DE668
:100C400001E01C4A61E70F98E086119961871099CD
:100C50002187B080208FF080608F3081E08E0B493B
:100C600040000978FFF7DEF9F06077E72079FFF7B9
:100C700027FAE3E7052200001909FF1F1C09FF1FDF
:100C8000FD3F00007B0C0000300DFF1F1409FF1F0B
:100C9000300EFF1F2309FF1FD40BFF1F6009FF1F2A
:100CA0007809FF1F6B09FF1FD088FF1F6C11FF1F02
:100CB0001B09FF1F6509FF1F70B50C460546FFF7AE
:100CC00005FA21462846FFF707FA0446FFF70AFA15
:100CD000204670BD10B5114AA12189001268414318
:100CE0008C189D2189000959012901D00C2010BDC3
:100CF000FFF792F90028FAD1E01DF93002790621B8
:100D0000012A06D041710D212046FFF791F90020FC
:100D100010BDFF20213001550221F5E73409FF1FE6
:100D200070B50D46134AA1218900126841438C1801
:100D30009D2189000959012901D00C2070BD002D89
:100D400016D0FFF769F90028F8D110210B1A2A5C98
:100D50001B19E033401CC0B29A711028F6D3012150
:100D6000F820015505212046FFF762F9002070BDEB
:100D7000122070BD3409FF1FFEB5089D099C17465F
:100D8000002874D0002972D0002C02D0012C02D08F
:100D900003E02A2201E0FF220732921D0192354A28
:100DA0000E461770344A106034480370344805709A
:100DB00034480470002446E0A120800025464543C5
:100DC0002D48A121006889002818FFF791F92A48C9
:100DD0002D49006862002818FF308130C6620198F2
:100DE000361800208854511848702649097800297F
:100DF0003BD0FF211131009121461C204143224864
:100E0000002220300D182A764254E0B20099FFF7F4
:100E100075F9686000202872E0B201220099FFF79E
:100E20006DF9E86000202874E0B202220099FFF713
:100E300065F968616968002919D0E968002916D048
:100E4000002814D0641CBC42B6DB00200F4D104AB1
:100E5000014683009C186580401CD154C0B261706B
:100E60001028F6D30020FEBD01E03421C3E7122094
:100E7000F9E700001409FF1F3409FF1F1509FF1FC0
:100E80001609FF1F1709FF1FA4D7FF1FFFFF000050
:100E900084D9FF1FF8B5714D0028AA7916D0012A10
:100EA00001D0032A12D16E490B78FF2B0ED14B785B
:100EB000FF2B0BD18B78FF2B08D1CB78FF2B05D1E3
:100EC0000B79FF2B02D14979FF2930D065490B7886
:100ED000012B1DD00026644C0E702178092931D0D9
:100EE0000A292FD00B292DD00C292BD00D2929D040
:100EF000052927D0062925D0A97B00290AD0012958
:100F000008D0032906D0022904D004290FD101E01A
:100F10000C20F8BD002A05D0012A03D0022A01D0F6
:100F2000032A04D1514F002875D0012801D0122086
:100F3000F8BDA888012805D0FFF7C8F82078002858
:100F400002D01AE02120F8BDA87B0300FFF7DCF8EF
:100F5000050408100C082400012020701F200AE05E
:100F600002202070202006E004202070222002E0D1
:100F7000032020702120FFF7CDF8207828210128B8
:100F80000DD002280BD0042809D0032807D0072849
:100F90000ED008280CD01BE026701E20EBE734484A
:100FA00006602975FFF7BCF8002820D0AE800FE05E
:100FB0003048C068808D80060AD52F480278002A04
:100FC00006D1AA7B032A06D0022A04D0002A02D026
:100FD000FFF788F8B6E7022202702975140321464C
:100FE0003878FFF7A3F821463878FFF763F8012037
:100FF000A88022480078002809D0214801210288D1
:101000007D20C0004243C9033878FFF795F8FFF709
:1010100069F820E0FFE7FFF759F8AE80207807284D
:1010200008D0082806D026701648FFF78BF81E2037
:10103000FFF770F810480178002905D006700121EB
:1010400049033878FFF772F8FFF74CF80121C9031C
:101050003878FFF76BF80020F8BD0000A60BFF1FE3
:101060006B09FF1F1A09FF1F1C09FF1F1B09FF1F28
:101070004809FF1FD088FF1F2309FF1F2109FF1FF9
:101080002C09FF1F00100040FFB585B016460D4625
:101090000446119FFFF71AF8154829460078049076
:1010A0002046202C00D22020202900D220210EAA68
:1010B0002CCA009201AAA8C23246089BFFF748F842
:1010C00005460C480A49448004980870012E01D056
:1010D000042E08D1084880230078C101074882887F
:1010E0009A4311438180FEF7FDFF284609B0F0BD09
:1010F0001C09FF1FA60BFF1F7809FF1F6C11FF1FA4
:1011000010B5FB2908D8084B9A4205D81B2903D3F0
:10111000FF2349339A4201D2302010BD034B19827C
:101120005A82FFF71BF810BD480800008410FF1F0B
:10113000F8B53249097801292AD0022928D0032993
:1011400026D0042924D0052922D0062920D02C49D4
:10115000097802291CD004291AD0012918D00329A2
:1011600016D0062914D0072912D00178254C8C46B8
:101170002170467866708378A370C278E270017936
:1011800021714079204D6071AF79012F02D008E0C4
:101190000C20F8BD6746EF712E726B72AA72E9726D
:1011A00028730622E91D1948FEF7DEFF0622E91D15
:1011B0001748FEF7D9FF1748017801290BD121788C
:1011C000417061788170A178C170E17801712179F5
:1011D0004171617981711048017801290BD1217821
:1011E000417061788170A178C170E17801712179D5
:1011F0004171617981710020F8BD00001C09FF1F59
:101200002309FF1F6B09FF1FA60BFF1F7211FF1F92
:101210008A13FF1FBC0BFF1FD40BFF1FF8B58446BA
:1012200057480F460178012914D00026554D067005
:101230002878092838D00A2836D00B2834D00C2832
:1012400032D00D2830D0504C607A002804D00128CC
:101250004BD101E00C20F8BD2078002805D00128F2
:1012600003D0022801D003283FD162894748111FCB
:1012700081423AD2A1890B1F834236D2914234D89F
:10128000002F01D0012F30D1604600284FD0012817
:101290002BD1207A012807D0FEF718FF20780128EB
:1012A00004D0032802D014E02120F8BD384801788A
:1012B000FF290ED14178FF290BD18178FF2908D170
:1012C000C178FF2905D10179FF2902D14079FF2892
:1012D00009D0287825210126002808D007280ED01B
:1012E00008280CD014E0FEF7FDFE1220F8BDE671D0
:1012F000E773A17405202870FEF73CFF13E0254832
:10130000C068808D400603D523480278002A02D0A9
:10131000FEF7E8FEC8E7A174067020480121090322
:101320000078FEF7C7FE2672FEF7DCFE25E0FEF72A
:10133000CDFE2878052804D007280AD0082808D030
:101340000FE02E701648FEF7FDFE1E20FEF7E2FEAF
:1013500007E0114801210670104809030078FEF7E4
:10136000E5FE26725820FEF70BFF0A480670FEF7CE
:10137000B9FE0C4801680129FCD00020F8BD00002E
:101380001909FF1F1C09FF1FBC0BFF1FFD3F0000B9
:101390006B09FF1FD088FF1F2309FF1F1B09FF1FB9
:1013A000001000409809FF1F38B51C46049B0093AD
:1013B0002346FEF7EBFE002812D10B49002C0C70DF
:1013C0000FD0022C0DD0094A13784B7053788B70D4
:1013D0009378CB70D3780B7113794B7152798A71F2
:1013E00038BD034AF0E70000BC0BFF1F6B09FF1F6D
:1013F0006509FF1FFFB581B0044602981F461646D7
:10140000002814D0002E12D0002F10D02046FEF756
:1014100003FE00280CD1A120800044432C48006822
:101420002418E51DF935287B002803D00EE0122092
:1014300005B0F0BD2749002023180A18FF330133F7
:10144000401C5278C0B25A730828F5D3687BC00795
:1014500038D0002002992218095CC032401CC0B26A
:1014600011700828F6D320463178C03001727178A7
:101470004172002010210B1A3A5C1B19E033401C0A
:10148000C0B29A711028F6D32046B830FEF784FE19
:101490002046AC30FEF786FE0C210F48FEF788FE92
:1014A00000207B2108552146E031C8750876A62129
:1014B000095D012908D0287103212046FEF7B8FDF7
:1014C0000020B5E71120B3E7012028710A21F4E7D5
:1014D0003409FF1F480EFF1F3811FF1FFFB50D46CF
:1014E000A12189004843234981B009681E46441858
:1014F000002D09D0FF20D930015B0398814203D32E
:10150000002E04D0012E02D0122005B0F0BDE078EC
:1015100000280AD00520C00127181748F97800785C
:10152000801C814203D30720EFE70220EDE7FEF79E
:10153000CDFDF878A91E401CF87003980870002EA5
:1015400010D00120487020467C30091FFEF736FE7F
:10155000FEF7C8FD09480078082805D0072803D001
:101560000020D2E70220EDE700212046FEF72CFE06
:10157000F6E700003409FF1F1509FF1F1C09FF1FB4
:10158000F8B50F4E307A002818D10E4CE0690E4F96
:10159000C005C50F02D1E0693843E06104210B4862
:1015A00000F016F809480421103000F011F8002D61
:1015B00002D1E069B843E06101203072F8BD00005B
:1015C000D088FF1F00F0004000010000C4D9FF1FB9
:1015D000F3B50746104881B0C169104A1140FF3188
:1015E0000931C161002613E000252C461120FEF7C9
:1015F000F1FD0948406A8007800F61008840284358
:10160000641CE4B20546102CF0D301C7761CF6B278
:1016100002988642E8D3FEBD40F0004000FEFEFF87
:10162000F0B500248BB00D460646102902D90120E2
:101630000BB0F0BDFFF7A4FF1F4900200A5C401C5F
:101640001419C0B21028F9D3002C03D0102D03D9DF
:101650000B20EDE70E20EBE71848174C002300683D
:1016600002A91034E25CC75C7A40CA545B1CDBB24E
:10167000102BF7D306AA1048FEF7B2FD102D00D9A3
:1016800010252A4606A93046FEF76EFDFEF7AEFD90
:10169000216840182060FEF7A9FD6168401860606D
:1016A000FEF7A4FDA1684018A060FEF79FFDE16869
:1016B0004018E0600020BBE7C4D9FF1F3C89FF1F32
:1016C00070B50446FF30FF300230406F0D460128F0
:1016D00012D1282D10D1A420005BE188401A1D49A9
:1016E00080B2884208D321466A3105220E46481F3F
:1016F000FEF782FD002818D01749002082005218FA
:101700005278002A16D0401CC0B21028F6D31348D5
:10171000012189020078FEF7CDFC207901011048F3
:101720000918897902290DD00FE031462046FEF7CD
:1017300097FC70BD80002379421853800D5401201E
:101740005070E4E74178491E41702046FEF75AFD8B
:1017500070BD0000FF7F000084D9FF1F1B09FF1F21
:10176000300DFF1FF0B505468DB0A0300B90284618
:10177000FF300E300390092080012F18E81DFF3044
:10178000FA300890E0380790C030EE1DF9362C464C
:1017900080340990F0E0E07A0B2870D009DC030077
:1017A000FEF7B2FC0B37551C6EEAEABFF0EFEED63F
:1017B000EA0016286FD008DC0C286DD011286CD0F8
:1017C00014286BD01528E5D166E1182867D01A28AF
:1017D0007CD01B287BD0FE28DCD119E2A07A01281E
:1017E00003D02846FEF714FD19E0FA488078002857
:1017F00004D02846FEF712FD162106E0608A401E3E
:101800000004000C60827CD00CE22846FEF70CFD40
:10181000F6E1A07A012804D02846FEF70BFDA0725D
:1018200000E2EC48807800280ED0207E4000207630
:10183000608B40006083A08B4000A083208C00015F
:1018400020840120207510E02889E18A13E0A07A25
:10185000012803D02846FEF7F3FCE0E7DD48807856
:10186000002806D00B99012088702846FEF7D6FC88
:1018700082E02889A18C8842C6D12821C5E784E06E
:10188000A07A01280CD02846FEF7E0FCA0720020C8
:101890007072B072C6E111E1C3E055E1E9E027E101
:1018A000CC48C078002801D000202071707A01282F
:1018B0000ED0B07A012813D0F07F0128D5D0608AED
:1018C000401E0004000C60826CD0ABE167E189E14E
:1018D0000020E06730600B9901208871062148E004
:1018E0002846FEF79BFC0B990020887101207B2184
:1018F0004855207170790628287906D000221A21CF
:1019000000E03BE1FEF7A8FC36E000220621F7E705
:101910002221FEF7A7FC31E100222221FEF79CFCE8
:101920002CE1A07A012806D02846FEF7A1FCA0727F
:101930000020B07176E1B0790128C0D12846FEF7C9
:101940006DFC00203072F0717072B071B07213E0F3
:10195000A07A012806D02846FEF790FCA07200204D
:10196000F0715FE1F0790128A9D10B99002088710D
:101970000B212846FEF788FCE07B002803D00AE70D
:1019800040E014E03EE10DB0F0BDA07A012803D0A4
:101990002846FEF77FFC42E78E48C07800288ED0AC
:1019A0000321E6E7307901282879B5D1B0E7A07A9C
:1019B000012811D0884900202B180A18FF33013361
:1019C0005278401C5A730828F6DB2846FEF768FC5C
:1019D000A0720020307325E1307B012806D0608A98
:1019E000401E0004000C608206D01BE12979002013
:1019F000039AFEF75BFC38E729792220039AFEF769
:101A000055FCBBE0A07A012803D02846FEF754FC21
:101A100005E77048C078002800D1EFE60120307358
:101A200023E7A07A012805D00120F0752846FEF7AB
:101A300049FCF4E6707D012806D0608A401E00044F
:101A4000000C60820CD0EDE0B07D0128D3D1B08BCA
:101A50000090738B327E29790020FEF739FC04E771
:101A6000B08B0090738B327E29792220FEF730FCF8
:101A700084E0A07A012807D02846FEF72FFCA07248
:101A8000099900204874CDE05248C0780028C4D09D
:101A9000099901204874E8E6A07A012803D0284675
:101AA000FEF722FCBBE64B48C0780028B5D0099968
:101AB000002008742879FEF71DFCD6E6A07A0128DC
:101AC00007D02846FEF71CFCA07208990020087277
:101AD000A8E04048C07800289FD0089901200872EB
:101AE0003E484079012886D1089900200872BCE65A
:101AF000A07A012803D02846FEF708FC8FE6354877
:101B0000807800281DD00798007B002803D1079813
:101B1000407B002808D0079901200874089900200C
:101B200008720899C871A0E60998417E0798017368
:101B30000998817E0798417300212846FEF7ECFB47
:101B4000ECE72889718E96E6A07A01280ED00898D5
:101B5000007A012814D00B988078012812D0207DBB
:101B600001280FD0387E012811D05BE01948C078D9
:101B700000288CD007990120887276E6222144E65D
:101B8000232100E02A212846FEF7CCFB47E6797E98
:101B90002846FEF7C7FBA0720020787642E0A07AC4
:101BA000012806D02846FEF7C3FBA0720120387634
:101BB00038E00848C078002899D1608A401E0004A7
:101BC000000C60822ED10648042200212818FEF75E
:101BD000B5FBD3E7E010FF1F480EFF1FD088FF1FA3
:101BE00056020000A07A012803D02846FEF7ACFB7D
:101BF00015E60F48C078002802D00020F87534E6BA
:101C00000120C0E62846FEF7A5FB01288BD009E09D
:101C100007990120C875FF2149314853044880784D
:101C2000012801D00020AEE607980178EDE500001C
:101C3000E010FF1FF0B5054687B0E030049028465D
:101C4000A030039040380590092080012E462818C6
:101C5000FF36E136029030462030EF1DF9372C4632
:101C6000803401909FE1E07A801E0300FEF74CFA79
:101C70001A0E3822396BF638C13892D1A938383863
:101C8000383838F5F4F3F23838F1F038A07A012812
:101C900003D02846FEF7BCFA12E0C5488078002839
:101CA00001D0162130E1608A401E0004000C6082E1
:101CB0006FD076E1A07A012804D02846FEF750FBC9
:101CC000A0726EE1BA48C0780028ECD02846FEF732
:101CD000A5FA2A4629462879C832C031FEF746FBC4
:101CE00061E1A07A012813D00498C07D012821D099
:101CF0000498007E00287BD02A4629462846D73201
:101D0000B031E730FEF76CFA04990120C8754AE15A
:101D1000A748C078002805D00399012088710020C9
:101D2000E0673860B8790128BDD106212846FEF762
:101D3000ABFA38E12846FEF71FFB0128B9D1002095
:101D4000B8710120BCE7A07A012803D02846FEF72D
:101D50008FFAB5E79648C0780028A4D0E88C68844C
:101D60002846FEF75BFA05990120C876207138797C
:101D70000128287909D001220021FEF76DFA002000
:101D800038713872F871B8710DE10021FEF76AFA06
:101D9000F5E7B8E0A07A012805D02846FEF77AFAE0
:101DA000012807D0FDE0F8790128BDD12846FEF7CB
:101DB00035FAF8E00020F871039988710120A072CB
:101DC000F1E0A07A012804D079792846FEF7DAFA02
:101DD00076E77748C178002906D0039A00219171EF
:101DE000059A0121D176217180780028DED15AE749
:101DF0008EE0A07A012803D02846FEF75DFA5FE75F
:101E00006B48C0780028F2D001203873E88C6884D1
:101E1000CCE7A07A012805D00120F8752846FEF706
:101E200051FA4DE7787D012806D0608A401E0004F3
:101E3000000C608213D0B4E0B87D0128B6D1B88B15
:101E400000907B8B3A7E29790020FEF741FAADE7BE
:101E50008FE072E03BE02DE01BE009E09CE0B88BF6
:101E600000907B8B3A7E29792220FEF731FA4AE0F6
:101E7000A07A012806D02846FEF730FAA07200208A
:101E800070748EE04A48C0780028B0D00120707489
:101E90008CE7A07A012803D02846FEF725FA0FE741
:101EA0004348C0780028A2D0002030742879FEF77B
:101EB00021FA7BE7A07A012803D02846FEF720FA12
:101EC00036E03B48C078002891D0012018E0A07A85
:101ED000012807D0707FB17F08401BD041071DD576
:101EE000042020E03248C07800288CD001990020DE
:101EF000C871019A012111722E490979012987D1EE
:101F00000199087252E722212846FEF78DF9012037
:101F100007B0F0BD707E7075B07E05E0800701D51A
:101F2000022000E001207075B0752846FEF730FAF7
:101F3000A07201990020087233E0A07A012807D02E
:101F40002846FEF7F5F9A07202990120087628E0EC
:101F50001748C07800289BD1608A401E0004000CFE
:101F600060821ED11448042200212818FEF7E6F9E9
:101F7000C9E7A07A012803D02846FEF7E5F99FE6D5
:101F80000B48C07800280ED00299002008760299EC
:101F9000C875FEF703FA09E72846FEF7DBF90128C2
:101FA00087D00020B4E7E07B002800D05BE6AFE7F5
:101FB000E010FF1FD088FF1F5602000070B51F48B9
:101FC000012201781E4D002915D01E48A1218078DC
:101FD000890048431C491D4C096822704618207826
:101FE000FEF7E2F9A87B00281AD003281BD00228AC
:101FF0001CD0002070BDA97B002904D0032904D087
:10200000022904D005E0027003E0042100E003216E
:102010000170FEF785F80E4900200870012070BDA0
:10202000FEF7C8F904E0FEF7CBF901E0FEF7CEF9C0
:10203000FF36FF360236317B217070BD1C09FF1F51
:10204000A60BFF1F300DFF1F3409FF1F490AFF1F9A
:102050002309FF1F1449134888631348134940306C
:1020600041611349016113490F4A01621249803AE3
:102070001163124901601349114A0A60124A8A60C9
:102080001249104A41621249403A51611149816036
:102090001149816111494160124A11499160124907
:1020A000C16170472147FF1F8001FF1FA913021163
:1020B0001D120211F5130211712AFF1F651702117B
:1020C000395AFF1F8002FF1F6163FF1F1D4BFF1F57
:1020D000DD76FF1FF578FF1F010902118148FF1F00
:1020E000C11602118000FF1F7921021110B5FEF701
:1020F00073F9FEF777F910BD03480249C16003493F
:1021000081617047A56FFF1F8002FF1F1965FF1FC8
:102110000E480D4901600E4981600C490D4A40315D
:102120004A610E4B0C4A5A610D4AC2620D4A8263E3
:102130000D4A8A600D4A4263084A0D48403A1062CF
:102140000C48886170470000891002114000FF1F91
:10215000950E02113D79FF1FDD76FF1F4002FF1F24
:10216000E94AFF1FFD48FF1FC1160211351C02116D
:10217000794EFF1FE52FFF1F70B5FDF7A7FF904CAD
:10218000002025682060FEF733F906462560FDF73C
:10219000A9FF304670BD8B49C968FF318131886520
:1021A0007047F8B5FEF72AF9864D874A68721178AC
:1021B000022903D9002801D1012010708349002091
:1021C0000446E9608300401CCC50FF28FADDE86833
:1021D0007F49882319507F49C1627F4909780029C6
:1021E00002D07C491131C1620A21016511788163F5
:1021F0007A49C161FEF708F9E96879484861192010
:1022000080018861084637228030C2600823362268
:102210000B64CA631E224A64362242603222026084
:102220003B220364C263282242644122C2643922F1
:102230008264322243650265282282650222026698
:102240004222C2651E22836642662822C26620227E
:102250004267422202675A22436102613C22826144
:10226000192292010A605F4A0A63FF222D328A60B6
:10227000CA60FF22F5320A615B4A8A647D22D2007D
:102280005A4EC267CE644A62594A8A623222CA658D
:1022900006224A658A65CA1DF932022513604D6619
:1022A0004B25ED008D660925CD66524D0D678C6777
:1022B0004B67AB10CB67504FFF313E604A4E866292
:1022C0007D26F6008667642646620526C6620226DB
:1022D0000663C8264663846338205060474810640C
:1022E0004B2080019061B000D061581010627D20B9
:1022F00000015062D466956513665364D565146712
:1023000053671E2090663E4890673E485B008131CF
:10231000D0670B608B604860FF20F530C8600861B3
:102320004B20C00010630E6538483749274A81604A
:102330003749803A11613549364A80318A62364AD6
:10234000CA62364A8261364AC262364A02632F4AFC
:102350003548403A50633548D0633548C861354800
:1023600090632A4934484031886135493348886050
:1023700026483449803841603349244A416333490F
:10238000C03AD1603349324B204CCB63324B403C96
:102390002363324B9362324AC263324AC260324A8A
:1023A0004A63324AE260324A8A63324A0A633249F5
:1023B0008163FEF72FF80120FEF732F8F8BD000028
:1023C0009809FF1FD088FF1F4A0AFF1F0004FF1F44
:1023D00098E2FF1F6E0400004086FF1F3A070000CE
:1023E00080C3C9019A02000050C30000280A0000FF
:1023F0006A180000204E0000F009FF1F0040001185
:10240000DC05000040420F000153FF1F0001FF1FC9
:10241000492DFF1F317CFF1F057FFF1F552AFF1F1E
:10242000E92BFF1F712AFF1F8D3CFF1F413AFF1F41
:10243000D983FF1FC581FF1FCD29FF1F0111021185
:102440000002FF1F7549FF1F8550FF1F9D2FFF1FB3
:10245000B90C02110000FF1F397AFF1F594CFF1FF2
:102460005156FF1F914CFF1F852FFF1FC949FF1FAA
:10247000DD140211312FFF1F7D72FF1F0A780270D9
:102480008A7842704A88120A82700979C1700420E1
:1024900070470A7802700988090A41700220704763
:1024A0000A7802700988090A417002207047097889
:1024B00001700120704770B50C46097801702188C1
:1024C000C51C090A4170A17881706088611D000AED
:1024D00028706D1C22792846FDF746FE207921469A
:1024E000401922890A31FDF73FFE207921894018E1
:1024F000001D80B270BD10B500220EE093005B1885
:102500009C7804705C88521C240A44701C79847086
:102510009B88D2B21B0AC370001D0B789342EDD882
:102520001806800D10BD0A7802700A88120A4270DF
:102530008A7882704988090AC17004207047F8B50A
:102540000D4606464978012031700024761C16E0BD
:102550006978012917D01221614349198A783270AC
:102560004A88871C120A7270B61C10223046091D58
:10257000FDF7FAFD1037B8B21036641CE4B22978C2
:10258000A142E5D8F8BDA10049198A7832704A887D
:10259000871C120A7270B61C02223046091DFDF714
:1025A000E3FDBF1CB8B2B61CE7E710B50C460978CE
:1025B00001702188090A41706288211D801CFDF785
:1025C000D3FD6088801C80B210BD10B50C46097820
:1025D00001702188090A4170A17881706188090A17
:1025E000C170A288A11D001DFDF7BEFDA088001DC1
:1025F00080B210BD10B50C46097801702188090A17
:102600004170A17881706188090AC170A288A11DFA
:10261000001DFDF7A9FDA088001D80B210BD0A783D
:1026200002700A88120A42708A7882704988090A00
:10263000C1700420704710B50C460A88891CFDF74C
:1026400093FD208810BD10B50B788A780270534333
:10265000DCB22246401C091DFDF786FD601C10BD42
:1026600010B50C46097801702188090A4170A178DB
:1026700081706188090AC1702279611D001DFDF712
:1026800073FD2079001D10BD10B50B788A7802709B
:102690005343DCB22246401C091DFDF765FD601C5A
:1026A00010BD10B50C460A88891CFDF75DFD208819
:1026B00010BD10B50C460A88891CFDF755FD208811
:1026C00010BD10B50C46097801702188090A4170C7
:1026D0006288211D801CFDF747FD6088801C80B248
:1026E00010BD7FB515460446022901D0102903D13B
:1026F000022B04D0102B02D0002004B070BD9942F0
:1027000002D10A46294607E01029694607D000F0A1
:102710000DF8102269462846FDF76EFDEDE71046DC
:1027200000F004F8102269462046F5E770B50C4623
:1027300005000CD0002C0AD0102206492046FDF7D7
:1027400013FD2878207368786073012070BD002025
:1027500070BD000018F2021110B50B4601220249AB
:1027600003F0F6F910BD00007D24021110B50A88AF
:10277000173AE02A05D80B460222034903F0E8F98C
:1027800010BD022010BD00009324021170B5064652
:1027900008880C46172812D30B46032209493046F5
:1027A00003F0D6F9050008D1074920880988884236
:1027B00000D20146304600F099FA284670BD02204A
:1027C00070BD0000A12402115089FF1F10B50B46F7
:1027D0001822024903F0BCF910BD0000AF24021119
:1027E00010B500231922194603F0B2F910BD0000FC
:1027F00010B50A79022A01D0022010BD0B4606222C
:10280000014903F0A5F910BDB724021110B50A78EB
:10281000002A05D00B460722024903F099F910BDA2
:10282000022010BDF724021110B50B460422024904
:1028300003F08EF910BD00002725021110B54A786B
:10284000012A01D0022A08D10A78002A05D00B46B5
:102850000522034903F07CF910BD022010BD0000E1
:102860003F250211024940008968085A704700005C
:102870004489FF1F10B500231E22194603F068F992
:1028800010BD000010B50B461D22024903F060F98F
:1028900010BD0000AB25021110B506490020896863
:1028A0001723054A02E044000B53401C1478A04251
:1028B000F9DB10BD4489FF1F248AFF1F042901D0C2
:1028C0000420704701781170837841781B02C91881
:1028D0005180C0781071002070470098022B01D001
:1028E0000420704711785278120289180180002064
:1028F0007047022901D00420704701784078000217
:1029000008181080002070470098012B01D0042087
:1029100070471178017000207047002901D0042011
:1029200070470020704770B5049C1E461546062B64
:102930001BD369782878090240182080E978A878A4
:1029400009024018608002222271291D601DFDF7D6
:102950000BFCB61FB2B22281F02A06D82046A91D70
:102960000A30FDF701FC002070BD042070BD009806
:10297000042B01D004207047537811781B02C9182A
:1029800001809178D2781202891841800020704726
:1029900010B502981146022B0FD34C780A78240206
:1029A000121902809B1E9AB24280F42A05D8001D9B
:1029B000891CFDF7D9FB002010BD042010BDF8B51F
:1029C00084890D460646002C26D0B2681778380652
:1029D00020D50C2C20D90C3CA4B210190090012158
:1029E0007088234603F03CF8002811D0022028709C
:1029F0007806C00F6870B806800EA870641E2004A8
:102A0000000CA88001D0B068401CA8600020F8BD70
:102A10000120ECE70020EAE70120F8BD10B502989C
:102A20001146042B14D34C780A7824021219028020
:102A3000CC788A782402121942801B1F9AB28280B5
:102A4000F22A05D8801D091DFDF78EFB002010BD60
:102A5000042010BD0098042B01D004207047537847
:102A600011781B02C91801809178D2781202891856
:102A700041800020704770B50546144603290CD3E9
:102A8000491ECEB229786180F52E06D8002904D0DF
:102A90003046FDF7C7FA002901D0042070BD207030
:102AA0003246691C201DFDF75FFB002070BD10B58C
:102AB00002981146062B03D0142B03D0042010BD1E
:102AC000022200E0102202714B780A781B02D21811
:102AD0000280CB788A781B02D21842800279401D8E
:102AE000091DFDF741FB002010BD70B505461446D9
:102AF00003290CD3491ECEB229786180F52E06D861
:102B0000002904D03046FDF78DFA002901D00420B9
:102B100070BD20703246691C201DFDF725FB00208A
:102B200070BD000030B5039CD80718D1D805010E40
:102B3000022914D30B488088814210D8F620015511
:102B4000002008E0557813782D025B194500401CE1
:102B50006353C0B2921C8842F4D3002030BD0420DD
:102B600030BD00004489FF1F0098022B01D00420D3
:102B7000704711785278120289180180002070473E
:102B800070B5144602460498022B18D3667825784F
:102B90003602AD1905800546E0352A766976002AA9
:102BA0000BD0E8219B1E9AB242808A4207D8A11C12
:102BB000001DFDF7D9FA002070BDF421F2E70420D2
:102BC00070BD002901D0042070470020704700002C
:102BD00010B50B461622024902F0BAFF10BD0000E4
:102BE000CB25021110B50B461722024902F0B0FFA7
:102BF00010BD0000F525021110B50B460C2202494C
:102C000002F0A6FF10BD00001F26021110B50B46F2
:102C10000D22024902F09CFF10BD00003726021170
:102C200010B50A79102A03D0022A01D0022010BD63
:102C30000B461022014902F08BFF10BD61260211E4
:102C400010B50A78002A05D00B461122024902F07D
:102C50007FFF10BD022010BD4726021110B50A7972
:102C6000102A03D0022A01D0022010BD0B460822F0
:102C7000014902F06DFF10BD6126021110B50A78FE
:102C8000002A05D00B460922024902F061FF10BD5F
:102C9000022010BD8926021110B50B460F220249F1
:102CA00002F056FF10BD0000A326021110B50B461E
:102CB0000B22024902F04CFF10BD0000B3260211A6
:102CC000F72800D9F720084A01461080401EC31794
:102CD0009B0F18188003000C5080491EC80F401825
:102CE000C003000C908070474489FF1F034A13887B
:102CF000994202D892684000115270474489FF1FE0
:102D000070B50B46E0331C7E1222012C0AD10A4D0D
:102D100042002D684C88AA5A0F3A944201DD0220E5
:102D200070BD92225B7E012B01D140231A430B46DA
:102D3000024902F00DFF70BD4C89FF1FC32602112E
:102D400010B500231322194602F002FF10BD000047
:102D5000FFB593B005460020109011901E4610AAB2
:102D6000284600F0B9F904460A2855D203F0F1FBD1
:102D70000546082E19D00020009033462A462146E9
:102D8000159803F0F7FA142200210BA8FDF7D6FAE4
:102D900020460621484307462430C0B20BAA102122
:102DA00009F0B8FF002802D014E00120E4E7102267
:102DB000FF210BA8FDF73AFB00280BD12537F8B20D
:102DC0000FAA042109F0A6FFE907C90F0BAA15985D
:102DD00001F05EF87034E0B201AA282109F09AFFF0
:102DE000002811D101A803F0C6FB002401AFA00008
:102DF000C0190188002903D08278159801F008FBDA
:102E0000641CE4B20A2CF2D3A80707D5164801784F
:102E1000159801F0EBFA01E0082E02D0042E17D02D
:102E20001FE0114815991630405C022819D1002284
:102E30002946159803F014FA0B48006A002810D0B0
:102E40004368002B0DD0002211461598984708E0E2
:102E5000054815991630405C022802D1084603F057
:102E6000C7FB002017B0F0BD7C86FF1FF0B50446FD
:102E70008078964F801F3D4685B0163D00260300A2
:102E8000FDF742F90AFC1111881B06CC115D99115E
:102E9000286A002808D00668002E05D0637B227BB4
:102EA0006189E01CB0470EE16189E86900F0DAFE53
:102EB0000028F8D060890121D7E0607800282CD163
:102EC000A079C00729D0A08881498000085800282F
:102ED00023D10E2200216846FDF730FA61690029EE
:102EE00003D006226846103107E0A08807F0F6FA02
:102EF0000028D8D0C11D06226846FDF735F969467D
:102F00008889A1794907C90F084369468881214604
:102F1000684603F0E7F8002809D0286A0028C2D0E4
:102F20004368002BBFD06278A08801216FE0A088A1
:102F30002246694603F02CFC002005B0F0BD607805
:102F4000062817D1A08807F0C9FA060012D0687BBE
:102F5000012804D0022808D003280BD114E0B1794D
:102F6000A088002203F07CF904E0A18830780522D3
:102F700000F0C4FF286A00281CD04368002B19D039
:102F80006278A088022142E000221146514800F0F8
:102F9000FDF8EAE7E0780022211D00F09DF80A28FC
:102FA00008D20621484325302246C0B20C32042103
:102FB00009F0DCFE87E0287A0028A08801D0697A31
:102FC00053E0395C002924D007F088FA0646A07A3D
:102FD000C0070DD0002E76D0B079002808D0A18986
:102FE000890505D46A46F11D00F076F8002812D054
:102FF0002246B179A088083203F032F9286A002805
:1030000061D04368002B5ED00022A088114698470B
:1030100059E0052129E0A088032126E0A588019632
:103020002846029607F05AFA04004CD0785D022830
:1030300049D0A07901AAE11D00F04EF806460A2801
:103040000AD203F086FA0246012000900823314696
:10305000284603F08FF936E0785D002803D0012878
:1030600006D030E00AE00521284600F037FF2AE0CC
:10307000A1790022284603F0F3F824E000F0D2FD05
:10308000002820D1E87B012806D0114D00240C3DFA
:10309000285D01280AD00DE003F0ACF90C48EE736E
:1030A0000A2200210C38FDF749F907E0204603F019
:1030B000ADF92E55641CE4B20A2CE9D3502009F076
:1030C00027FE03F067FA012037E700009286FF1F12
:1030D00044C9FF1F09040000F0B50A2485B0154655
:1030E0000F46002806D0012804D0022810D003285B
:1030F00046D11FE0084603F0EBF904460A283FD208
:10310000002D3DD0062239462846FDF72DF837E040
:103110001D4E00240E206043801906223946801D72
:10312000FDF76AF8002823D1641CE4B20A2CF1D31D
:103130000A241DE000242046062148432330C0B263
:103140006A46102109F0E6FD00280CD11022FF216B
:103150006846FDF76BF9002805D13946684600F04E
:1031600039FE002804D0641CE4B20A2CE3D3DFE764
:103170000A2C05D2002D03D02946204603F0CEF9B3
:10318000204605B0F0BD0000ACC8FF1FFEB51546D7
:1031900001229202821A00240127584E1300FCF7E4
:1031A000B3FF110A151A21282F373E434B767E852F
:1031B0008DA29956A200012970D1297802296DD8D3
:1031C0004E4804221630FDF7B9F894E0022965D183
:1031D000288870828FE0012960D1287801285DD885
:1031E000707088E001297CD12878042879D8B070E3
:1031F00081E0012975D12878012872D8F0707AE031
:1032000010296ED1102229463D48FCF7ADFF72E02F
:10321000012966D12878012863D830716BE0012933
:103220005FD12878B07266E004295AD13549286800
:10323000884256D8F0615EE0002952D100F0F2FCDD
:10324000002801D0F77356E003F0D4F819E00729FD
:1032500047D10622691C6846FDF7EEF8287800225F
:103260006946FFF739FF05460A280ED200F0DAFC5E
:10327000002803D022489C3047553CE0284603F004
:10328000C5F8502009F044FD21E0022433E0012973
:1032900027D12878012824D830722CE021E0012998
:1032A0001FD1287809281CD8707224E0012918D170
:1032B0002878C11F092914D8F0721CE0012910D107
:1032C000B17B2878B073002915D1012813D103F000
:1032D00061F910E0012904D12878032801D870731E
:1032E00009E0182407E02728CFD20229CDD1298868
:1032F00000F0BEFD04462046FEBD00007C86FF1F98
:103300009CC8FF1F3F420F00F8B50F461349152513
:10331000164688420DD1002432463946204603F035
:1033200087F9002800D00025641CE4B20A2CF3D3EE
:1033300012E007F0D3F800280DD08379C11D0022D8
:103340001846FFF7C9FE0A2806D23246394603F06E
:103350006FF9002500E014252846F8BDFFFF0000A6
:1033600010B50248807800F081FA10BD7C87FF1FFD
:103370003EB5084C6D46A4782C706870A970EA7050
:103380000622194601A8FCF7EFFE684600F050FB44
:103390003EBD00007C87FF1F70B52D4E0C462B4BA9
:1033A000024631460025C01A20319A4244D00CDC36
:1033B0002848101A0300FCF7A7FE0D1D1F232A2D15
:1033C000161616163A16163D160006282BD006DCE1
:1033D000032833D0042822D0052804D121E007286F
:1033E00023D0F7282CD0272A2CD2104600F0A2FB9D
:1033F000208028E030781BE01022711C204603E07A
:103400001349102211312046FCF7AEFE1BE0706A12
:10341000206018E00E49062228312046F4E7F08D9E
:10342000E6E7308EE4E7708EE2E7B08EE0E7087EF4
:10343000207008E0487EFBE7887EF9E7C87EF7E762
:10344000087FF5E70225284670BD00000D03000047
:1034500080CFFF1F0003000010B50A4CA07009F0D8
:103460001DFA442200210848FCF768FF01F05EF9CC
:10347000A07801F0CDF9FF22F5320421A078FCF705
:10348000E1FF10BD7C87FF1F80CFFF1F70B50C468A
:10349000080417D51D488078FCF7DAFF05000ED028
:1034A0000178A22908D0B02904D0D02904D101F094
:1034B00087FE01E008F06CFB2846FCF7CFFF0120F7
:1034C000C0031FE0E00703D009F07CF9012019E0F8
:1034D000A00702D50220484070BD200707D50CA0E8
:1034E00002F0C0FB0E4800F0E7F808200AE0600791
:1034F0000AD5FF20F53009F03BFB09F093FA09F0FB
:10350000ADFA0420604070BD002070BD7C87FF1FB5
:1035100063616E63656C20636F6E6E0A000000006D
:10352000FEFF0000F8B5554E1546534B0246374690
:103530000024C01A20379A424AD00EDC5048101A94
:103540000300FCF7E1FD12272C323B202020202035
:103550005420205B622020694020F4286BD008DCD6
:1035600001283AD002283DD0F2285AD0F3280AD1B7
:103570005CE0F52864D0414B4033F62865D0F7284D
:1035800068D0F8286BD0272A01D202296ED00224F5
:103590002046F8BD012964D128783070F8E7102959
:1035A0005FD110222946701C05E0102959D13348FB
:1035B000102229461130FCF7D7FDE9E7042950D144
:1035C00028687062E4E702294BD12888F085DFE79C
:1035D000022946D128883086DAE7022941D1288895
:1035E0007086D5E702293CD12888B086D0E701292A
:1035F00037D12878042834D83876C9E7012930D162
:10360000287807282DD87876C2E7012929D128788B
:10361000032826D8B876BBE7012922D12878F87686
:10362000B6E701291DD128783877B1E7012918D1EB
:1036300028787877ACE7012913D12878B877A7E7FD
:1036400001290ED12878F877A2E7012909D1287835
:1036500018709DE7012904D12878587098E702294D
:1036600001D0182494E72888588091E729881046CB
:1036700000F0FEFB04468BE71203000080CFFF1F23
:103680000003000010B5002801D0034A506008462E
:1036900001F064FD002010BD7C87FF1F38B5054B8D
:1036A0006C469B7823706070A170E270684600F0F1
:1036B000F9F838BD7C87FF1F014610B50248132278
:1036C000807800F01BFC10BD7C87FF1FF8B5044616
:1036D0002F480F460078022805D0012803D008287B
:1036E00003D1002F01D01220F8BD002C08D0294DA5
:1036F0002088EA6881005158002903D01120F8BDC4
:103700000220F8BD06F0EAFE06003BD02C20FCF7B4
:10371000ABFE2188EA6889005050002834D02C2262
:103720000021FCF70BFE2088EA68810051581C221A
:1037300048802088E96880000858211D001DFCF79A
:1037400013FD2188EA6889005158022008702288F8
:10375000E96890000B5870791B1D002816D00020D6
:103760000D49097802F020F90546002F03D03946AB
:10377000304609F09BFF002D02D0208803F0B8F8F6
:103780002846F8BD1420F8BD1320F8BD0120E7E756
:103790006589FF1FC889FF1FF589FF1FFFB5204DF1
:1037A00081B028781E461746022823D0012821D050
:1037B000002F22D0019806F091FE04001FD0606A0D
:1037C000002801D0FCF756FE1C213846FCF758FEB5
:1037D0006062011E15D02878000714D5002E12D083
:1037E000887E00900B4612330A8A01980AF042FA4A
:1037F000014609E0122005B0F0BD0220FBE71420CD
:10380000F9E71320F7E70021207904221043207103
:10381000029A002A02D00222104320710846EAE7E9
:103820006589FF1F10B505480078000701D50448D9
:1038300000E0002003F0DCFC10BD00006589FF1FE4
:103840005C89FF1F10B5FEF7A6FC06480A21007828
:10385000084204D0044803F0C5FC002010BD01203C
:1038600010BD00006589FF1F5489FF1F10B50B496B
:103870000968002904D00978814203D0032010BDD3
:10388000122010BD064801210078FCF74FFC3020C3
:1038900003F0DCFC002003F0D5FD10BDC089FF1F44
:1038A000F589FF1F38B5234D04462868002801D04C
:1038B000112038BD20480A210078084201D1122089
:1038C00038BD0420FCF7D0FD286000282FD004224A
:1038D0002146FCF749FC00F0A5F9002805D00C2092
:1038E00000F028F905460D2007E06078022812D084
:1038F000102000F01FF90546112000F01BF90246C8
:10390000E078002800D0012000900C4800780028C2
:1039100007D0012306E0122000F00CF90546132021
:10392000EBE70023A0782946FCF7B0FD38BD132053
:1039300038BD0000C089FF1F6589FF1F6689FF1F12
:10394000FFB51E4681B017460D4602240B00FCF75A
:10395000DBFB0D210B0B0B0B210B210B0B2121088A
:1039600021000EA002F07EF92946019800F05EF9D0
:1039700004000FD130460B9A0A9900F02FFA38460E
:10398000FFF760FFFFF74EFF01F030FF00F08EF908
:1039900001F0CEFF204605B0F0BD00004741505F6A
:1039A000446576696365496E69743A204741505FA2
:1039B00050524F46494C455F43454E5452414C206E
:1039C0007C204741505F50524F46494C455F50451F
:1039D000524950484552414C200A000070B5104CE5
:1039E0002168002904D00978814203D0032070BDEA
:1039F000122070BD0B4D02212878FCF797FB0A4876
:103A00000026468004212878FCF790FB07480680B2
:103A10002168032048700020FCF73EFD70BD0000C7
:103A2000C489FF1FF589FF1FD889FF1F6889FF1F01
:103A3000F0B505463B4889B00078000702D4122053
:103A400009B0F0BD02F0C6FF002801D01020F7E752
:103A500000F0E8F834490978884201D31520EFE7EF
:103A6000324C2068002801D01120E9E70A20FCF739
:103A7000FBFC2060002851D00A222946FCF774FB89
:103A800020684078002805D00E2000F053F80890F8
:103A90000F2004E00C2000F04DF808900D2000F0FD
:103AA00049F8054622480078002835D001261C2018
:103AB00000F040F804901B2000F03CF8039019201F
:103AC00000F038F802901A2000F034F8074616206B
:103AD00000F030F80190152000F02CF800902168DB
:103AE000C878091D02F0BBFA034602A807C804976C
:103AF00005AF07C72268019900980391141D029031
:103B000001960094927829460898FCF7CBFC0400B3
:103B100005D002F011FF02E00026C8E7132420467A
:103B20008EE700006589FF1F248AFF1FCC89FF1FD5
:103B30006689FF1F272803D202494000085A7047B0
:103B4000014870477089FF1FFFFF000010B5044C4B
:103B50006070FCF7ADFC0521607801F0A1F810BDA4
:103B6000F489FF1F70B5284E054630680C460028C2
:103B700001D0112070BD254801780520014216D0E2
:103B800023488068002805D00078002802D0C807A4
:103B900006D101E0102070BD00F044F8002808D0E4
:103BA0002078032805D0022803D0002801D0122055
:103BB00070BD0C20FCF758FC3060002820D0057048
:103BC000002141700A222146801CFCF7CDFA03F047
:103BD00065FC040002D002F07FFE12E00D48007880
:103BE00003280ED11D20FFF7A5FF0B4900280880F0
:103BF00007D00B48094A04210078FCF723FC00E0B9
:103C00001324204670BD0000C489FF1F6589FF1F73
:103C1000D889FF1F6689FF1F6889FF1F60EA0000BF
:103C2000F589FF1F10B506F0B5FC10BD70B50C4648
:103C300005461C2200210948FCF780FB0848057056
:103C40004470FCF73BFC0549002803D000200870B5
:103C5000122070BD01220A7070BD0000F4D9FF1F50
:103C60006489FF1F7FB504460D46084606F036FC02
:103C7000002805D00C48844204D9022004B070BD4D
:103C80001220FBE7102200216846FCF757FB68462C
:103C90000470210A4170210C8170210EC1702946E7
:103CA00001F0B4FDEAE700003F420F0070B50F4C91
:103CB0000025A068002802D0FCF7DCFBA560E068C6
:103CC000002802D0FCF7D6FBE56009480521007802
:103CD000084206D00548103003F090FA02F0D8F9F7
:103CE00070BD002003F08AFA002070BDD889FF1F44
:103CF0006589FF1FFEB5344D0C46080419D5687858
:103D0000FCF7A6FB0121C9034C40064600280ED053
:103D100003F05EF9002807D12878FF2804D0314647
:103D2000FCF7D2FB002802D03046FCF797FB204678
:103D3000FEBDE007012700280AD0A868002804D0AB
:103D40004168002901D00020884720467840FEBD08
:103D5000A00709D56868002804D04168002901D06F
:103D60000120884702202AE060072AD5174E3088B4
:103D700000281FD0401E0004000C30801ED102F02D
:103D800021FE002809D0124807706868002804D076
:103D90004168002901D00120884702F0EDFD694605
:103DA00001F0A2FC684603F0FDF81D20FFF7C2FEFB
:103DB000308003E004216878FCF7B8F90420604003
:103DC000FEBD0020FEBD0000F489FF1F6889FF1FB3
:103DD0006789FF1F10B501F085FD10BD70B50E4C51
:103DE0000B46261D07C60546102200211846FCF783
:103DF0001DFB012803D11021A06809F0DDF9102274
:103E000000212846FCF712FB012803D1102160682D
:103E100009F0D2F970BD0000F4D9FF1F38B505468E
:103E200010480C460078400701D4122038BD2846BF
:103E300006F054FB002812D00B48A9000068405837
:103E4000002801D0817D00E02146684609F06CFF22
:103E5000064B6A460221284609F0C8FE38BD1420E8
:103E600038BD00006589FF1FD489FF1F39E20211A8
:103E7000272807D2044A914204D0044A4000115234
:103E80000020704702207047FFFF00007089FF1F6D
:103E900070B50E46104915460978022916D0012939
:103EA00014D0002D14D006F019FB040012D0002EFF
:103EB00003D0207902210843207110222946A0183E
:103EC000FCF752F928692062002070BD122070BDF5
:103ED000022070BD142070BD6589FF1F38B50C46E7
:103EE000054606F0FBFA002806D0684604706946CD
:103EF000284609F069FE38BD142038BDF8B50D46D6
:103F000017461D4906461B4A12248868954208D167
:103F100000282DD00268002A2AD029463046904732
:103F200023E0144A521C954213D1002807D002689E
:103F3000002A04D0294630469047040005D039466F
:103F4000304601F0A7FE040012D10B4806704770FE
:103F50000EE0284606F0C2FA002809D00078B042E8
:103F600005D139462846FCF7B5FA044600E003249B
:103F70002046F8BDFEFF0000C889FF1FF8B50E46B9
:103F8000014619481546007805221F46104028D0E2
:103F9000304326D01548012E1BD0C468002C20D0F9
:103FA0001F2D18D8002D01D0002F14D001701F2212
:103FB0000021601CFCF7C2F92A463946601CFCF758
:103FC000D3F828462570002E07D0611CFCF788FA2C
:103FD000F8BD8468E2E70220F8BD611CFCF786FAB0
:103FE000F8BD1220F8BD00006589FF1FD889FF1FAA
:103FF000014610B50020C90704D0034A0421034834
:1040000000F0AAF910BD0000ECF002113887FF1F84
:1040100070B50E4D0F4CA8700D49204600F020F8E9
:1040200000210D480B46CA0084521218491CC9B21F
:1040300053600429F7D3012004F00AFDA87800F0AA
:10404000EDFB064806F0BCFA70BD00002887FF1F94
:104050005CCFFF1FFFFF00006CC9FF1F958202119C
:1040600070B50A4C0025A04209D1002082008C5274
:104070005218401CC0B295700528F7D370BD04F0EB
:10408000D8F80028FAD00480857070BDFFFF0000CA
:10409000F8B50E460746069900240798002902D075
:1040A0000B242046F8BD022B01D00D24F9E711782E
:1040B0005278120289188DB22946814301D080249A
:1040C000EFE73846F16800F03FF9A842E9D02A4608
:1040D0003846F16800F0CAF90400E2D171892A4635
:1040E000384600F067F9DCE770B50C46080412D5D5
:1040F0000A488078FCF7ACF9050008D02878B02889
:1041000002D1284604F0B4F92846FCF7A7F90120AB
:10411000C003604070BD002070BD00002887FF1FF5
:10412000FFB583B0087A00250C9E1C460F46C006DA
:104130000DD5059804F076F8030006D00A2239461A
:1041400003989847050035D101E00E2532E0387814
:1041500002281DD1786829220178407812020002D5
:10416000081881B2881A91427ED009DC7348081A77
:1041700023D0012821D002284FD0032808D125E0E0
:10418000012872D0022871D003286DD004286ED087
:10419000059804F06FF800286AD00568002DD4D087
:1041A0000E990D98019100903346224639460398A6
:1041B000A8470546284607B0F0BD0D98002872D1E3
:1041C000F868017831800278416896E00D980028FF
:1041D00069D101203080F86800210078207078894A
:1041E000401C80B200F0C8F900280DD03188027858
:1041F0008918891C3180817A61704189090AA1700E
:1042000002784168E01C79E030880422001D30808B
:104210000021601CFCF792F8CCE70D98002875D1BE
:10422000F86802A90088009004203080009820706F
:104230000098000A6070009800F09EF9070029D0ED
:10424000F86800906846028901AB3D49384600F0A5
:10425000EBF9002810D13B7802213A487A68FEF742
:1042600040FA002808D104E026E030E01CE04AE0F3
:1042700062E0401E694688800098007802280CD1D0
:10428000009802224168201DFBF76EFF3088801CD9
:10429000308002E069460098888068468088A07077
:1042A000000AE07086E731E00D9800282ED1F96809
:1042B000039800F049F804E00D98002826D1F8682A
:1042C0000088022131802070000A607072E7F8686F
:1042D000FCF712F90D99C0B2814212D8814201D186
:1042E000002206E00E9A8918814202D30D99401AE5
:1042F000C2B23280F9680D9809182046FBF734FFE6
:1043000058E7072556E70D98002801D00B2551E7FF
:104310000721F868318001782170417861708178D7
:10432000A1704188090AE170017921718179617177
:10433000C088000AA0713DE700252FE70028000093
:10434000FFFF00008EF2021110B503F072FF00288B
:1043500000D0807810BD00007CB51546040019D04F
:1043600068460194018000F05FFA03001DD1002D22
:104370001BD06489002C0DD00C20FCF775F80028A8
:104380000AD0002303608480094A8560916800296F
:1043900004D006E0022308E0132306E0906004E066
:1043A00011460A68002AFBD1086018467CBD00004F
:1043B0002887FF1FF8B50C4C0746207815460E4697
:1043C000FF280FD00A20FCF79DF801000AD0B12089
:1043D00008700020487008714F80CE800D812078D1
:1043E000FCF772F8F8BD00002887FF1F70B50C4677
:1043F00005460649FFF7A8FF800704D52146284651
:1044000000F066FA70BD012070BD00005CCFFF1F98
:104410001CB56B461A71120A5A71002200920223CF
:1044200001AA00F001F81CBDFFB583B008461F4685
:1044300001A90C9E00F0A0F8050014D06846808801
:1044400003F018FF00280AD04468002C09D0009619
:104450003B462946059A0398A04707B0F0BD0024C3
:10446000F3E70E20F9E70120F7E7000070B51446E6
:104470000E46054603F0DDFE002806D1314605480C
:1044800003F0D7FE002803D005808470002070BDA3
:10449000112070BDFFFF000010B50178B0290BD1CD
:1044A0004178002908D10179122906D01B2903D1AE
:1044B0004088012100F070FB10BDFF210231095C32
:1044C0000129F5D010BD10B586B06C462180628000
:1044D00002212171032161712821A1710022694605
:1044E00003F036FE06B010BDF0B58BB001236A466E
:1044F00093819B1ED38102231374002353742823BA
:104500000D469374064603AF02A903F0FDF90400BB
:104510000CD139463046FEF783FB040006D1054B2B
:10452000112239460095029804F0C6FB20460BB0D4
:10453000F0BD0000772A0211FEB50E46154607466B
:1045400001A903F0E1F904000FD131463846FEF726
:104550000DF9040009D1064930880880054B032273
:1045600031460095019804F0A7FB2046FEBD0000EF
:104570005089FF1FF3280211F0B58C4610494B6893
:1045800019E09F687C89A04214D39E88311981422A
:1045900010D900220CE011017D186989814205D1F2
:1045A0006046002800D004802846F0BD521C92B21C
:1045B0009642F0D81B68002BE3D10020F0BD00002C
:1045C000088AFF1FFFB5174881B00A9F446824E09E
:1045D00000251EE0A06829014618708901998842CB
:1045E00015D30299884212D80498002807D0317850
:1045F0007068049B039AFEF774F8002807D0002F18
:1046000002D0A06840893880304605B0F0BD6D1CEE
:10461000ADB2A088A842DDD82468002CD8D10020F3
:10462000F3E70000088AFF1FFEB5174600256A461B
:104630009580044640891D4A1E46904208D001AA32
:104640000092401C237880B26268FFF7BBFF0546EA
:104650002378022116486268FEF743F8002807D144
:104660002378022113486268FEF73BF8002801D046
:1046700060890EE0237802210F486268FEF731F866
:1046800000280DD0002D03D068468088B84203D0A2
:10469000384604F0F1FA04E06889401E80B200E078
:1046A0006089002E00D030802846FEBDFFFF00004C
:1046B0008CF202118EF2021192F20211FFB581B05A
:1046C0000F461E4614466946019803F033F905006B
:1046D00018D1002C06D001221021019805F0D8FE37
:1046E00005000FD139460198FEF7CCF8050009D135
:1046F000009CFF2E06D021461E22A31C034804F076
:10470000C7FAE670284605B0F0BD00007D8B0211A7
:1047100010B505490870042100F0C2FA00F038F81D
:10472000FEF7BAF810BD0000148AFF1FF8B5002488
:10473000134D2646FF2715E0FF200D3069686043C2
:104740004018002C19D00F49018086704772FF2154
:10475000077209310E54FC2200210C30FBF7EEFDEC
:10476000641CE4B228788442E6D3074803F024FDB1
:10477000064805F025FF0020F8BD0249491EE3E781
:10478000008AFF1FFFFF0000AD770211F5760211CE
:10479000F8B50F4D0D4B00206E1C1C78FF2209E070
:1047A0009F688100C91900280ED00E80CA70401C75
:1047B0008A70C0B2A042F3D3064803F003FD064856
:1047C00005F0FEFE0020F8BD0D80EFE7088AFF1F10
:1047D000FEFF0000A98B0211FD8A021170B50C4684
:1047E000080411D509480078FBF732FE050007D010
:1047F0000178A02901D103F0F9FB2846FBF72EFE32
:104800000120C003604070BD002070BD148AFF1FEE
:104810000149487070470000008AFF1F0149487035
:1048200070470000088AFF1F70B505460088002801
:104830001DD068680221037842682248FDF751FFC5
:10484000002808D168680221037842681E48FDF7F5
:1048500048FF00280BD01D4C6088002805D001229D
:1048600029881204101A814203D9012070BD022048
:1048700070BD0C20FBF7F8FD060001D000200BE016
:10488000132070BD01016B6862880A315A52618839
:10489000491C401C618080B229888142F2D80020E6
:1048A000306008222946301DFBF75EFC6068002856
:1048B00002D1666004E0084601680029FBD1066069
:1048C000002070BD8CF202118EF20211088AFF1FC7
:1048D00070B5BEB00D460646002402230E4A0F49AD
:1048E00001200094FFF76EFE002812D040896A462E
:1048F000108004205080012010715471FF209071AD
:10490000D0712B46002269463046FFF7D7FE3EB0F5
:1049100070BD0120FBE70000AAF20211FFFF0000BA
:104920000649496806E08A685289824201D188882E
:10493000704709680029F6D100207047088AFF1FD8
:1049400010B51422114201D0012202E04A0604D51A
:104950000022102105F09CFD10BDC80701D00020E9
:1049600010BD022010BD10B514468A0604D50122E0
:10497000102105F08DFD10BD882211420ED00822B5
:104980000A40102105F084FD00280BD0E034617E40
:104990000029F0D0217E0129EDD103E0880701D460
:1049A000032010BD002010BD10B504F0A5F910BD06
:1049B000014610B50020C90704D0034A0721034867
:1049C000FFF7CAFC10BD0000D8F00211B486FF1F2B
:1049D00070B50D46164600241D490300FBF794FBF5
:1049E00008051234341934222934152D23D81622FF
:1049F00000211848FBF7A2FC2A4631461548FBF770
:104A0000B3FB22E0022D16D111491088103908801D
:104A10001BE0082D0FD10E48082231460838FBF75D
:104A200043FB12E0012D06D1CA69094930782831CB
:104A300007E0012D01D0182407E0CA6B0449307843
:104A4000483104F02CFA00E00224204670BD00003A
:104A5000B486FF1F54C9FF1FF0B5069F099E0028AA
:104A600033D0102831D800292FD0002A2DD0002B88
:104A70002BD0002F29D0079C002C26D0089C002C7E
:104A800023D0002E21D00A9C002C1ED0104C851D56
:104A900020706570A26061600E490F4A0B60059935
:104AA00011600E490E4A0F60079911600D4A08996E
:104AB00011600D49401C08700C490E600C490870CB
:104AC0000C490A9808600020F0BD1820F0BD0000D5
:104AD000248AFF1F6C8AFF1F4C89FF1FD489FF1F88
:104AE000588AFF1F5C8AFF1F008AFF1F048AFF1F6E
:104AF000088AFF1F108AFF1F0B7803700B880222A1
:104B00001B0A43700B88801C012B02D0022B07D09C
:104B100011E08A7802704988090A417004220AE08B
:104B20008A7802704A88120A42700A7982708988EB
:104B3000090AC1700622104670470A780270098877
:104B4000090A41700220704708B5044B00931346D0
:104B50000A46012105F0ECFB08BD0000F94A0211EC
:104B60001CB50323019200930A46024B122105F063
:104B70000FFC1CBD099C021108B5044B00931346A1
:104B80000A46132105F0D4FB08BD00003B4B02117F
:104B900010B5FBF7BDFC10BD13B504480078012823
:104BA00003D101AA6946FBF7B9FC1CBD208AFF1F8F
:104BB00070B51049104A087000210B468C00491C42
:104BC000C9B213530429F9D30B4C00211034FF262A
:104BD0000A460A256A4315196B80491CA354C9B2B9
:104BE0006E720329F4D3FBF79FFC05F057FB05F029
:104BF000ABFC70BD218AFF1F10DAFF1F082A01D00D
:104C0000012070474B780A781B02D2180280CB78BB
:104C10008A781B02D21842804B790A791B02D2187B
:104C200082808A79C97909025118C18000207047B1
:104C300070B50C46080411D509480078FBF708FC4C
:104C4000050007D00178902901D105F089FA28469E
:104C5000FBF704FC0120C003604070BD002070BD64
:104C6000218AFF1F70B50C490978884213D20B4C7A
:104C7000060160680025855330188581606830180A
:104C80008580606830188068002804D0FBF752FCEB
:104C900060683018856070BD248AFF1F548AFF1F2A
:104CA000072907D0052905D0042903D0062901D0FA
:104CB00002207047044A8B009A181346403B19861D
:104CC000203A90740020704710DAFF1F70B5174922
:104CD0000978884228D25C21154C4843A1680546D2
:104CE0004018002640300674A068281840304674EA
:104CF000A068281840300676A0682818406D002863
:104D000004D0FBF717FCA068281846650026A068A9
:104D1000F100281840184068002801D0FBF70AFC71
:104D2000761CF6B20A2EF2D370BD0000248AFF1F53
:104D3000548AFF1F70B50A880C460546072A07D01B
:104D4000052A05D0042A03D0062A01D0022070BD0E
:104D5000012105F067FC002804D02146284604F014
:104D600069FF70BD142070BD10B5001D80B2FBF747
:104D7000E7FB002803D00321C943FBF7E7FB10BD85
:104D800010B506490648FFF76BF9064805F018FC10
:104D9000054A08210548FFF7DFFA10BDECCFFF1FD9
:104DA000FFFF000005B30211A8F10211AC87FF1F3D
:104DB00010B500241046012904D0022905D0022490
:104DC000204610BD1422044902E003491422143184
:104DD000FBF7CAF9F4E70000C4CFFF1F002803D097
:104DE000024948600020704711207047A487FF1FC8
:104DF00010B504460246064906A000F033FF0A49F2
:104E00004978012902D1204600F052FC10BD000073
:104E10004BF10211257320636F6E6E5F68616E64E3
:104E20006C652025640A00007C87FF1FF0B50646EC
:104E3000024687B0244925A000F014FF0520FEF7A4
:104E400079FE074606A92648FEF7A6FA244804A9D3
:104E5000401CFEF7A1FA224805A9801CFEF79CFA27
:104E6000C52003A98000FEF797FA6946088B888061
:104E7000088AC880888A088188894881304606F077
:104E80008DF804460146324616A000F0EBFE1B48A2
:104E900001A982783046FFF763FE1820FBF7E4FA99
:104EA000164DA4002435285100280BD000233A4683
:104EB0001349009607F0A2FD29590020486128599E
:104EC00007F018FE07B0F0BD27F10211257320632B
:104ED0006F6E6E5F68616E646C652025640A000009
:104EE000110300006964782025642C636F6E6E489E
:104EF000616E646C652025640A0000007C87FF1FDA
:104F0000F14D021138B541780546002903D019A0AA
:104F100000F0A8FE38BD20480468688900902B89FD
:104F2000EA88A9881DA000F09DFE1FE0002C04D196
:104F3000284606F007F8002803D0A078032807D0F9
:104F400013E01F4800680028E4D007F0F9FD38BDE1
:104F50002088A9880005000D884206D18AB2E07831
:104F60000823211DFDF7F4FE38BD2469002CDDD196
:104F700038BD0000506172616D557064617465499F
:104F80006E666F206572726F7220737461747573D0
:104F90002025640A000000006C88FF1F68616E64B1
:104FA0006C652025642C496E74762025642C6C6118
:104FB00074656E63792025642C544F2025640A00A3
:104FC000A087FF1FF0B50446821C8BB05349052013
:104FD00006F04AF906003FD0214620790C310A91AB
:104FE000491C0991491C0891491C4C4D4F1C1C3D02
:104FF0000791092837D011282ED1207A00282DD0EA
:10500000002526E060890A996843425C0999405C62
:105010006946000210180880608908996843425C5C
:105020000799405C6946000210184880A07A001F6A
:10503000C2B20A7160896843C11901A80130FBF747
:1050400093F831466A460831062006F0A5F86D1C33
:10505000EDB2207AA842D5D80BB0F0BD60781A28FE
:10506000FAD1B06843E0207A002836D0002530E03D
:1050700060890A996843425C0999405C694600026C
:1050800010180880608908996843405C69468870F8
:10509000608907996843415CC05D00020818694651
:1050A0008880A07A401FC2B28A7160892146684315
:1050B0001131411801A80330FBF756F831466A4612
:1050C0000C31072006F068F8694688886D1C7080EE
:1050D000EDB2207AA842CBD8BEE760781A28BBD1BF
:1050E000B21C911D062006F0BFF8002806D04288A9
:1050F00001886088AB78FFF7E6F9ADE7618808A022
:1051000000F0B0FD6868002804D08168002901D053
:1051100030468847608807F04FFC9DE79887FF1F5F
:10512000416C6C2043686172616374657269737469
:10513000696320446973636F766572205375636396
:1051400065737320704D73672D3E636F6E6E48619B
:105150006E646C652025640A000000007CB50E4D6D
:10516000297801700D48047F0DA0214600F07AFDDA
:105170000A482246001D014613390346009101905A
:10518000243B1978A8785B1CFEF7DAFB0246084935
:1051900008A000F067FD7CBD7C87FF1FA0CFFF1F2C
:1051A0006D61785363616E4E756D2025640A000051
:1051B000F8F0021125732C7265742025640A000032
:1051C000F0B50446807891B0AF4E0300FAF79CFF2B
:1051D0000E08FC2429292CEAFB0E0E0E0EFAF90EFD
:1051E0006178002903D0A9A000F03CFD48E1B0A0FF
:1051F00000F038FDB3A000F035FDE01C00F0F2FC3B
:1052000000F030FDA9A000F02DFD6189B3A000F0F1
:1052100029FD217BB6A0E7E7E278617805F08CFDF7
:105220002EE161780022F9E7617800297ED12146DC
:1052300005F090FC04906846058A28060390000F4C
:1052400039D1002768460771312001A90001FEF716
:10525000A3F86846007900282DD00020694608810F
:1052600002A91F20FEF798F86946088A0005070F73
:105270003946A5A000F0F6FC1820FBF7F5F8B900B8
:10528000814F20377850002815D02A07120F00923E
:105290006A4612897D23DB005A430D460023A1494B
:1052A00007F0ACFB7959002048617959012008606A
:1052B000785907F01FFC0398000F03285CD161891F
:1052C000994A012050540821B078FAF72FFF05F0D1
:1052D000F9FD96484588002D4ED00C22002101A8EA
:1052E000FBF72CF86946088A00270007000F00909A
:1052F0008880CD800F72644901AA1431032003977E
:1053000005F04AFF002837D01822002105A8FBF736
:1053100015F868460A97008A5B490007000F069057
:1053200005AA1831042005F037FF00E024E000282A
:1053300022D055490420183105F0EAFE07001BD0A1
:10534000FF220123F5327A49384607F057FB6807F8
:105350000FD5142200210BA8FAF7F0FF6946088A3E
:105360000BAA0007000F8885474905201C3105F06E
:1053700013FF384607F0ACFB70680569002D7FD03D
:10538000201D00906846008A01050B0F0106090FD9
:10539000032905D000220107090F6078A8476FE0B4
:1053A0000322F8E76178002924D1214605F0D2FBD9
:1053B0000090684605882F06380F032807D1A0887B
:1053C00003E02DE056E027E036E007F0F5FA380F6D
:1053D00010D12805000F85002B48203040590028A7
:1053E00001D007F0ADFB284824304059002801D0F7
:1053F00007F0A6FB70684569002D41D0684600881B
:10540000A37901050A0F0106090F032900D0002125
:105410000007000FA84733E02046FFF773FD2FE099
:10542000204607F041FA7168002929D0096800294F
:1054300026D02046884723E07068002804D04168C1
:10544000002901D0B0688847B468002C0FD0A0694B
:10545000B060E068002801D0FBF70CF86069002814
:1054600001D0FBF707F82046FBF704F8ECE705F05E
:10547000FBFC05E02FA000F0F5FB2046FDF7F6FC55
:10548000012011B0F0BD00007C87FF1F44657669E4
:10549000636520496E697420446F6E6520455252E1
:1054A0005F436F6465203078253032580A00000071
:1054B00044657669636520496E697420446F6E6542
:1054C000200A0000424C45204D756C74692D526FC6
:1054D0006C6520416464726573733A004843495FA8
:1054E0004C4520504B54204C454E2025640A00006A
:1054F0004843495F4C45204E554D20544F54414C34
:105500002025640A000000006D756C746974696D73
:1055100065725F696E6974207065724964782025D0
:10552000640A0000B15602119286FF1FC0CFFF1F10
:105530000156021147415020736C617665207265F7
:1055400071756573746564207365637572697479C8
:10555000206576656E74200A0000000038B50546A7
:1055600005F0EAFC04460221684605F0CFFC002C59
:1055700018D06846417822780078631CFDF7F8FE61
:105580000F4C01000FD00FA000F06CFB0121207820
:10559000FAF7E2FF002805D1FF22F5320121207839
:1055A000FAF7CAFD38BD01206870A870082120787C
:1055B000AA68FAF7C1FD0BA000F054FB38BD00004B
:1055C0007E87FF1F73746172742065737461626CEF
:1055D000697368206661696C7572652072657420F4
:1055E00025640A0073746172742065737461626C5F
:1055F0006973682073756363657373200A00000024
:10560000F1B582B002AA2849042005F02DFE2649F2
:10561000054602AA091F032005F026FE0446002DB8
:105620002AD0002C28D02079002825D160881E4F50
:10563000C107183F0126002910D01720FDF740FBB5
:105640006B4617201880BA7819461889FEF774FF40
:10565000002811D126716088B0430CE081070CD579
:105660006846124AFB210089FAF77CFF002803D123
:105670006088022188436080FEBD4007FCD50A494E
:1056800002AA091D052005F0EFFD0500F4D02879D8
:105690000028F1D16846B9780089FEF725FF002877
:1056A000EAD126712E71FEBD9487FF1F48080000C5
:1056B00010B504460246054905A000F0D3FA094991
:1056C000E0B24978FFF7B2FB10BD00000BF1021108
:1056D000257320636F6E6E5F68616E646C65202554
:1056E000640A00007C87FF1F38B50C46050014D003
:1056F000002C12D00321684607F05EFD69468878C9
:1057000040218006800E084369468870224628465C
:1057100008F0CAFB050002D006E0022038BD0322D3
:105720006946E01CFAF720FD284638BDF7B58EB073
:105730000E9815460E4600282DD0002D2BD0301D7A
:10574000C0B20190FAF790FE040039D001F020F9C0
:1057500007463246201D0E99FAF76EFEF8B2089001
:10576000E0703804000E0B90A0703802000E0A9012
:1057700060703F0E277001F005F90146102202A863
:10578000FAF75AFE06AB214602A8019A08F0E2FA9F
:10579000060003D010E0022011B0F0BD0898287078
:1057A0000B9868700A98A870EF70082206A9281D47
:1057B000FAF742FE01F0F2F82046FAF75BFE00E04D
:1057C00013263046E8E7000010B5064C2070FAF7C3
:1057D000CFFE06212078FFF763FA034804F0F0FEBD
:1057E00010BD0000488AFF1FCDD3021110B5054837
:1057F0000078000701D5044800E0002007F0C0FF52
:10580000002010BD6589FF1F308AFF1FF8B50E46C6
:10581000214C0146A068B50040590027002807D058
:105820002422125C022A05D0032A03D0042A01D0C4
:105830001220F8BDC288B24201D00220F8BD102269
:105840000C30FAF791FCA06810214059353007F070
:10585000B3FCA068415930460B460A462533353221
:105860000C3108F043FBA068022140590278002A5D
:10587000427807D0032A0BD14170304607F062FC12
:10588000074605E0042A02D0032A03D000E0417055
:105890003846F8BD0521EFE7648AFF1F70B50C4656
:1058A000080419D50D480078FAF7D2FD05000FD08D
:1058B00007F0B2FE002808D109480078FF2804D07C
:1058C0002946FAF701FE002802D02846FAF7C6FD5D
:1058D0000120C003604070BD002070BD488AFF1FDA
:1058E000F489FF1F7CB50C4605001DD0002C1BD091
:1058F0000322E11C6846FAF737FC694688784021A4
:105900008006800E08436946887001AA284608F080
:10591000CBFA002807D10322214601A8FAF76CFC34
:10592000012803D001207CBD02207CBD00207CBD6D
:1059300010B505480078400701D5044800E0002074
:1059400007F024FF002010BD6589FF1F3C8AFF1F60
:10595000F0B587B00C9E1C460D00074614D0684673
:105960000276110A417610220021FAF7E7FC32464E
:1059700029466846FAF7F8FB002C08D00822214691
:1059800004A8FAF7F1FB07E0022007B0F0BD0822F7
:10599000002104A8FAF7D2FC6B4606AA04A93846EF
:1059A000FAF7ECFDF1E70000FFB581B000202B4CC9
:1059B0000090A068950040591E461746002802D066
:1059C000112005B0F0BD002E0BD02120FEF7B2F85B
:1059D000317E884205D82220FEF7ACF8317E88421D
:1059E00001D20220EDE77820FAF73EFDA1680028F9
:1059F000485130D078220021FAF7A0FCA06800219D
:105A000040594170A268019852591070A2680298DA
:105A100052599070A268FF205259D070A068425924
:105A2000D780425996604259116240592030017125
:105A30000198002803D0384607F09CFB0090A1682D
:105A40000120495948700098002802D0384607F0D4
:105A500043FB0098B5E71320B3E70000648AFF1FFB
:105A6000FFB58DB00F98169C0E46002815D0002C5F
:105A700013D00D9804F032FD050011D06178207824
:105A800009024018A178E27809041206891847181B
:105A9000286AB84206D3401C04D0022011B0F0BDE1
:105AA0001420FBE7002E04D02879800701D40120C0
:105AB000F4E70822002106A8FAF740FC1098001D20
:105AC000C0B20190FAF7D0FC060017D0301D109A32
:105AD0000F99FAF7B1FC042221463046FAF7ACFCE4
:105AE0001022A91802A8FAF7A7FC06AB314602A8B3
:105AF000019A08F02FF9050002D013E01320CDE73A
:105B0000082206A908A8FAF797FC0822211D08A870
:105B1000FAF772FB012801D0012503E039460D9800
:105B200001F042FD3046FAF7A5FC2846B6E70A46E2
:105B300010B50146002004F025F810BD10B5FAF7A5
:105B400023FD0120FAF726FDFAF72AFD002010BDFB
:105B5000FFB583B016460F461B2A01D0522E04D142
:105B60000398FAF723FD00281BD01D490398896884
:105B70004000085AFFF7F8F804002DD00125601CFA
:105B80002670002F03D00699B847401C85B2300616
:105B900013D51021039804F045FD002804D01926E0
:105BA00016E0132007B0F0BD6219E9B22046FFF7F6
:105BB000BDFD06000CD10C35ADB204216846018054
:105BC0000194058169460398FFF7B4F8060004D0F4
:105BD0002046FAF7AFFC00E013263046E2E700006B
:105BE0004489FF1F10B586B0044614220FA16846F1
:105BF000FAF7E2FC1249302008707820487006203D
:105C0000891C6A46A41D641E2378401E1B09D35CB0
:105C10000B70237800061B071B0FD35C4B70891C8D
:105C2000000EF0D10870064806B010BD3031323396
:105C30003435363738394142434445460000000088
:105C400070CFFF1F01680A0509D11031044A0160B5
:105C5000126812791203914201D3891A01607047C8
:105C60007088FF1F0FB410B503AA0448029904F00E
:105C7000EBFC10BC08BC04B0184700002F5B0211FD
:105C800038B5034B00240FCB009403F049FF38BD17
:105C9000C0F0021110B50C4604F038FC002804D006
:105CA00040882146FAF716FC10BD122010BD0000F6
:105CB000F0B5174FB84201D12F20F0BD154E00228C
:105CC00033688DB25400E418E48A84420AD150004B
:105CD000C2188032D582B94202D131684018C782D9
:105CE0000020F0BD521C402AECDB00214A00D218F3
:105CF000D28ABA4207D14900CA18D082306808183F
:105D00008030C582ECE7491C4029EFDB3020F0BD34
:105D1000FFFF00007088FF1F10B504480068C07CBA
:105D2000002801D0FAF74EFC10BD00007088FF1F5C
:105D300070B505460024064E04E020034019FAF72A
:105D400047FC641C30680079A042F6DC70BD00009E
:105D50007088FF1FF0B5594E99B03068FF2101726D
:105D600041728171102141710121C17100242546C8
:105D70000922FF210A30FAF7E1FA4E22002104A895
:105D8000FAF7DCFA04AF31E0306821034018102242
:105D9000694600F05BF94948009A01680868824248
:105DA00016D1684600790A79904211D16846407947
:105DB0004B7998420CD168468079521E904225DA80
:105DC000A04201D1022500E00325385588710BE07F
:105DD0000098401C1AD168460079FF2816D1684601
:105DE0004079FF2812D13855641CE4B23348066864
:105DF0003179A142C8D8042D08D0044620688079A2
:105E0000FF2806D0012D04D0002025E0202019B065
:105E1000F0BD00250CE08D7108682A03801810225F
:105E200000F018F9002801D01F20F0E76D1CEDB23A
:105E300021680879401EA842EDDC0020087408792A
:105E4000401E4874102088820120887427E03A5C44
:105E5000002A03D0401CC0B28142F8D881421ED92A
:105E6000401E0818FAF7BAFB71740120B0740020C4
:105E7000024618A9189000F025F8002802D0212821
:105E800002D005E0189901E00121090322689182FE
:105E9000C0B2212803D0002801D02A20B7E7084A41
:105EA000002023684100CB188033DA822368401C2D
:105EB000C918CA824028F4DB0020A8E77088FF1FB9
:105EC000FFFF0000F7B5012484B000200E462746EE
:105ED0000190A7E0687CC019FAF7A4F8C8B2FF2CBB
:105EE00002D9FF3CA4B29BE0049A002A00D1297495
:105EF0000003012503900198002803D000200190A1
:105F0000281906E0012C05D92819811EFF2918DA65
:105F1000401E85B203982901081802904A480422BD
:105F20000068016802980818694600F08FF8049824
:105F300000280ED0012824D0022837D0062007B030
:105F4000F0BDFF200230401B201A84B201200190D6
:105F500066E000998803800F04D0022802D003284D
:105F600059D109E0080D0903890F801C012947D187
:105F70000C214AE001214CE002980005000D306040
:105F80005BE000998A03900F04D0022805D0032813
:105F900041D156E0900F0228E4D1328888B292B203
:105FA0009042DFD106990298086046E0009881038C
:105FB000890F04D002291FD003292CD13DE0010311
:105FC000890F012903D0306801240C300DE0000D49
:105FD0000C21801CFAF726F8002900D00121401876
:105FE00084B20C2031686043081830600698069926
:105FF0000068401C08600EE00103890F012901D0F0
:10600000012408E0000D0C21801CFAF70BF8002990
:10601000B0D1401884B26D1CADB2FF2D00D86AE734
:106020007F1CFFB2084805682979B94200D951E7B9
:106030000498002803D0012803D000207FE7212006
:106040007DE725207BE700007088FF1F10B5FAF779
:10605000CBFA10BD10B5FAF7CDFAC0B210BD0022D0
:10606000002913D0002811D0012806D04A799206C1
:10607000920E4A71032805D007E04879C0221043E8
:10608000487102E0402002434A71012210467047E5
:1060900070B5124800250078052108421BD0202049
:1060A000FAF7E2F90E4C0028A06013D0202200215C
:1060B000FAF744F92020FAF7D7F9E060002804D075
:1060C00020220021FAF73AF905E0A068FAF7D2F9A0
:1060D0000020A0601325284670BD00006589FF1FC1
:1060E000D889FF1FF3B588880C4681005A485A4F5B
:1060F0004058983F594E8BB0002823D10B98002868
:106100007ED0002C7CD000F0E3F930740A281CD338
:1061100000250E206843C0190622FF21FAF786F9F0
:10612000002804D16D1CEDB20A2DF2D30A25357476
:106130000A2D07D1307B0A210546F9F773FF317428
:106140006D1C3573307C0A2861D2A088424D8000D6
:10615000285800285ED082680027002A0BD0307CA7
:10616000062148432130C0B21C2106F0FFFDA08863
:10617000800028588760A088800028580269002A7B
:106180000BD0307C062148432230C0B21C2106F0DF
:10619000EDFDA088800028580761A088800028585D
:1061A0004269002A0BD0307C062148432330C0B21C
:1061B000102106F0DBFDA088800028584761A088E8
:1061C00080002858C268002A18D0307C0621484335
:1061D0002430C0B2102106F0C9FDA088062180003D
:1061E0002858C268307C103248432530C0B20421A0
:1061F00006F0BCFDA08880002858C760B07B00E096
:1062000005E0002801D000F0A9FA00F0EDFA012025
:106210000DB0F0BD307C062148432030C0B20E21C5
:106220000B9A06F0A3FD2822FF216846FAF786F8AC
:10623000307C6A467030C0B2282106F097FD307C71
:106240000E2148430A46C0190B99F9F78DFFA08823
:1062500080002C500020DBE744C9FF1F7C86FF1F15
:10626000F0B589B017460E46044620220021684644
:10627000FAF764F868463A4D0480A9780171EA7823
:106280004271E97A0177069802244108A87A490008
:10629000C307DB0F1943069181070029069901DA2C
:1062A000214300E0A143069101072E4B069901D539
:1062B000194300E099430691C1062B4B069901D57D
:1062C000194300E0994306918106284B069901D5B0
:1062D000194300E0994306914007042100280698DD
:1062E00001DA084300E088430690002A05D001A89F
:1062F00010221F490230F9F737FF2979002904D00D
:10630000002E02D00698204306906846807D002922
:1063100000D001210843694688756978002900D0BA
:1063200004210843694688756979002900D008214D
:10633000084369468875A979002900D010210843CF
:1063400069468875E979002900D02021084369460B
:10635000887539466846FDF7B9F909B0F0BD000007
:106360007C86FF1F00010000000200000004000006
:106370009CC8FF1FF0B5064687B0062041430C9D20
:106380001446082B1BD02131CFB21C2200216846B5
:10639000F9F7D4FF6A461C21384606F0BBFC0028FA
:1063A0000BD16846807EC01F092806D8E107C90FB7
:1063B0002B466A463046FDF7F1F907B0F0BD2231B1
:1063C000E2E7000070B50025094E2C460E20604320
:1063D00080190622FF21FAF729F8002801D16D1C47
:1063E000EDB2641CE4B20A2CF0D3284670BD000064
:1063F000ACC8FF1F10B50024204600F007F8641C4D
:10640000E4B20A2C01D20028F6D010BDF0B5064641
:10641000044606204443254695B02035E8B211AA2B
:106420000E2106F077FC002806D10622FF2111A8D4
:10643000F9F7FCFF002802D0002015B0F0BD0E22B5
:10644000FF2111A8F9F77AFF1C22FF216846F9F70E
:1064500075FF2822FF2107A8F9F770FFE8B211AAFB
:106460000E2106F083FC074620462130C0B26A4662
:106470001C2106F07BFC0546204622303D43C0B27D
:106480006A461C2106F072FC0746204623302F4343
:10649000C0B26A46102106F069FC05462046243049
:1064A0003D43C0B26A46102106F060FC0746253421
:1064B0002F43E0B26A46042106F058FC04467036C9
:1064C0003C43F0B207AA282106F050FC2043B4E771
:1064D00070B50A4D064600240E206043401906227E
:1064E0003146F9F789FE002801D0204670BD641CB2
:1064F000E4B20A2CF0D30A2070BD0000ACC8FF1F24
:1065000000229300CB5A834202D19000401870477A
:10651000521CD2B20A2AF4D3002070477FB50D4630
:106520000A280CD2002D0AD0062148432030C0B2E0
:106530006A460E2106F0EEFB040003D007E00220BD
:1065400004B070BD062269462846F9F70DFE2046C4
:10655000F6E71FB5062148432030C0B26A460E2137
:1065600006F0D8FB002802D0002004B010BD684619
:106570008089C0B2F9E700218A00835A491CDB43B5
:10658000835212189378C9B2DB4393700A29F3D36C
:106590007047000070B5144E00240E20604385192A
:1065A0002046062148432030C0B22A460E2106F07C
:1065B000B1FB00280BD028460622FF21F9F7BEFECA
:1065C000A81D0622FF21F9F7B9FE0020A881641C4E
:1065D000E4B20A2CE1D30548807B002801D000F00A
:1065E000BDF800F001F970BDACC8FF1F7C86FF1F2D
:1065F00010B50E4B1979002900D001215A78002AD4
:1066000000D004220A435979002900D008211143FF
:106610009A79002A00D010220A43D979002900D0A3
:1066200020211143FDF7FAFB10BD00007C86FF1FFF
:1066300070B50E460546062148438EB014462030FC
:10664000C0B20AAA0E2106F065FB002843D106223B
:10665000FF210AA8F9F7EAFE00283CD17035E8B21C
:106660006A46282106F056FB002831D16846FFF71C
:1066700082FF002E06D069463046FFF741FF002812
:106680000DD015E0282200216846F9F7CFFE00283A
:106690001ED1282200216846F9F750FE10E0002C98
:1066A00019D069460020FFF72BFF002813D0068081
:1066B0008178A1420CD08470002C01D1002101808E
:1066C0006846FFF758FFE8B26A46282106F04EFBFD
:1066D00001200EB070BD0020FBE7000070B51C4C1F
:1066E0000646606A1B4D86B0002809D1204614304A
:1066F00000900223184A29460120FDF763FF20E09D
:1067000004A80222002100900292019103ABA28A08
:106710003046616AFDF704FD00280CD16946087B0C
:10672000497B090240180204120C04D0606A4189B6
:106730003046FCF7E9FD0023A28A2946606AFDF78E
:1067400073FF60620028DBD1012006B070BD00003D
:106750007C86FF1FFFFF000098F2021170B5F9F769
:106760004FFF0A4E00240E20604380190546062282
:10677000FF21F9F75BFE002802D12946F9F746FF11
:10678000641CE4B20A2CEED370BD0000ACC8FF1F3D
:1067900070B50B46044611461846FFF7A3FC0028C7
:1067A0001CD00F4DA40028598088FFF797FF0028C0
:1067B00014D00C4E306A002807D04368002B04D058
:1067C000285900228088012198472859002803D0A1
:1067D000F9F744FE002028510A20307470BD0000F3
:1067E00044C9FF1F7C86FF1F08B5FFF7EBFD01289A
:1067F00001D9022000E00A20694608706A4601219A
:106800000520FEF7E5F808BD10B50D4A03460B4C10
:1068100012201268A14209D1002A04D010789842AF
:1068200002D1F9F7F9FE10BD032010BD034B5B1C2C
:106830009942FAD1002AF4D110BD0000FEFF0000F9
:10684000CC89FF1F0246094B10B50120D21807D092
:10685000012A01D0002010BD8A681278002AFAD0DF
:106860008868007800F074FE10BD0000F5DFFFFFBF
:10687000002909D0012807D1497989098901C0294E
:1068800002D0402901D00220704703207047FFB595
:1068900000200E4608701AE01C5C401CC5B2002C9B
:1068A00017D02819904214D85F5D6D1CEDB23846A0
:1068B00000F0A3FE002806D0641EE0B230700099FC
:1068C0008F4202D1581904B0F0BD4019C0B29042B5
:1068D000E2D30020F7E7000010B5044C2068002840
:1068E00003D0F9F7C7FD0020206010BDC489FF1F49
:1068F00070B5104D8400E8680059002819D0006A6E
:10690000002801D0F9F7B6FDE8680059406A002870
:1069100001D0F9F7AFFDE8680059806A002801D07E
:10692000F9F7A8FDE8680059F9F7A4FDE968002027
:10693000085170BDC889FF1F10B5044C606800285D
:1069400003D0F9F797FD0020606010BDC889FF1FD4
:10695000011E044805D104498978002901D0024864
:10696000801D704704DAFF1F6489FF1F014880788B
:10697000704700006489FF1F0148406870470000AD
:10698000F4D9FF1F0148806870470000F4D9FF1F49
:106990000148C06800687047F4D9FF1F10B5074868
:1069A000C0680168491C016005480078FF2803D0D1
:1069B00001218903F9F77EFB10BD0000F4D9FF1F08
:1069C0006489FF1F02484068002800D001207047FA
:1069D000C089FF1F02480068002800D001207047CE
:1069E000C089FF1FFFB581B00F460D9E0A9D039819
:1069F00003F074FD040042D0019800283FD12079B3
:106A00001021084320710499490702D50221084347
:106A100001E0FD21084020710B99284608430C999C
:106A200008433043207902D00421084301E0FB21D0
:106A300008402071002E06D03069102220623146B5
:106A4000A018F9F791FB002D01D0002F05D00B986D
:106A5000002814D0012F08D011E0606A002801D06E
:106A6000F9F708FD1C21284606E0606A002801D0DD
:106A7000F9F700FD1C210B98F9F702FD60620398FD
:106A8000274C8700E068C059002846D0002D11D05F
:106A9000006A002807D11C20F9F7E6FCE16800280D
:106AA000C959086206D0E0681C22C0592946006A0C
:106AB000F9F75AFB0C98002813D0E068C059406AD7
:106AC000002807D11620F9F7CFFCE1680028C95942
:106AD000486206D0E0681622C0590C99406AF9F75E
:106AE00043FB002E13D0E068C059806A002807D10C
:106AF0001420F9F7B9FCE1680028C959886206D06A
:106B0000E0681422C0593146806AF9F72DFB0B9BCF
:106B1000049A0399019806F09DF905B0F0BD0000B4
:106B2000C889FF1FF3B581B0019803F0D7FC0500B9
:106B300029D00E20F9F7E6FC040024D02620FCF72B
:106B4000F9FF060000D12E78D02020700027677052
:106B50000B20A0700622E91DE01CF9F705FB019847
:106B600060810298C1070120002901D0207300E054
:106B700027730299890701D5607300E06773F0B24B
:106B80002146F9F7A1FCFEBD10B581881F4B0124F9
:106B9000CA1A994237D011DC1D4BCA1A994219D032
:106BA00007DC1C4A8A1810D0022A1ED0032A29D1D9
:106BB0001BE0472A27D0482A24D124E01300F9F704
:106BC000A3FA06212222222222218068007800F0E6
:106BD000A9FC08E08068827841781202891889B29D
:106BE000007800F02BFD04460DE0094A921E914208
:106BF00001D1012200E0002280680178104600F0F7
:106C000005FD00E00024204610BD000053200000D8
:106C10000A200000FADFFFFF70B51A4D1A4A01463C
:106C2000002628781268194C01290CD0002A09D0B6
:106C300017490978490705D50221F9F777FA6680DF
:106C4000FFF74AFE70BD6188002903D0114B1B7805
:106C5000002B05D0002AF5D01078FCF7BFFE70BDE0
:106C60003C2902D33C39618070BD0221F9F75EFAFC
:106C700062887D20C000424302212878F9F75CFA3F
:106C8000668070BDF589FF1FC489FF1FD889FF1F6B
:106C90006589FF1F6789FF1F10B50E4A0124801800
:106CA00010D001280BD0062810D00B4AD04203D1B7
:106CB000084600F047F900E00024204610BD00F02F
:106CC0006FFCFAE7887800F08DF8F6E7887800F036
:106CD00005F8F2E7F3DFFFFF0E20FFFF08B50028FD
:106CE00005D000210B460A46009100F03BFB08BD91
:106CF00008B5418900910389C2888188C07800F075
:106D000031FB08BDF0B504468088A12189004843C5
:106D1000304987B009684018FF30FF300230A17950
:106D20004167002C54D02C4D6868002823D0067889
:106D30002A480068002804D04168002901D00020BA
:106D400088472146E07908310591FFF791FDE07110
:106D50000246277D638A218AE089019002A88AC0C1
:106D6000A0880090E0783146059B06F0EBF8E078CB
:106D7000002802D00DE01A48D9E7E079E2896B4695
:106D8000059907C3A379A1880122304603F054FB7B
:106D9000E0706868002811D0FFF7CEFD2878002841
:106DA0000CD06978FEF776FF002807D0E078A2883B
:106DB0000346297806F0F3F800202870A0881721F0
:106DC000FBF794FFA088FDF74DFFA088FDF77EFF3D
:106DD00007B0F0BD3409FF1FC889FF1FF889FF1FE6
:106DE0006489FF1F00B585B0002810D009490B68E1
:106DF000002B0CD00021019102910391049100918C
:106E0000DA7819781B1D06F09DF8FFF795FD05B09F
:106E100000BD0000CC89FF1F70B5044600258088A6
:106E200003F05CFB002803D00578A08803F0DEFBAC
:106E3000134E3078002808D0854206D17178FEF7CD
:106E400029FF002809D000203070002D05D0A3793B
:106E5000A288A078294606F0A2F8A088F2688100EE
:106E60005158002901D0FFF743FDA0881721FBF7F7
:106E70003DFFA088FDF7F6FEA088FDF727FF70BD57
:106E8000C889FF1F70B58288294D0124531B2949E9
:106E9000AA4242D019DC284D531BAA4218D00BDC61
:106EA000264BD21826D0254B1033D2181ED0032AD9
:106EB00017D0042A39D10BE0012B09D0022B07D0BF
:106EC000032B21D0042B30D11AE0433B072B2CD8C5
:106ED000496800292AD00968002927D08847044634
:106EE00024E08068007800F0DDF81FE0806800F0A2
:106EF0005BF9F4E78068411C007800F033F9EEE7B5
:106F000083681B78002B11D0896800290ED00B688C
:106F100008E0014610469847E1E709490968002959
:106F200004D04B68002BF4D100E00024204670BD53
:106F30000E200000F489FF1F08200000F7EFFFFF7C
:106F4000D089FF1F7FB505464079122825D12C46F0
:106F50000834EB89AA8969892889F9F763FB002637
:106F6000002804D02520FCF7E5FD002816D00120DC
:106F7000694688812979688803AAFDF7FDFD68467E
:106F80008089002809D1E088019602960090A388A4
:106F9000628821886888F9F7F3FB7FBD684686819F
:106FA000E8E7000010B5094CA17800290CD0014693
:106FB0000622A01DF9F7D8F8A11DA078FFF74FF819
:106FC000A01DF9F713FC10BD002010BD6489FF1F40
:106FD0001CB52F49037801240A68912B02D0A22BFB
:106FE0002ED13EE04178052909D00E2904D00F2981
:106FF00008D03E2924D115E0FFF744FF10E0FFF749
:107000000BFF3AE001468088224B0124C31801D0CF
:10701000062B15D1002A30D05268002A2DD0904777
:1070200004462AE081780124032917D004DC0129D1
:1070300011D0022904D105E015291ED016291CD033
:1070400000241AE014498968002916D049680029EB
:1070500013D0884711E0FFF755FE0EE0FFF748FE1A
:107060000BE00E490978042909D0002A05D052689E
:10707000002A02D001460A48904720461CBD002144
:107080006A46118001794088FDF75EFDF5E7000052
:10709000D089FF1FF3DFFFFFF489FF1F6589FF1F02
:1070A000FFFF0000F8B5164F0646BD1F2878FF28E1
:1070B00014D00A20F9F726FA04000FD0D02020704F
:1070C00066700820A070A878E07006223946201D5E
:1070D000F9F74AF821462878F9F7F6F9E87801280F
:1070E0000DD108480068002803D08068002800D02F
:1070F00080470648044A04210078F9F7A3F9F8BD4F
:107100006A89FF1FF889FF1F60EA0000F589FF1FE9
:10711000F8B505000BD0E878002812D06C68002C78
:107120000FD02420FCF706FD47B2002614E00C48DF
:107130000068002805D0002000F088F8002000F04A
:1071400081F9F8BD28200157B94202DB204600F042
:10715000A5F8761CF6B22934E878B042F2D8F8BD2A
:10716000C089FF1F70B500240546002805D10029FD
:1071700003D006220B48F8F7F7FF0A4810380178C9
:10718000012907D10124002D06D0002101702846D5
:1071900000F0C4F8204670BD02210170F9F748FAEA
:1071A000F8E7000004DAFF1F10B50024002813D010
:1071B00002780B49002A03D14288CA8202790A76F2
:1071C0000A78022A08D102780124002A06D0002277
:1071D0000A70007800F0A2F8204610BD0322F7E7FD
:1071E000F4D9FF1F0149886070470000F489FF1F30
:1071F0000149886070470000C889FF1F0149486045
:1072000070470000F489FF1FF8B507460E46084690
:1072100003F064F9040018D02620FCF78BFC05006D
:1072200000D125780620F9F76DF904000DD006226B
:107230000021F9F783F8D020207067700E20A0702D
:10724000A680E8B22146F9F73FF9F8BDF8B5124C2F
:1072500005462068002600281CD00820F9F752F9BE
:1072600000270146002806D10820F9F74BF913251D
:10727000014600280AD0D02008704D700120887087
:10728000CE704F6020680078F9F71EF92068F9F792
:10729000F1F82760F8BD0000C089FF1FF8B51D4E4A
:1072A00005463068002829D0287A1430F9F72AF9E1
:1072B000040024D0D0202070002767700D20A0701B
:1072C0002878E0702820405DE072687820710622FE
:1072D000A91C601DF8F748FF2A7A2273002A07D0FC
:1072E00020461430294609312061F8F73DFF00E0BF
:1072F0002761306821460078F9F7E6F8F8BDF8F71D
:10730000E5FE05480178002901D0491E0170F8F713
:10731000E9FEF8BDC089FF1FD088FF1F70B50F4D73
:1073200006462878FF2818D00E20F9F7EBF804005D
:1073300013D0D020207066700020A070062208496B
:10734000E01CF8F711FF06481038C18A6181007E01
:10735000207321462878F9F7B7F870BD6489FF1FBC
:1073600004DAFF1FFFB581B01E4617460D460C20FC
:10737000F9F7C8F8040013D0284603F0AFF8002846
:1073800010D00078D0212170019961700721A1707F
:10739000A580E78026810A9961812146F9F794F852
:1073A00005B0F0BD0048ECE76489FF1F70B50D4DD6
:1073B000044628680E46002812D00620F9F7A2F8E5
:1073C000010009D0D02008704C70032088708E8096
:1073D00028680078F9F778F8002C01D0FFF77CFADC
:1073E00070BD0000C489FF1FFFB581B01F460E4667
:1073F000084603F073F8050022D01020F9F782F850
:1074000004001DD010220021F8F798FF2620FCF779
:1074100091FB002800D12878D0212170019961705A
:107420000F21A170A6800399217267720A99A17237
:107430000B99E1720C99E160C0B22146F9F744F86A
:1074400005B0F0BD10B504462320FCF773FB0028FF
:1074500001D0012100E000212046F9F7EFF810BD2E
:10746000FFB581B01D4617460E460E20F9F74AF8C3
:10747000040010D0D0202070002060700C20A0707C
:10748000A68006223946A01DF8F76EFE2573214618
:107490000198F9F719F805B0F0BD0000F0B51F4DDF
:1074A00085B02868002837D08778FCF7BBFB002818
:1074B00005D00A20FCF73EFB04900B200EE002F002
:1074C00071FB002805D00620FCF734FB0490072050
:1074D00004E00820FCF72EFB04900920FCF72AFBAF
:1074E00004460F480078002814D001262968C8787F
:1074F000091DFEF7B4FD29686D46CA7A8B7A091D0D
:107500000BC5039233463A4621460498F9F79CF896
:1075100005B0F0BD0026E9E70120F9E7C489FF1FA7
:107520006689FF1F10B50949096800290CD0002899
:1075300005D101204870F8F7AFFF002802D00021E4
:10754000FFF734FF012010BD002010BDC489FF1FCC
:1075500070B504461048006800281AD00F4D002C62
:107560000FD14078022815D00220FCF7E3FA02463A
:1075700001212878F8F7E0FD0120FFF763FF040000
:1075800006D001212878F8F7D1FD2046FFF75EFEEE
:10759000012070BD0320E8E7C089FF1FF589FF1FA8
:1075A00010B5FFF7C9F910BDF8B50C4602F096FF0B
:1075B000020021D026201462FCF7BCFA05062D0E2D
:1075C00000D115789679D01D00901020176AF8F731
:1075D00099FF040010D0D020207000206070092096
:1075E000A070E6700622201D0099F8F7BDFD214627
:1075F0002846E760F8F768FFF8BD411E152903D952
:10760000FF2801D0002070470120704770B50A4E56
:10761000054630780C46FF280DD00420F8F772FF9D
:10762000010008D0D02008704C7002208870CD7006
:107630003078F8F749FF70BDD889FF1FF3B5284DA2
:1076400081B0286800284AD04078264E012803D00F
:107650003078002831D041E002F0A4FA224F00280F
:1076600013D00120FCF766FA0446412808D91F4AC6
:1076700002213878F8F7E6FE1D483C3C44800EE0D5
:107680007D20C0002246424303E00020FCF752FA6E
:107690000246002A03D002213878F8F74DFD296808
:1076A000022048703078002802D00020307015E0A9
:1076B00002990198FFF77AFE10E00320019CF8F789
:1076C00021FF010008D0D02008704C700420887081
:1076D00028680078F8F7F8FEFFF7FEF80120FEBDF5
:1076E000C489FF1F6789FF1FF589FF1F60EA00003B
:1076F000D889FF1FF8B505461D48854223D0461C92
:10770000002921D001292BD002291CD10121284692
:1077100002F088FF002816D1284600F0C5F80400C2
:1077200011D0207AFF280ED0FE2807D0002000902C
:10773000A378607A1422294600F012F9204600F05E
:1077400047FDFF202072F8BD284600F0ADF8002864
:10775000F9D1304600F0A8F80028F4D00580F8BD33
:10776000284600F0A1F80400F9D02680D9E70000EF
:10777000FEFF000038B5040016D0207AFF2813D091
:1077800000250095A3782188607A172200F0E8F898
:10779000A078182805D16846057020886946FBF74F
:1077A00015F8204600F014FD38BD0000F3B5087848
:1077B000C1B00C4600282CD16178012929D0A278CB
:1077C00001AE1B2A16D01D2A14D0419800F06CF887
:1077D00005002CD0A07801282BD0A97888422ED182
:1077E0006B68002B2BD0A18801AAA06898470700DE
:1077F00027D054E02B4D6A78FF2A0AD00096A38840
:10780000A268FBF7C5F8002804D1A0781D2803D092
:1078100005E0062043B0F0BD4198FBF72BF8009639
:10782000A37800226878419900F09AF8F2E70020E6
:10783000F0E7A18801AAA068FBF740F8D7E7042782
:107840002DE0A87805280FD007280DD009280BD0E7
:107850000D2809D0112807D0172802D003280AD0F4
:1078600012E0286900280FD0A27801AB2946419880
:1078700000F06EF913E068468088A989884200D23A
:1078800001464198FBF732FA0096A378687A002205
:10789000419900F065F80746284600F099FC384603
:1078A000B8E70000008AFF1F30B50B4A00211378AB
:1078B0000DE0FF240D3455684C432C5B844204D109
:1078C000FF200D304143481930BD491CC9B29942CF
:1078D000EFD3002030BD0000008AFF1F30B5094AF9
:1078E0000021137809E095688C002C5B844202D15A
:1078F0008800401930BD491CC9B29942F3D3002019
:1079000030BD0000088AFF1F10B50C46FFF7CCFF02
:1079100000280DD0002C00D02060007AFE2803D073
:10792000FF2803D0162010BD172010BD002010BD69
:10793000022010BD10B50C46FFF7D0FF00280DD077
:10794000002C00D020608078FE2803D0FF2803D0D0
:10795000162010BD172010BD002010BD022010BD44
:10796000FFB581B0FF201E46174605300A9DF8F787
:10797000C9FD04001BD0B0202070677002986080A1
:107980002671002D06D02046FC2229460830F8F743
:10799000EBFB05E02046FC2200210830F8F7CEFC86
:1079A00021460198F8F790FD002005B0F0BD1320A6
:1079B000FBE700000548172202800988172901D239
:1079C0000420704701800020704700005089FF1F8D
:1079D0000020704708B50A460888498888420BD8B5
:1079E000002809D0002300931379521DFCF7EAFD0B
:1079F000002803D0002008BD012008BD0A2008BDD2
:107A000010B50446FF300130052903D011790A2949
:107A100026D120E0037A21465B1C037250780C319A
:107A20000128107812D01223584380184038008E55
:107A30004A88824212D9401C08802088FAF7F4FE56
:107A4000207A0849F8F706FE162010BD800080183D
:107A50004038C08FECE7007A002801D0002010BD2C
:107A6000012010BD30750000F3B50D460888498827
:107A7000002687B0814215D3002813D0002769461D
:107A80000F710097002369881A46FCF79BFD0400DC
:107A90004FD068460079002807D069464979012906
:107AA00025D008E0012009B0F0BD217802291BD0C3
:107AB00002216A4651711222504301AA618980183D
:107AC0004180684600791223584380181022001D17
:107AD0006168F8F749FB68460079401C0106090E09
:107AE000684601711FD11AE001216A46517121785F
:107AF00002291ED1820001A86189121851806A46AC
:107B000012796168920010180222001DF8F72CFB10
:107B10006A461079401CC0B21071052803D26189F1
:107B20000A48814200D101266089401C80B2002EA3
:107B3000A7D068460079002805D001A90798FAF770
:107B40007DFE0020AFE70A20ADE70000FFFF000048
:107B5000FFB50C4616468A78E01D0C31F930012736
:107B600081B01D460D2A35D006DC052A0AD0072A29
:107B70000ED0092A04D125E0112A50D0172A54D05A
:107B800001275DE01A4631462046FFF739FF1EE027
:107B9000072E03D029790A2952D139E01A46037AEF
:107BA0005B1C037210784A88800040194038C08FEF
:107BB000904205D2401C08802088FAF719FE21E087
:107BC00000274AE01A463146204600F0BFF8070079
:107BD00036D121E00D2E03D02979072930D117E0C5
:107BE000037A5B1C0372294B22881B6852009A5A45
:107BF0002888521E9042E3DB4A881018488020886B
:107C0000FAF7FAFF207A2249F8F724FD162724E034
:107C1000007A002814D00027012E11D116E01A4650
:107C20003146204600F036F8D1E7207B1A4601287D
:107C30003146204607D000F023FA074601281AD122
:107C4000092E0AD106E000F083F9F6E728790A2820
:107C500003D112E02878002806D00095607A3346D8
:107C600000220199FFF77CFE002F06D0162F02D0CC
:107C7000204600F0ADFA05B0F0BD00200090A378DA
:107C8000607A1A220199FFF76BFEF1E74C89FF1F1A
:107C90003075000070B50446FF30184B01301129D3
:107CA00003D011790A2926D120E011789578491E50
:107CB0006943CDB2017A491C017250198179C079AA
:107CC0000002081880B2984213D0401C80B2A081F4
:107CD0002146E2890C3190420BD82088FAF7A0FFA8
:107CE000207A0749F8F7B6FC162070BD007A002804
:107CF00001D0002070BD012070BD0000FFFF00001A
:107D00003075000038B50C4608884988884215D877
:107D1000002813D02379621D02210B48FAF7E1FCF9
:107D200000280DD000200090237961882088621DF2
:107D3000FCF748FC002805D0002038BD012038BDE4
:107D4000102038BD0A2038BD8CF20211F0B504466F
:107D5000C71D0C34F93787B006460929154603D0EC
:107D600028790A2845D141E02878A978401E48435F
:107D7000397AC0B2491C3972281801794079000259
:107D8000081880B201902078012865D10020009069
:107D90002878A9784843C0B203900020287007468D
:107DA00020E06888EA19401F029283B2A179E01DA1
:107DB0000932FAF796FC002811D00098874206D0C5
:107DC000029928186A88001D091DF8F7CDF9A978CD
:107DD00000980818C0B200902878401C2870A87835
:107DE000C019C7B203988742DBD335E0387A002840
:107DF00056D1A379E21D02212A48FAF772FC002825
:107E000022D1A379E21D02212748FAF76AFC002853
:107E10001AD1A379E21D02212448FAF762FC002856
:107E200012D1A379E21D02212148FAF75AFC002859
:107E30000AD1287902280AD0052808D0082806D0B7
:107E40000F2804D00C2802D0012007B0F0BD387AEA
:107E5000401C3872688801901649019888421FD0EA
:107E6000A18881421CD9401C81B261802078012800
:107E700009D03088A11CFAF7F1FE307A0E49F8F7E4
:107E8000E9FB1620E1E768460180A18841800221D4
:107E90000171032141712821817130886946EAE727
:107EA0000020D2E78CF202118EF2021190F2021140
:107EB00092F20211FFFF00003075000008B50A467B
:107EC0000888498888420BD8002809D000230093ED
:107ED0001379521DFCF776FB002803D0002008BD63
:107EE000012008BD0A2008BDF8B500250F4606464A
:107EF0000C46E03717E06800205A0021FCF73CFBF5
:107F0000002809D0017A3046FCF71AFD002808D075
:107F10006900615A2180F8BD6800205A2080012044
:107F2000F8BD6D1CEDB2B87DA842E4D80020F8BDC4
:107F300010B5044608880021FCF71EFB002804D079
:107F4000017A2046FCF7FCFC10BD012010BD0000AA
:107F5000F8B504460C340E46054617293ED11146A5
:107F6000607AF822636850431A5A0F88BA4235D1B2
:107F7000821C9A5A4F88BA4230D1021D9F5A8A8871
:107F800097422BD1801D1818891DF8F735F9002864
:107F900024D0607A401CC0B26072217A88420BD231
:107FA000F8226168504309182888FAF711FE287AE8
:107FB0000C49F8F74FFB0FE0A07A69460870288853
:107FC000FAF704FC012E0BD0287A0649F8F742FB99
:107FD0001920A870044868601620F8BD0020ECE75E
:107FE0000120F8BD307500001B29021130B585B0A5
:107FF00005466946FAF7E3FC040026D16846807816
:10800000C1071E4809D08268002A04D068886946E2
:108010009047044619E0062417E04268002A05D07C
:10802000688869469047040001D10EE0062468463E
:108030004078002809D16846817801730021C18108
:108040000474688803A9FAF787FBA868002801D0A0
:10805000F8F770FA002C05D168468078122807D00E
:108060001B2803D068880121FCF796FD05B030BDC0
:10807000684640780128F5D1F8E70000148AFF1F10
:1080800070B5274EC0B00D460446172901D0002018
:1080900032E02288A18B5300224A204612680C301D
:1080A000D35AC918491FA183638AC91A237D89B28B
:1080B0008B4220D925885B1A6D00525B521F934278
:1080C00002DD6B461A8101E06A46138183886A46A5
:1080D0009380038AD380C0681289411802A80230B5
:1080E000F8F742F8208801A9FAF772FD207A3146A4
:1080F000F8F7B0FA0FE00120694608702088FAF717
:1081000065FB012D0AD0207A3146F8F7A3FA192031
:10811000A07005486060162040B070BD0120FBE7EC
:10812000307500004C89FF1F1B29021170B50546F0
:108130000C4608880021FCF71FFA002805D0017AB8
:1081400022462846FCF70FFC70BD012070BD0000E0
:10815000FFB589B00E461F46154608A90998FFF7D6
:10816000D3FB040023D1002D0CD031886846018157
:108170007188418102210173032141732821817398
:1081800002A900E031460998FAF768FD04000ED113
:1081900002A8162231460230F7F7E6FF684605725C
:1081A000044B092202A90097089800F085FD20469B
:1081B0000DB0F0BDEB2A0211014988607047000044
:1081C000148AFF1F0149486070470000148AFF1F8E
:1081D00010B50446083000F062FDA078172801D0E1
:1081E000192807D1207B012812D0A069002801D0CE
:1081F000F8F740F90020A070FF216172FF210931DA
:10820000085501462046FC220C30F8F797F810BDBF
:108210002069EBE710B50446801C00F040FDFF200C
:10822000E07010BD10B500F025F8002800D080687F
:1082300010BD00229300CB5A834202D19000401817
:108240007047521CD2B2052AF4D3002070470000B8
:10825000074A0021CB00D35A834202D1C8008018BC
:108260007047491CC9B20429F4D3002070470000AC
:108270006CC9FF1F0649896805E08A88824201D1DE
:108280008868704709680029F7D10020704700000E
:108290002887FF1FF8B50746012906D0022923D1F8
:1082A000012102F0BFF900281ED13846FFF7D0FFA8
:1082B000050015D000240D4E0CE0F82069686043DD
:1082C00008180188002908D0F8220021F8F736F8AC
:1082D000641CE4B270788442EFD30020C04328804D
:1082E00003493846FBF7BCFEF8BD00002887FF1F96
:1082F0005CCFFF1FF3B5074683B00830029000261D
:108300007888FFF7A5FF019000282FD0002523E0F3
:1083100001984168F82068430C18218800291FD073
:108320000298007801280ED160880090A388788890
:10833000A21DFCF779F8060005D00299002008700C
:10834000049821880180F82200212046F7F7F6FFE3
:1083500000206D1C2080EDB2074840788542D7D3BD
:108360000021C9430198002E018002D17888FAF7D4
:1083700037FA304605B0F0BD2887FF1FF3B5054634
:10838000374C074685B00835F62200212046F7F71E
:10839000D5FF03A800902B79698828886A1DFCF70F
:1083A00011F9064646E02F4A788812684100515C70
:1083B0002D4BC91FC9B20093002202910192284B94
:1083C00069468A89F63B3146FBF7AAFE002812D19E
:1083D00025482989001F828891420CD120492846CE
:1083E000F6390A30F7F708FF002804D021787089A1
:1083F00089000919488068468289698804AB30463B
:10840000FCF712F921780646880000194288002AF4
:1084100010D0002E05D06A46128A491C2170828035
:108420000AE00A060020920DC0431219491C21706F
:10843000908006E0002E04D00C482178008881420C
:10844000B1D32078002806D078882146FAF7DEF9E3
:10845000002007B0F0BD0698298801800A20F8E7BF
:1084600062CEFF1F4C89FF1F2C87FF1F4689FF1F0D
:10847000F0B585B0044600206946888120790E2831
:108480007ED00FDC082823D004DC022813D0062875
:1084900072D118E0264608364C4D0A281ED00C280A
:1084A0006AD13AE010287CD012287FD016286AD0F2
:1084B000182861D184E047484549008808806088D1
:1084C000FAF764F958E003A92046FFF757FF03E0E5
:1084D00003A9204600F076F905463EE0308804A95D
:1084E000FCF74AF8010016D060882B6842009A5CBD
:1084F000374F521ED2B200230193029200976A4670
:10850000BB1C128AFBF70CFE05001ED160883946A1
:10851000FAF7CCFB21E0012517E0308804A9FCF72D
:108520002BF80100F7D060882B6842009A5C7388B2
:10853000521E274FD2B20193029200976A46BB1C8B
:10854000128AFBF7EDFD050003D03088694688816B
:1085500003E060883946FAF759FB002D0CD06078AB
:10856000142809D01A492079087068468089488003
:108570000D716088FAF7F0F82046FBF78DFF03E0F5
:108580000AE00EE012E016E01348C168002901D0AD
:108590002046884705B0F0BD03A9204600F0A8F9A1
:1085A0009AE703A9204600F06BF895E703A9204657
:1085B00000F010FA90E703A9204600F00FF88BE7CF
:1085C00003A92046FFF796FE86E700004C89FF1FAF
:1085D00062CEFF1F4489FF1F2887FF1FF8B504469E
:1085E0000F460546083400896946FBF7C5FF0600BB
:1085F0003DD0307A80060ED568460088FFF712FE1F
:10860000030006D06888122231469847060002D03F
:108610002EE00E262CE06E883046FFF719FE010092
:1086200005D11548FFF714FE01000ED00E80134A45
:108630000020567807E0F8234A684343D25A002ABC
:1086400007D0401CC0B2B042F5D30926002E09D095
:108650000EE04968F822504308182146F7F784FDD8
:108660000026F3E768882146FAF7BCFA02E0012603
:10867000208838803046F8BDFFFF00002887FF1FA4
:10868000F3B587B0079A04A8083203920090002639
:10869000137951881088484C3746521DFBF792FFDA
:1086A00005466FE00798297A4088FCF749F90700EA
:1086B00003D008986989018066E007983F4940889F
:1086C00009684200895C3E4B891FC9B200930022B1
:1086D00002910192384B69460A8AF63B2946FBF71C
:1086E0001FFD0700E5D1002E2FD035486188001FFF
:1086F0008088021D914249D1311807984088420074
:108700002E480068805A801F81423FDCA119A87A58
:108710000871761CB0B269892218090A401C1171CF
:1087200086B2039805AB41886846028A2846FBF763
:108730007BFF05000FD06946888AA1190871694638
:10874000761C898AB0B2090A0AE01D48001F808899
:10875000001D6080DAE7FF21A0190171761CB0B21C
:10876000221811711649401C091F8A8886B21249C5
:10877000A019F639001DF7F7F7FC1148001F808893
:10878000301886B2002D8DD1002E0CD06188304675
:10879000F7F748FC2070079821464088FAF750FA0E
:1087A000002009B0F0BD002F00D10A2703980188EE
:1087B000089801803846F4E762CEFF1F4C89FF1FFE
:1087C0002C87FF1FF3B50746083087B00490008858
:1087D0000024434D019403905BE005A800900498A9
:1087E00003794188421D0398FBF7ECFE060058D040
:1087F00070890390317A7888FCF7A2F801900028FC
:108800004FD13849788809684200895C364B091F86
:10881000C9B20093002202910192314B69468A8AC3
:10882000F63B3146FBF77CFC0190002839D1002C47
:1088300045D02D486988001F8088801C814232D134
:10884000294B1B1F9888211878884200254800680A
:10885000805A001F814224DC2919B07A0871641CF7
:10886000E0B22A187189401C090A1171C4B21C496E
:1088700028191E469A88F639001DF7F775FC3079DD
:108880001A492018C4B2039888420AD0401C80B20A
:1088900003907888410013480068405A001FA042A6
:1088A0009BDA002C11D069882046F7F7BBFB2870B3
:1088B00078882946FAF7E2F9002009B0F0BD0A48A5
:1088C000001F8088801C6880BAE70198002801D1C9
:1088D0000A2001900898039901800198EDE70000B3
:1088E00062CEFF1F4C89FF1F2C87FF1FFFFF000078
:1088F000F3B507460646002085B0334C0090083794
:10890000208005463846E03004904AE06800385A36
:1089100003A9FBF731FE01001BD070882C4B844665
:1089200042002A480068805C0093401EC0B20022CA
:1089300002900192244B68468289F63B6046FBF721
:10894000EFFB0090002807D06800395A0698018094
:1089500037E001200090F7E71D482188001F80883C
:108960000A187088430019480068C05A431E9A428A
:1089700004DD401A1649091F401E88802188A01C6A
:1089800008181349091F8A880F49F639F7F7ECFBD5
:108990000F482188001F8088081820806D1C0498CB
:1089A000EDB2807DA84208D970882188420007482E
:1089B0000068805A401E8142A8DB70882146FAF781
:1089C0006BF9009807B0F0BD62CEFF1F4C89FF1F06
:1089D0002C87FF1FF3B5054683B00646083500898E
:1089E00001A9FBF7C9FD3746E8370446002822D025
:1089F000207A80060ED568468088FFF713FC0300B6
:108A000006D07088122221469847040002D013E055
:108A10000E2411E0002000906B88298870882A1DA0
:108A2000FBF702FD040007D1787E00280AD1708888
:108A3000FAF786F903E00124049829880180787EFA
:108A4000002802D0002005B0F0BD2046FBE7000062
:108A5000F8B504461F204001604382B21848002543
:108A6000184E45707068002807D00020C100891991
:108A7000401CC0B24D600428F8D3124F00212037AB
:108A80003846F7F75BFC002210466043C0B2F8217D
:108A90004843C1190B48D3001E187160002105E03E
:108AA000F8234B437068491CC552C9B2A142F7D3A1
:108AB000521CD2B2042AE7D3014844700020F8BD0A
:108AC0002887FF1F6CC9FF1F7CB50C78069D022C00
:108AD0000FD14C682678647824023419064EA4B26B
:108AE000F44206D10224DBB200950194FBF7D0FAE0
:108AF0007CBD01207CBD0000FED6FFFFF8B5054619
:108B00001D48854223D0461C002921D001292BD0A5
:108B100002291CD10121284601F084FD002816D12C
:108B20002846FEF7DBFE040011D0A078FF280ED007
:108B3000FE2807D000200090E0781E23142229464A
:108B4000FEF70EFF2046FFF765FBFF20A070F8BD83
:108B50002846FEF7C3FE0028F9D13046FEF7BEFED8
:108B60000028F4D00580F8BD2846FEF7B7FE0400C3
:108B7000F9D02680D9E70000FEFF000038B50400D8
:108B800010D0A078FF280DD0FE280BD00020009038
:108B90002188E0781E231722FEF7E2FEFE20A07057
:108BA000FF20E07038BD0000F3B50C468978C1B0F5
:108BB0001E2914D02E4D6878FF2829D0182927D8CF
:108BC0004808C2002B481218803A976F002F1FD018
:108BD000D06F00281CD02078002817D113E04198CE
:108BE000FEF77CFE05000BD000200090A378E8780B
:108BF00000224199FEF7B4FE06462846FFF70AFB1D
:108C0000304643B0F0BD6278012A03D1122901D069
:108C10000620F6E702AE0096A3886178A268B847FE
:108C20000028EED1A0784008C1001248081880380A
:108C3000C26F02A94198904700280FD0617800299F
:108C4000DFD1A27869460A700871684601894180BF
:108C500069464198F9F780FD0020D2E7A378042BFC
:108C6000CFD00096002268784199FEF779FEC8E7D8
:108C7000088AFF1F28F2021100B50346FBF750FED9
:108C8000002803D0C018401E80B200BD184600BDA9
:108C900010B57D24E4006243F7F7E2FC10BD10B587
:108CA000040008D02078FF2805D0FE2803D0F7F76D
:108CB000DDFCFF20207010BDFFB581B00A9D1E466F
:108CC00017460446FF2D12D0014623461E220833C4
:108CD0000848FFF7DDFF6572A770666002980028FC
:108CE00005D001462046FC220C30F7F73DFA05B0CE
:108CF000F0BD000075770211FEB5074608460D4627
:108D0000E030017E1646002902D1407E002802D0C4
:108D100002242046FEBD01A93846FEF7F5FD0400F9
:108D2000F7D129463846F9F7EBFF0400F1D1044B9F
:108D30001322002100960198FFF7BEFFE9E700002B
:108D4000C32B0211F7B506460F461020F7F78CFB30
:108D500005461020F7F788FB0446002D3AD0002C7A
:108D60002DD010220021F7F7E9FA2A462146304695
:108D700004F092F9060023D12878000604D439467D
:108D8000284601F04BFB08E02146284601F046FB4F
:108D90003A461149204606F047F93878000604D4CF
:108DA0003846029901F03AFB0AE02146384601F0C4
:108DB00035FB09492046029A06F036F900E01326F1
:108DC0002846F7F757FB002C02D02046F7F752FB56
:108DD0003046FEBD1326F6E7B2F20211F8B506984A
:108DE00000271D4614460E46002801D00B20F8BD72
:108DF00030780021022801D019804DE07068027897
:108E0000407800021018152280B25202801A030026
:108E1000F7F77AF90504121F1A254100F068F7F7F1
:108E20006BFBC2B20798824200D902462A80F168E1
:108E30002046F7F799F930E0F06802210088298090
:108E40002070000A607028E0062028800246F16841
:108E5000EEE701202880F068007820701DE0F068BF
:108E6000002816D008212980017821700188090A7C
:108E700061708178A1704188090AE17001792171DE
:108E80008188090A61718179A171C088000AE07145
:108E900003E0298001E0298001273846F8BD10B59C
:108EA0000B78840702D50224234301E0FD242340EC
:108EB0000B7003070B7802D50824234301E0F72445
:108EC00023400B7083060B7802D52024234301E056
:108ED000DF2423400B700A21084201D1810603D50B
:108EE00010780C21084304E0002803D11078F32106
:108EF0000840107010BD0000FFB581B00878002454
:108F00000A9E1F460D4602280FD1686801784078F6
:108F100000020818152180B24902401A09D0012820
:108F200029D0022848D003283CD00124204605B08F
:108F3000F0BDE868F7F7E0FAC0B2864205D8F0194C
:108F40000090152803D90D24F0E70724EEE7E86820
:108F50003A4680190399F7F707F90098EA6880B252
:108F6000002111541C4840680028DFD00168002906
:108F7000DCD0002012E0002E12D1022BE3D10399A5
:108F8000E8680A7849780902511801801248406857
:108F90000028CBD001680029C8D001208847C5E748
:108FA0000B24C3E7002EFBD1062BCCD10622E868A8
:108FB0000399F7F7D9F8B9E7002EF1D1012BC2D107
:108FC00003980078002803D0012801D08024ADE761
:108FD000E9680870AAE70000A486FF1F10B50448DE
:108FE000C16B034A40321068D06000F035FD10BDFF
:108FF000008000400648006AC00708D004481030CE
:10900000C06804480168002901D00520084770475E
:10901000401000404C86FF1F0648406BC00708D038
:1090200004482430C06804480168002901D00620A3
:1090300008477047401000404C86FF1F10B50F488E
:1090400080680007000F062808D008DC02280CD032
:10905000042803D101210020F7F70EFB10BD0728DB
:1090600007D00C28FAD10221F5E70020F7F70AFB18
:1090700010BD02484030C06B10BD000000400040F1
:1090800010B50F4880680007000F062808D008DCDC
:1090900002280CD0042803D101210120F7F7ECFAB3
:1090A00010BD072807D00C28FAD10221F5E70120CE
:1090B000F7F7E8FA10BD02484030C06B10BD000061
:1090C0000090004001490860704700007088FF1F51
:1090D00070B50C460546FCF71FFE800601D029201E
:1090E00070BD09480021026828059174147101D1EE
:1090F000032C01D2062070BD2846FCF719FE21463C
:10910000284600F0E1F870BD7088FF1FF0B58BB005
:1091100000200090FCF700FE800602D029200BB052
:10912000F0BD464D2968887C00280CD0487C06900C
:109130000979401CF6F776FFC8B20990069800033B
:109140000024009049E02720E9E7099805990019D3
:10915000F6F768FF37680D0378190890B47101209D
:1091600030720698059900190790F6F75BFF08031F
:10917000C01910223146FCF76DFF002854D1002C95
:1091800002D100981030009000262C4F103538681E
:109190000422006804A94019FCF758FF04988003D2
:1091A000800F022823D0032804D0761CF6B2103595
:1091B000FF2EECD30898F7F70BFA3D6800202872D1
:1091C00029790798F6F72EFF08032968102240181E
:1091D0002946FCF73FFF641CE4B218490E68307959
:1091E0000590401EA042B0DCFCF7B4FD97E738685C
:1091F000291D00680C22401801A9FCF727FF3868D8
:10920000009900680422401804A9FCF723FF0028F5
:109210000AD138680C2201680098001D081801A9BD
:10922000FCF718FF002801D01F2078E700981030C5
:1092300000906846FCF706FDB7E700007088FF1F46
:1092400070B504460020104920600A68917C00290E
:1092500017D0958A01263603B5420FD2507C11797A
:10926000127C4018801A401EF7F7B8F9FF20000161
:109270004143701B40180C21484300092060002026
:1092800070BD272070BD00007088FF1F1CB504460C
:109290000020009001900B480068807C002808D0D6
:1092A00001AA69460220FCF70DFE002803D0012028
:1092B0001CBD27201CBD002C01D001982060009807
:1092C0001CBD00007088FF1F10B50B4A1268937C0C
:1092D000012B02D0030504D101E0272010BD022993
:1092E00001D2062010BD1060117104A0FCF7BAFC79
:1092F000FCF730FD10BD00007088FF1F66735F69CA
:109300006E6974200A00000070B5074D06462A46B3
:10931000002100F0DBF8040003D129463046FCF7B9
:10932000C7FC204670BD0000FFFF0000F8B50D46E9
:1093300000210091154909688A7C002A14D0144A3A
:109340000090904215D000235C006418E68A8642A3
:109350000CD18034E48A944208D058004018803000
:10936000C08A28600020F8BD2720F8BD5B1C402B78
:10937000EADB2A4669460120FCF7A4FD040003D17C
:1093800029680098FCF794FC2046F8BD7088FF1F00
:10939000FFFF0000FFB585B01C4615460027FCF70F
:1093A000BBFC800602D0292009B0F0BD464E3068D3
:1093B000807C00280CD0069800280BD0002D09D006
:1093C00069460598FFF7B2FF002805D02520EBE796
:1093D0002720E9E72220E7E73B48009900680422BC
:1093E0000068401803A9FCF731FE002C02D0039856
:1093F000000D20800398040DAC425ED961E00C2C76
:1094000001D30C2000E02046C6B20698C1192E48B0
:10941000006802680098001D10183246FCF716FE1E
:10942000A01B0404240C40D103983546020D0020F3
:109430000699F7F72DF902900C2D06D100981030FF
:1094400000906846FCF7FEFB00251F480099006865
:10945000012200684118281D081801A9FCF7F6FD33
:109460006D1CE8B20C2806D10098103000906846B8
:10947000FCF7E8FB00201449009A0968001D096800
:109480008918081801A901220131FCF7DFFD68469F
:1094900001790298C0B2814205D1684641790298AB
:1094A000000A814201D01E207EE700981030009013
:1094B000B81987B26846FCF7C5FB002C9FD1002085
:1094C00072E7262070E700007088FF1FF7B582B0B2
:1094D0000024174606460094FCF71EFC800602D0C6
:1094E000292005B0F0BD274D2868807C002807D0D2
:1094F00069463046FFF71AFF002803D02520F0E721
:109500002720EEE72868009900680422401801A986
:10951000FCF79CFD01980C21000D801CF6F782FDE4
:10952000002900D00121401886B226E02868009961
:1095300000680422401801A9FCF788FD0399124A2B
:109540008907890B0198114308400190384069460A
:1095500088802868009900680422401801A9FCF757
:1095600079FD002801D01F20BBE700981030009043
:109570006846FCF767FB641CA4B2B442D6D3002053
:10958000AFE700007088FF1FFFFFFCFFF7B58EB04C
:10959000144600200F99F7F77BF80C90FCF7BCFB02
:1095A000800602D0292011B0F0BD61480068807C9F
:1095B000002809D00F98002804D0002C02D05D4864
:1095C000844203D92220EEE72720ECE70DA8FFF71D
:1095D00037FE0D99A51C8D4201D92320E3E70BA985
:1095E0000E98FFF7A3FE002806D10E98FFF78CFE19
:1095F000002801D00120D6E7009821050003000BC8
:109600000843009069460E980880032100980904D9
:109610008843012149044018ADB200900C2C03D8B6
:10962000032189040843009000267CE0002E0AD123
:10963000002C08D03E480068017C808A0903091884
:109640000E98FCF735FB0C2D11D9A01C85423A4829
:10965000009903D181430120800402E0814301206D
:10966000C00408180C270C3DADB200900BE0009828
:109670000103890F022901D0012902D12E49884313
:109680000090EFB200252A480068828A0168007CB9
:109690008918000308180B900422694607A8F6F7FA
:1096A00063FDBC4217D8002C0DD00F983A468119A3
:1096B00001A8F6F759FD01A80C9901550C99090A62
:1096C00000194170002601A8811900243A4608A813
:1096D000F6F74AFD07E00F983A46811908A8F6F711
:1096E00043FDE01B84B23A1D07A90B98FCF7B2FCBE
:1096F000002801D01F2056E7F01986B20C4801213E
:1097000007680903B88A103080B2B88288420AD14B
:10971000387C3979401CF6F785FC787C814202D090
:109720001020B8823974002D80D100203BE7000062
:109730007088FF1FFF0F000000000C0030B5C21F33
:109740000A2A01D3062030BD162801D9052030BDD4
:109750000124074D9440002905D0002100F0CEF8E7
:109760002868204301E02868A0432860002030BD1D
:1097700000380040162809D8054B01228240D868DD
:10978000002901D0104300E09043D86070470000EA
:1097900000380040F3B50546FF2819D0A807C40ECD
:1097A000AF08661D284600F0FDF80A48B900081801
:1097B0008169331B01225B1C9A40521EA2409143D7
:1097C000019AA2401143816101212846FFF7D2FF8F
:1097D000FCBD00000038004010B5104C2078002877
:1097E00001D0072010BDFF2131310C48F6F780FC75
:1097F000012020700A490020086348630949086273
:109800004862094801688022090A0902114301607F
:10981000064950020860002010BD0000E8C6FF1F86
:109820000080004080F0004010E400E000E100E033
:1098300010B5162801D9052010BD0B4B9C6B0122D9
:109840008240104620439863586B90435863D86B0E
:10985000012906D09043D863186B02431A63002095
:1098600010BD1043F7E7000000800040054B0122C7
:10987000801E82405869002901D0104300E09043C7
:109880005861704700380040F0B50F46044616286E
:1098900001D90520F0BD1748012506197178A540AA
:1098A000012904D18069284201D0002F08D000216D
:1098B0002046FFF75FFF022C04D0032C02D005E006
:1098C0000620F0BD01212046FFF7D0FF00212046F1
:1098D000FFF734FF0848012F06D04168A9434160D3
:1098E000022070700020F0BD426801212A434260CE
:1098F0007170F7E7E8C6FF1F0080004070B51628BA
:1099000016D84200104B82189C5CD218537892787B
:109910000E4E012513280CD2A000801984689B1AD2
:109920005B1C9D406D1E9540AC4391400C43846090
:1099300070BD70699B1A5B1C9D406D1E9540A843CD
:1099400091400843706170BD7BF0021100F000404F
:10995000162801D90120704707494A68012383402E
:109960001A4201D0096802E0034940310969C14047
:10997000C807C00F704700000080004000B51628DF
:109980000CD80122064B82400029196801D01143EE
:1099900000E0914319600121FFF776FF00BD000050
:1099A0000080004030B504460E48162C01D9052031
:1099B00030BD0C210025614345540A4829461C3816
:1099C000001945702046FFF75FFF07494A6B0120E9
:1099D000A040824302434A630A6B82430A632846DB
:1099E00030BD000004C7FF1F0080004070B5054671
:1099F00018480026162D01D9052070BD29460C22D5
:109A000051430C186268002A02D1A268002A1CD0B7
:109A1000104B02221C3B5B195A7001224254002158
:109A20002846FFF731FF6068002808D0A0680028AA
:109A30000DD02846FFF78CFF002808D000263146BD
:109A40002846FFF7F5FE002070BD122070BD0126EC
:109A5000F5E7000004C7FF1FF3B5204E81B00F46A5
:109A6000002401200199A040084232D0384201D0A0
:109A7000012500E00025E0B2162810D80C22424350
:109A800091194A68002A03D0002D01D0012105E078
:109A90008A68002A03D0002D01D1002190470C20B4
:109AA000604380194168806800290DD0002806D0E5
:109AB000002D02D00021E0B203E00121FBE7E0B27B
:109AC0000121FFF7B5FE04E0002802D0E0B200213A
:109AD000F7E7641C172CC4DBFEBD000004C7FF1FA2
:109AE000F8B516460D4604460A4FFFF75BFF0C20FB
:109AF0006043C3199E6020465D60FFF777FF050055
:109B000006490548086002D02046FFF74BFF28466B
:109B1000F8BD000004C7FF1FDD8F0211C003FF1F47
:109B2000FFB581B00A9E144F7501785D002802D000
:109B3000112005B0F0BD6846407B002801D005200B
:109B4000F7E7E81904462021F6F7D2FA01A80FC872
:109B500010340FC4304605F075F901207855002EF9
:109B600006D0064A00211920F6F798FD0020E0E70C
:109B70000021034A0820F7E7A8C6FF1FF7EF0211EC
:109B8000EDEF021110B5064C43011B199B7E002B13
:109B900002D005F0B7F810BD05F07EF810BD00004A
:109BA000A8C6FF1F08B509488368002B0CD01A7897
:109BB000694601205B1CFCF76AFE002804D000788F
:109BC000C00701D0012008BD002008BDD889FF1FB3
:109BD00010B503460B4A00200A21414389184988E1
:109BE000002905D0401CC0B20328F5D3002010BDC9
:109BF0000A210024414354540446403488184480C8
:109C0000037210BD20DAFF1F0A7802700A88120A58
:109C100042708A7882704A88120AC2700A79027188
:109C20008A88120A42718A798271C988090AC171C7
:109C300008207047F8B504460D4648680421F6F739
:109C400085FC297A017029890346401C090A0170A4
:109C5000297841702988090A8170287A001DC2B2CA
:109C6000FB2A38D81D48844215D115461E460C20C3
:109C7000F6F748FC01000CD0902008700220087113
:109C80004C808E601648CD800078F6F71DFC0027CA
:109C90001FE013271DE05C202546124E4543B068A7
:109CA00029185820405C00280BD00F480727416A2C
:109CB000491C4162B06829185820405C002805D032
:109CC00007E0204600F096F90746F3E72046F6F74E
:109CD000EBFC3846F8BD0220F8BD0000FEFF000096
:109CE000218AFF1F548AFF1F50DAFF1F10B50A4A4E
:109CF00000210A234B439B185C88002C06D01B795B
:109D0000834203D10A204143881810BD491CC9B2BF
:109D10000329EED3002010BD20DAFF1F002141806F
:109D20000170704770477CB504000FD06088002830
:109D30000CD00025009501951323E188207A172285
:109D400000F028F8FF206072658025707CBDF8B5B2
:109D5000074615460E461020F6F7D4FB040017D030
:109D6000A0202070002060706680002D05D00C229D
:109D70002946201DF6F7F8F904E00C220021201DE9
:109D8000F6F7DCFA21463846F6F79EFB0020F8BDD0
:109D90000120F8BDFFB581B01E46174614200B9D6B
:109DA000F6F7B0FB04001AD0A2202070677002986A
:109DB00060800A9820716671002D06D020460C2222
:109DC00029460830F6F7D0F905E020460C2200219C
:109DD0000830F6F7B3FA21460198F6F775FB05B09F
:109DE000F0BD022A1CD34B780A781B02D21892B21B
:109DF0000280012A02D0022A06D00FE08A78C978B0
:109E000009025118418009E0CB788A781B02D218E8
:109E100042800A79497909025118818000207047EF
:109E200001207047F8B506464F88002070600D4647
:109E3000097963488C46406802290FD03C01025BD7
:109E4000002A06D021188B68002B02D06346012B14
:109E50007ED05C484169491C4161ACE0EA88042A33
:109E600040D3A9684C780B7824021B199BB200934D
:109E7000CC788B7824021B199CB20B7AC979090221
:109E800059184F4B5980009B1B1D9A421ED1072C1D
:109E900011D0052C0FD0042C02D0062C22D10AE0C0
:109EA0003901405A002806D03846FAF7DBFE45480B
:109EB0000169491C01610098308134800321C94344
:109EC000A868F6F743FB70600020F8BD072C0AD0A5
:109ED000052C08D0042C06D0062C04D03948C168C3
:109EE000491CC1606AE09A42F8D8042C0AD13901B1
:109EF000405A002806D03846FAF7B4FE31480169C6
:109F0000491C01613E012E4F002079688853711869
:109F1000009888817868301884800098FAF724FFC8
:109F2000796871188860002819D00321C943A8688E
:109F3000F6F70CFB01467868EA8830188068121F33
:109F4000F6F712F97868EA88815B8918091F00E042
:109F50000AE081531B480168491C01602EE0194842
:109F60008169491C816129E0EB88D21892B20253C1
:109F7000888982421BD88868114F8018EA88A968AE
:109F8000801AF6F7F1F87868025B21188889824216
:109F900014D1308188883080786821188968716090
:109FA0000021015307484168491C416006E005480B
:109FB0008168491C81603846FAF754FE0120F8BDDB
:109FC000548AFF1F50DAFF1F022A01D00120704778
:109FD0000A784978090251180180002070470A78F0
:109FE00002704A7842708A78C97809025118418013
:109FF00070470000FFB50C4607463D49A120800090
:10A00000096878434018FF30C130067E89B0154694
:10A010003846F8F727FC001DB04204D23846F8F75E
:10A0200021FC001DC6B2B54207D82A460021384699
:10A030000C9BF6F73FFB0DB0F0BD31462846F5F717
:10A04000F1FF2746403738740C996165014671432A
:10A05000691AC9B202910C9904910299002901D0A0
:10A06000401C3874002523E00299002904D0401ECA
:10A07000A84201D1084600E03046E900059103916D
:10A080006054FAF785FD03990919486000281BD030
:10A090000599625C0499F6F767F80598215C0498C5
:10A0A000081804901348C169491C6D1CEDB2C161C8
:10A0B000387CA842D8D8606D002803D0F6F73AFA69
:10A0C000002060650020B6E7002038740646606511
:10A0D00006E0F00000194068F6F72CFA761CF6B29C
:10A0E000AE42F6D30348C16A491CC1621320A2E7FD
:10A0F0003409FF1F50DAFF1FF7B586B016460D462C
:10A100004878FFF7F3FD040010D000272771287866
:10A11000012802D0132809D105E06A88314602A837
:10A12000FFF75FFE0AE02078032802D0002009B084
:10A13000F0BD6A88314602A8FFF746FF0646204672
:10A1400000F064F902A8019000972B78207A32463B
:10A150000699FFF71FFE2046FFF7E0FD3046E6E7D1
:10A16000FEB50446468801466846FFF75BFE054695
:10A17000019800282FD068460088052806D00428BA
:10A1800009D0062807D0072805D026E069463046C2
:10A1900000F030F821E081001548081801464039E8
:10A1A000098E002919D02038807C6A463146FFF795
:10A1B000CEFD002811D168460088042803D0012173
:10A1C0003046FAF7E9FC012D04D1A068002801D03F
:10A1D000F6F7B0F9FEBD012D04D1A068002801D02A
:10A1E000F6F7A8F901213046FAF7D6FCFEBD0000CB
:10A1F00010DAFF1F30B50546088987B00C460428E1
:10A2000017D302A86168FFF7EAFE6846408917285D
:10A2100037D82189001D81421ED16846007AC107C6
:10A2200009D0626802A92846121DFFF765FF0028C1
:10A2300012D107B030BD6168091D122805D0002079
:10A2400069460880497A6A4622E06846428903A83E
:10A25000FAF7D4FC002803D02846FFF763FDE8E7AF
:10A260000D4881880029E4D06946497A03AA019201
:10A27000009169460B7A807900222946FFF78AFD12
:10A28000D7E701216846018017214180417A6A465B
:10A290002846FAF759FCCCE710DAFF1FF8B500257D
:10A2A000214C3BE0606800262F01C6533818868198
:10A2B000606838188680606838188068002804D084
:10A2C000F6F738F9606838188660374630465C2102
:10A2D0002E464E43A168711840310874A168711868
:10A2E00040314874A168711840310876A068301870
:10A2F000406D002804D0F6F71DF9A16871184F656C
:10A300000027A068F900301840184068002801D0E4
:10A31000F6F710F97F1C0A2FF3DB6D1C0348007859
:10A320008542BFDBF8BD0000548AFF1F248AFF1F4F
:10A33000FFB589B015460E461720129FFAF714FD97
:10A34000040021D0684606704570002F03D0201D00
:10A350000C99B84700E00020694648802670657077
:10A360004888A070010AE170052269468A82001DB2
:10A370000694888305A90998FFF75CFC050004D0C2
:10A380002046F6F7D7F800E0132528460DB0F0BDBB
:10A39000FFB581B01E46054601210A9F0B9C00F0C7
:10A3A00041F9002811D02046FFF712FC00280AD0FE
:10A3B000C5800446077012484178491C0A06120EEF
:10A3C000427004D005E015250FE014250DE00122B0
:10A3D0004270227100962846039B0299FFF7A8FF5E
:10A3E000050005D02046FFF799FC284605B0F0BDD2
:10A3F00023462146034A09330348F6F731F9F4E7C7
:10A40000548AFF1F30750000279D021110B50446C5
:10A41000407AF6F72BF9FF20607210BD10B50024CA
:10A420000F22835C5B0023438B54835C521EDC0948
:10A4300052B2002AF5DA10BDFFB581B01E461746AC
:10A440000D46084600F04AF8002802D0112005B059
:10A45000F0BD0E4800F042F8040015D00A98A07133
:10A460000622E01D0B99F5F77FFE65802771667166
:10A4700001982070002060620C98E081002128463D
:10A4800002F0D2FC0020E2E71520E0E7FFFF000029
:10A4900070B514460D46064600F020F800280BD093
:10A4A000416A007900290CD0C20611D580070AD470
:10A4B000002C08D0052070BD074886420AD0142021
:10A4C00070BDC006F6D5887EA84203D20C2070BDB0
:10A4D0000F2070BD002070BDFEFF000030B50A4A9D
:10A4E000002113780CE0282455684C4364196488D3
:10A4F000844203D128204143481930BD491CC9B2C8
:10A500009942F0D3002030BD248AFF1FF0B50C4BD8
:10A5100000210C4E1D780FE028225C684A43171971
:10A520007F88B74206D0A25C824203D128204143F3
:10A530000819F0BD491CC9B2A942EDD30020F0BDF5
:10A54000248AFF1FFFFF000070B5104900200C781F
:10A5500002460F4E0CE028234D6843435D196E8080
:10A560004D685D192A714D685B19401CC0B25A6272
:10A57000A042F0D38B680020497803E08400401C9F
:10A580001A51C0B28842F9D370BD0000248AFF1F5F
:10A59000FFFF000010B5094A0020536801461278F9
:10A5A00009E028244C43E4182479002C01D0401CF5
:10A5B000C0B2491CC9B29142F3D310BD248AFF1F17
:10A5C00030B5094A0021537806E095688C002C5973
:10A5D000002C05D0491CC9B29942F6D3132030BDD6
:10A5E00089006850002030BD248AFF1F10B5FFF796
:10A5F00075FF040013D06088012102F015FC606A29
:10A60000002801D0F5F736FF282200212046F5F773
:10A6100095FE0020C04360800020207110BD022004
:10A6200010BD000010B50C460649884206D0FFF761
:10A6300055FF002804D00079204201D0012010BD30
:10A64000002010BDFEFF0000F7B5074686B00020D1
:10A6500004900390164607980BE125290AD0049927
:10A66000002901D0039802E0049000200390401CD0
:10A670000390FBE00398002805D081B20498B84706
:10A68000002004900390002404220823102107983E
:10A69000401C079000782B2818D004DC202817D005
:10A6A000232804D116E02D280ED0302814D0079886
:10A6B00000250278ED431346303B092B0FD807A83D
:10A6C00002F0B0FC054613E00C43E0E71443DEE77C
:10A6D0001C43DCE7202000E001200443D7E72A2ABE
:10A6E00006D1401C079020CE002D01DA6D420C43AC
:10A6F000079800230178DB432E2913D1401C0790D3
:10A7000001780A46303A092A04D807A802F08AFCE0
:10A71000034604E02A2904D1401C079008CE002BF0
:10A7200000DA0023079A00211078C943682803D073
:10A730006C2801D04C2802D1521C01460792079880
:10A740000A2200786E282CD00CDC63282AD004DC86
:10A75000412826D0582811D198E0642801D06928D2
:10A760000CD197E073283BD004DC6F2876D070289A
:10A7700004D164E0752872D078286ED0252809D0DD
:10A78000252069460872012102A8B8470798017878
:10A79000002972D00798694600780872012102A842
:10A7A000B84763E0E00609D420246D1E002D05DDC6
:10A7B00068460472012102A8B847F6E73078694676
:10A7C0000872012102A8361DB847202404E068461B
:10A7D0000472012102A8B8476D1E002DF7DC45E088
:10A7E00001CE0090002801D12DA00090014600E08C
:10A7F000401C0278002A01D05B1EF9D2401A019059
:10A80000E0060BD42024284601996D1E884205DD00
:10A8100068460472012102A8B847F4E7019881B2A2
:10A820000098B847202404E068460472012102A879
:10A83000B847294601986D1E8142F5DC16E0681C78
:10A8400002D10825012004430093019402CE2B4637
:10A850001022384608E001E001E019E0082202CEAB
:10A86000009301942B46384602F0A0F90798401C4B
:10A8700007900178002901D0EFE60EE00398002848
:10A8800002D081B20498B84709B0F0BD402004431B
:10A890001022E4E702200443E1E7401E0790E5E7C9
:10A8A0003C4E554C4C3E0000F3B583B00B46FF24A4
:10A8B0000E2001F0BDFC05460020019003980228FF
:10A8C0007ED004287DD008287CD1012001F07AFEBA
:10A8D0000446012001F0ACFC07461809D907029094
:10A8E000002947D0002642E001200090082001F016
:10A8F00069FE019000200BE001990A78012A03D13A
:10A9000022788B789A422FD0C968401CC0B201913E
:10A91000A842F1D30098002826D021780120884051
:10A920000299084220D0082001F04CFE002809D0EE
:10A930001020F5F799FD102200210190F5F7FEFC9B
:10A9400001A80AE01020F5F78FFD5C49102288600D
:10A950000021F5F7F3FC59480830002300901A460F
:10A960003146039801F04EFD6469761CF6B2BE4292
:10A97000BAD33AE0002636E000200090082001F02B
:10A9800021FE019000200BE001990A78012A03D1F1
:10A9900022788B789A4208D0C968401CC0B20191D5
:10A9A000A842F1D3009800281AD0217801208840CD
:10A9B0000299084214D00198007902280BD102E0D4
:10A9C0001AE04BE012E03D480078F9F707F801463D
:10A9D0003BA0FBF747F901AA3146039801F06AFC56
:10A9E0006469761CF6B2BE42C6D300240E2001F084
:10A9F0001FFC002C4FD05DE00E2001F0E3FD019024
:10AA0000D80731D11CE01020F5F72EFD2B4910227C
:10AA100088600021F5F792FC2848083008E01020F3
:10AA2000F5F722FD102200210190F5F787FC01A81F
:10AA3000002300901A461946039801F0E3FCD4E77E
:10AA40001E4880680028D0D0019804E001780229CF
:10AA50001BD0C06801900028F8D1C6E70E2001F095
:10AA6000B1FD0190D80702D0002DD8D1CBE7134813
:10AA700080680028B9D0019804E00178032904D047
:10AA8000C06801900028F8D1AFE701AA002103981F
:10AA900001F010FCA9E700280CD0084D012128780E
:10AAA000F5F75AFD002805D1FF22F532012128785B
:10AAB000F5F742FB204605B0F0BD00006088FF1F9F
:10AAC00064656C6574652047415020656E64206440
:10AAD0006973636F76657261626C6520726574205C
:10AAE00025640A003EB50D4604460C220021684646
:10AAF000F5F724FC002202926846047006222946DB
:10AB0000401CF5F731FB6A460249022000F044FB85
:10AB10003EBD00008C87FF1F064B1869024600E00F
:10AB2000084681680029FBD1826090681861002086
:10AB3000906070477C87FF1F10B5054CE0680028C7
:10AB400004D08168E160F5F795FCF7E710BD0000DF
:10AB50007C87FF1FF0B585B00646594D68460C4608
:10AB60008580584958A0FBF77DF830460F263602FD
:10AB7000F0270021052802D006287DD164E0254673
:10AB80000C4614200291F5F76FFC1422002102906C
:10AB9000F5F7D4FB029869890180A9894181E98987
:10ABA0008181298AC181E978C1700622291D001D91
:10ABB000F5F7DAFA01F0F0FB0390002808D101F074
:10ABC000BFFB039001460378427840A0FBF74AF8A8
:10ABD0000F20A97AC04381430843694688800398BF
:10ABE0000178012918D00299032088706946888865
:10ABF0000299B843897800230907090E084369467A
:10AC0000888002A800901A461946102001F0FAFB2D
:10AC1000002103AA0E204CE08178029809020288E4
:10AC20000A4302800398817834A0FBF71BF802984E
:10AC30006946847088880399B04389780907090DAB
:10AC4000084369468880D1E7102001F0BBFC00234F
:10AC500000901EE00098A2880178914215D12279D7
:10AC6000290912070901120F11438278B94312070B
:10AC7000120E1143B14300E01DE000880005000FF3
:10AC8000000201436846818008E000695B1CDBB27A
:10AC90000090102001F0CCFA9842DBD80099887817
:10ACA000032803D1C878091DFFF71CFF6A4600215D
:10ACB000102001F0FFFA6846808805B0F0BD000062
:10ACC000FFFF0000E1F1021125730A00624E6F647C
:10ACD00065203D20257020627573795F73746174FF
:10ACE00065203D2025642020624E6F646520726FD0
:10ACF0006C65203D2025640A00000000624E6F64F0
:10AD0000652D3E726F6C655363642E6164762E70A0
:10AD100065724964782025642C6E6F64652D3E63EE
:10AD20006F6E6E656374696F6E48616E646C6520EA
:10AD3000307825780A000000F8B517460A46034621
:10AD400001F02AFB0425334E044600282BD0184678
:10AD50000123022804D0032816D0042823D11CE0A4
:10AD6000002A05D0E078002F0BD0FD21084006E036
:10AD7000E078002F02D00221084300E01843E07081
:10AD800011E040084000FAE7002A03D0114622A053
:10AD9000FAF768FF0220207105E0002A0ED0114664
:10ADA00026A0FAF75FFF0E2001F00CFC002804D06B
:10ADB0002A4601213078F5F7BFF9F8BD002020714F
:10ADC0006070E068264F002801D107E00446E06883
:10ADD00001780129FAD0002809D10AE00E2001F0FB
:10ADE000F1FB0028DFD0B0680178012901D0437061
:10ADF000D9E70820F8F79EFEF5F762FC00223B46F3
:10AE0000F5F764FC0022174BF5F766FCF5F76AFCD2
:10AE10000546C8E76088FF1F4741505F4D616B657D
:10AE2000446973636F76657261626C6520657272E6
:10AE300020307825303258200A0000004741505F0A
:10AE4000456E64446973636F76657261626C6520F8
:10AE500065727220307825303258200A00000000D8
:10AE60000000E43F0000104000B501F095FA0178C1
:10AE7000022902D100214170817000BDFEB5054656
:10AE80000E460A4600240E49012000F0EDF9002884
:10AE900013D10C2200216846F5F750FA00200290E9
:10AEA0006846057006223146401CF5F75DF96A4692
:10AEB0000349012000F070F904462046FEBD000061
:10AEC0008887FF1F70B5094D286900280AD00C2219
:10AED00000218468F5F732FA2869F5F7CBFA002CDF
:10AEE00001D02C6170BD0020286170BD7C87FF1FE0
:10AEF00010B5024600240449012000F0B5F90028ED
:10AF000000D00124204610BD8887FF1F022904D1EC
:10AF100002490A780270497841707047C0CFFF1F1C
:10AF2000032906D103494A7F02708A7F4270C97F94
:10AF300081707047A0CFFF1F014800697047000073
:10AF40007C87FF1F10B50C49FF22C96804E00B780D
:10AF50008488A34202D009690029F8D1C3884B81B3
:10AF600003898B814089C8818878002801D10888AD
:10AF7000020A104610BD00006088FF1F064900202D
:10AF8000C96805E08A78032A01D1401CC0B209696A
:10AF90000029F7D1704700006088FF1F0849094A5F
:10AFA000C96809E08B78002B05D10B78834202D168
:10AFB0000888020A02E009690029F3D110467047A7
:10AFC0006088FF1FFFFF000070B5014600200446A7
:10AFD0000B00F5F799F808051010101B2605053130
:10AFE0001C20F5F741FA050025D004220021F5F7D1
:10AFF000A5F9AC611FE00C20F5F736FA05001AD070
:10B0000004220021F5F79AF9AC6014E01820F5F756
:10B010002BFA05000FD004220021F5F78FF96C619F
:10B0200009E01420F5F720FA050004D004220021DD
:10B03000F5F784F92C61284670BD70B515460C46AD
:10B040000300F5F761F806110E5D1F2E4E1106463E
:10B0500006222946401CF5F7CFF8012854D0344683
:10B06000083420680028F2D170BD0028FCD0018887
:10B070002A88914204D181682160F5F7FBF970BDFF
:10B080000446083420680028EFD170BD0029FCD0A8
:10B090002A884868904202D14869206070BD0C46F9
:10B0A000143421680029F1D170BD002CFCD0208817
:10B0B0002A88904213D120690860A56803E02846D9
:10B0C000F5F7D8F9AD69002DF9D1E56803E0284618
:10B0D000F5F7D0F9AD69002DF9D12046CDE721462D
:10B0E00010310C68002CE0D170BD002EFCD006227F
:10B0F0002946701CF5F780F8012805D0344608343D
:10B100002668002EF1D170BDB06820603046B4E7EB
:10B11000024600B500201300F4F7F6FF08050D0DF8
:10B12000151D252D353D0868002834D0816900297A
:10B1300031D00846FAE7086800282CD08168002939
:10B1400029D00846FAE70868002824D08168002939
:10B1500021D00846FAE7086800281CD04169002978
:10B1600019D00846FAE70868002814D001690029B8
:10B1700011D00846FAE7086800280CD08169002938
:10B1800009D00846FAE70868002804D08169002938
:10B1900001D00846FAE700BDF7B582B00025684641
:10B1A0000C460570029801260300F4F7ADFF080570
:10B1B00015151526374D4D49FFF706FF07003FD0FF
:10B1C0001C220499F4F7D0FF28462146BD6146E0D1
:10B1D000276033E0876131E0FFF7F6FE07002FD0EC
:10B1E0000C220499F4F7C0FFBD6021460298FFF7D6
:10B1F0008FFF0028ECD0876020E0FFF7E5FE070016
:10B200001ED018220499F4F7AFFF7D612146029801
:10B21000FFF77EFF0028DBD047610FE0FFF7D4FE89
:10B2200007000DD014220499F4F79EFF3D612146DA
:10B230000298FFF76DFF0028CAD0076168460670C4
:10B240006846007805B0F0BDFFF7BEFE0700F7D0F6
:10B250001C220499F4F788FFBD6121460298FFF78C
:10B2600057FF0028B6D1B3E770B515460024030098
:10B27000F4F74AFF070512121F29333D46000C68F8
:10B2800007E006222946A01CF4F7B6FF012837D0B4
:10B29000A469002CF5D133E00C6807E006222946AA
:10B2A000601CF4F7A9FF01282AD0A468002CF5D16E
:10B2B00026E00C6804E020882988884220D0A46811
:10B2C000002CF8D11CE00C6804E029786068884202
:10B2D00016D06469002CF8D112E00C6804E02088D4
:10B2E000298888420CD02469002CF8D108E00C6829
:10B2F00004E020882988884202D8A469002CF8D16B
:10B30000204670BD10B50446084884420DD001297E
:10B3100007D0022909D101212046FFF783F900282F
:10B3200003D103492046F8F79BFE10BDFEFF000045
:10B33000ECCFFF1F70B515460A7A00240498D20698
:10B3400001D5082070BD002801D00B2070BD087801
:10B35000102806D14868007B022804D000201880FD
:10B360000A24204670BD0448F72200781880C96876
:10B370002846F4F7F9FEF4E7A487FF1FFEB506465A
:10B380001746087A0024089A1D46800601D5082031
:10B39000FEBD0878102802D0022820D01DE04868A1
:10B3A000007B012819D1314616A0FAF75BFC29462B
:10B3B000384601F0E5FB2A4639461748F4F7D4FE33
:10B3C00016480121867216484068002805D0036897
:10B3D000002B02D02A46304698472046FEBD4868DA
:10B3E00003784078000218180E4B80B2D842F4D18E
:10B3F000012000920190EBB23A463046F8F748FE41
:10B400000446EAE777726974652064617461203AE2
:10B410002025640A00000000C4CFFF1FC4D4FF1F12
:10B42000A487FF1FFED6FFFF70B598B007206946BE
:10B430000870C3206A4601218000F8F773F80024E1
:10B4400069460C7101AA01213748F8F76BF801250C
:10B4500069460D72312002AA29460001F8F762F808
:10B4600069468D8103AA02211F20F8F75BF869461F
:10B470002D480C7404AA0121001DF8F753F8FF248D
:10B48000413421460820F8F7F3FC21460920F8F75B
:10B49000EFFC21460620F8F7EBFC21460620F8F7E2
:10B4A000E7FC21460A20F8F7E3FC21460B20F8F7D9
:10B4B000DFFC1C221DA105A8F5F77EF808A80C22C8
:10B4C00021490330F5F714F9142220A112A8F5F749
:10B4D00073F806221C4913A8F4F746FE124D002407
:10B4E000AD1E6E1C05AB1B222946204601F0A0F9BB
:10B4F00012AB13223146204601F09AF9641C24064F
:10B50000240EEFD0182216490CA8F5F755F806A915
:10B510000A2201310CA8F4F727FE0CAA15210020FD
:10B52000F9F756FA18B070BD0903000002010617BA
:10B530000955494E4C414E2D4B592D30303030304D
:10B5400030303030303030007488FF1F12FFFFFF82
:10B55000FFFFFFFFFFFF66FFFF0100050A0200007B
:10B56000CCF1021110B5282488B021461520F8F737
:10B570007FFC21461620F8F77BFCFF21F5311920CE
:10B58000F8F776FC32210220F8F772FC3221032012
:10B59000F8F76EFC0520694608706A4601212048CC
:10B5A000F7F7C0FF0320694608711D4801AA012171
:10B5B000401CF7F7B7FF012069460872014618489A
:10B5C00002AA801CF7F7AEFF0024694614480C73EA
:10B5D00003AA0121C01CF7F7A5FF69460C7481205E
:10B5E00004AA0121C000F7F79DFF69460C480C75BD
:10B5F00005AA0121401DF7F795FF0720694608833A
:10B60000074806AA0221801DF7F78CFF0549242070
:10B61000F8F72EFC04A0FAF725FB08B010BD0000D7
:10B6200004040000BAFF00006D756C74692D726F20
:10B630006C65206173206D61737465722061646450
:10B6400020736C617665204D4143206164647265AE
:10B6500073730A0010B504460079C0B001281AD0EF
:10B66000132816D1002038AA107650760E216A468B
:10B670001180022151800121117150710B496088A4
:10B680000A786946F9F790F9010002D008A0FAF7A4
:10B69000E9FA40B010BD61890DA0FAF7E3FA217A0A
:10B6A00013A0FAF7DFFA217B1AA0F0E74888FF1F02
:10B6B000474154545F5772697465436861725661BB
:10B6C0006C7565204552524F522025640D0A0000CA
:10B6D000704D73672D3E6D73672E6572726F725277
:10B6E00073702E68616E646C652025640A0000002A
:10B6F000704D73672D3E6D73672E6572726F725257
:10B7000073702E7265714F70636F64652025640AD3
:10B7100000000000704D73672D3E6D73672E6572DB
:10B72000726F725273702E657272436F646520255A
:10B73000640A00007FB5334D2870F4F7DFFF022262
:10B7400031493248F4F750FF2F490422891C100375
:10B75000F4F74AFF2EA0FAF785FA06212A4801F0ED
:10B760000FFA002069460870F5F70AFF6946087865
:10B77000042420430870FFF757FE0120F4F7C4FFAC
:10B78000661F3046F9F714F93046F8F731FC3046B9
:10B79000F9F7F6FA281DF9F721FB69460878082120
:10B7A000084369460870FFF7DDFE1BA0FAF75AFA56
:10B7B00003206A4601210002F7F7B4FE28206946FB
:10B7C0008880FF200C81F530888101AA0221194868
:10B7D000F7F7A8FE174801AA0221401CF7F7A2FEBE
:10B7E000144802AA0221801CF7F79CFEC52003AA78
:10B7F00002218000F7F796FE01212878F4F75AFC21
:10B800007FBD00004888FF1F7488FF1F04400000B0
:10B810006D6163203A2000005374617274206D756D
:10B820006C695363686564756C655F636F6E6669A8
:10B8300067200A0011030000F8B50C46080411D572
:10B8400028480078F4F704FE050007D00178B029F5
:10B8500001D1FFF7FFFE2846F4F700FE0120C003E8
:10B860006040F8BDE00734D069461F48F7F70AFF8B
:10B8700068460178042903D91CA0FAF7F3F902E01D
:10B8800024A0FAF7EFF9002528460126021D3146CB
:10B890009140401C0D430006000EF7D03543294669
:10B8A0000820FFF701F8002803D1294621A0FAF764
:10B8B000D9F901210220FEF7F7FF010005D029A0E8
:10B8C000FAF7D0F920467040F8BD31A0FAF7CAF96E
:10B8D000F8E7600403D5012080034840F8BD00204C
:10B8E000F8BD00004888FF1FB4F102114D415820F7
:10B8F000436F6E6E656374696F6E204E554D2063A5
:10B900006F6E66696775726174696F6E20657272B9
:10B910006F720A004D415820617661696C61626CFA
:10B920006520636F6E6E656374696F6E2025640AAF
:10B93000000000004D756C746920526F6C652061C9
:10B9400064766572746973696E6720736368656491
:10B95000756C65722073756363657373203A307814
:10B9600025780A004D756C746920526F6C652073E0
:10B9700063616E6E696E67207363686564756C657C
:10B9800072206661696C7572652025640A0000008A
:10B990004D756C746920526F6C65207363616E6EB7
:10B9A000696E67207363686564756C657220737572
:10B9B0006363657373200A007047000070B51E460C
:10B9C00014460D46002817D001462BA0FAF74AF975
:10B9D00000F0E2FC007803280DD1FFF79DF800216C
:10B9E0000420FEF761FFFFF7A7FA00283FD00121EE
:10B9F0000420FEF759FF70BD27A0FAF733F932464D
:10BA0000294630A0FAF72EF9032C03D0384800213C
:10BA1000817070BDFFF790FA002810D000F0C8FCCC
:10BA20000446FFF7ABFA0121081AA04202DD042008
:10BA3000FEF73AFFFFF7A2FA002815D070BDFFF716
:10BA40009DFA002810D02B4C01212078F4F784FDBA
:10BA50000028F3D128A0FAF705F9FF22F5320121D9
:10BA60002078F4F769FB70BD01210220C1E72CA00A
:10BA7000FAF7F8F870BD000045737461626C697381
:10BA800068206661696C7572652073746174757382
:10BA90002025640A0000000045737461626C6973BC
:10BAA00068207375636365737320636F6E6E48619E
:10BAB0006E646C652025642C726F6C652025640AA9
:10BAC0000000000045737461626C697368207375CF
:10BAD000636365737320636F6E6E48616E646C653B
:10BAE0002025642C7065724964782025640A000062
:10BAF0009488FF1F7E87FF1F7265737461727420C4
:10BB00006D756C7469207363686564756C6520730A
:10BB100074617465206D616368696E650A00000078
:10BB200045737461626C697368206661696C7572D3
:10BB3000650A000070B516460D460A46014608A083
:10BB4000FAF790F8002405E0315D0EA0FAF78AF8C4
:10BB5000641CE4B2AC42F7D30CA0FAF783F870BDD2
:10BB60004E6F7469667920737563636573732063C0
:10BB70006F6E6E48616E6C652025642C6C656E205E
:10BB800025640A003078253032582C000A00000065
:10BB900038B5044645886846058020790B282ED0A4
:10BBA00006DC01284DD0032818D0092815D144E01F
:10BBB000112842D012283AD01B280ED160780028D4
:10BBC0000BD12C484068002807D0C368002B04D054
:10BBD000224661890C322846984738BD238962780D
:10BBE000294625A0FAF73EF822496A461431032077
:10BBF000FFF73AFB0028F0D00021017138BD6078D2
:10BC00000028FBD12289294626A0FAF72BF8002527
:10BC100006E06019817A2BA0FAF724F86D1CEDB2CA
:10BC20002089A842F5D829A0FAF71CF838BD607819
:10BC30000028FBD1294626A012E02046F9F7C2F9D8
:10BC400038BD227A0A2A09D0122A0CD01B2A0DD01C
:10BC5000237B294625A0FAF705F838BD217B2FA0C4
:10BC6000FAF700F838BD217B30A0F9E7217B34A03A
:10BC7000F6E700007C87FF1F636F6E6E48616E649D
:10BC80002025642C65786368616E67654D54552086
:10BC90007374617475732025642C72784D5455202B
:10BCA00025640A005265616420537563636573738C
:10BCB0002048616E646C652025642C6C656E2025BF
:10BCC000642000003078253032582C000A00000033
:10BCD00057726974652073656E7420636F6E6E4869
:10BCE000616E646C652025640A000000636F6E6EEF
:10BCF00048616E646C652025642C4154545F455244
:10BD0000524F525F525350202564204552524F5299
:10BD10005F434F44452025640A000000526561647A
:10BD2000204572726F722025640A00005772697490
:10BD300065204572726F723A2025640A0000000087
:10BD40004E6F74696679204572726F723A2025646D
:10BD50000A00000010B586B0144601290AD16A46CF
:10BD6000F9F726F8214604A0F9F77CFF214668463A
:10BD700000F006FF06B010BD676574206461746151
:10BD8000206C656E205B25645D203A0070B5064628
:10BD90000188C0B035A0F9F765FF39A0B468F9F79C
:10BDA00061FF1AE021883BA0F9F75CFF61883EA0A3
:10BDB000F9F758FF41A0F9F755FF002506E0601993
:10BDC000417942A0F9F74EFF6D1CEDB22079A842EF
:10BDD000F5D840A0F9F746FFA469002CE2D13EA0B7
:10BDE000F468F9F73FFF39E0218840A0F9F73AFFFE
:10BDF000A17843A0F9F736FFA18847A0F9F732FFF1
:10BE00002EA0F9F72FFF002506E06019C1792FA0B9
:10BE1000F9F728FF6D1CEDB2A079A842F5D82DA046
:10BE2000F9F720FFA078C00617D5002038AA1076B1
:10BE30005076A1886A46491C118002215180012157
:10BE400011715071394930880A786946F8F7ACFDAC
:10BE5000010007D036A0F9F705FFA469002CC3D173
:10BE600040B070BD31883CA0F5E70000636F6E6E96
:10BE700048616E646C65203D2025640A0000000066
:10BE80007072696D6172792073657276696365207D
:10BE90000A00000073746172742068616E646C65DE
:10BEA0002025640A000000002020656E642068617F
:10BEB0006E646C652025640A0000000020202020AC
:10BEC000202020207575696420000000307825301E
:10BED00032582C000A0A000063686172616374655D
:10BEE000726973746963200A00000000206368614E
:10BEF000722068616E646C652025640A0000000091
:10BF0000202050726F7065727469657320307825D7
:10BF10003032580A0000000076616C756520686157
:10BF20006E646C652025640A000000004888FF1FCD
:10BF3000474154545F577269746543686172566132
:10BF40006C7565204E6F74696679204552524F5268
:10BF50002025640D0A000000474154545F57726960
:10BF600074654368617256616C7565204E6F7469C3
:10BF7000667920737563636573732068616E646CA2
:10BF8000652025640A0000007FB5044600210220D8
:10BF9000FEF78AFC20E02CA00FC86D460FC50F22CB
:10BFA0006846E168F4F728F9002806D06078A11CFB
:10BFB000FEF764FF28A0F9F755FEA01CFEF798FFD6
:10BFC000002808D0A01C00F0E9FC002803D160780C
:10BFD000A11CFEF787FDA469002CDCD1FEF7ACFFA5
:10BFE000002813D000F0E4F90446FEF7C7FF054629
:10BFF000024621461DA0F9F735FE0120401BA04254
:10C0000003DD01210420FEF74FFC7FBD01216846BE
:10C01000F5F706FB6846017820A0F9F723FE68468D
:10C0200032210078F3F7FEFF68460170C9B20220A2
:10C030003231F7F71DFF6846017803203231F7F7F8
:10C0400017FF01210220DEE7020106170955494EBC
:10C050004C414E2D4B592D007363616E6620776104
:10C060006E746564206465760A0000007363616E17
:10C070005F696E69745F6E6F64655F6E756D2025B4
:10C080006420637572725F6D61737465725F636F54
:10C090006E6E5F6E756D2025640A000052414E443D
:10C0A00020494E542025640A00000000F8B5009392
:10C0B000154613460C460A46014625A0F9F7D2FD5F
:10C0C0000126002C20D0032C1DD1FEF735FF0028BF
:10C0D00039D0FEF731FDFEF7F5FE00F069F90446B0
:10C0E000FEF74CFF05460246214627A0F9F7BAFDA8
:10C0F000701BA04216DD00210420FEF7D5FB0121B4
:10C100000220FEF7D1FBF8BD281D314681403143A6
:10C110000820FEF7C9FB0028F5D1294629A0F9F728
:10C12000A1FDF8BD354C01212078F4F715FA00285F
:10C13000F7D133A0F9F796FDFF22F53201212078DF
:10C14000F3F7FAFFF8BD38A0F9F78CFDF8BD000051
:10C150005465726D696E61746520636F6E6E4861BF
:10C160006E646C652025642C726F6C652025642CD0
:10C170007065724964782025642C20726561736F44
:10C180006E2025640A00000064697320636C656199
:10C1900072207363616E5F696E69745F6E6F646550
:10C1A0005F6E756D20256420637572725F6D6173BB
:10C1B0007465725F636F6E6E5F6E756D2025640AC5
:10C1C000000000004D756C746920526F6C65206131
:10C1D00064766572746973696E67207363686564F9
:10C1E000756C65722072652D656E61626C65207379
:10C1F000756363657373203A25640A007E87FF1FA9
:10C2000072657374617274206D756C7469207363E8
:10C21000686564756C65207374617465206D616315
:10C2200068696E650A0000006572726F720A00002C
:10C2300001460020134A082915D006DC01290AD03E
:10C24000022910D004290DD10DE00E290BD01029A0
:10C2500008D1D16812E0516802E0401C4969C0B2BF
:10C260000029FAD17047916802E0401CC968C0B249
:10C270000029FAD17047401C0969C0B20029FAD1DF
:10C28000704700006088FF1F10B5FF2401280DD102
:10C290001820F4F7E9F806490028486005D0002482
:10C2A00018222146F4F74AF800E00124204610BD88
:10C2B0006088FF1FF8B50027204D13460646082862
:10C2C00016D004DC022E13D0042E1FD110E00E2E47
:10C2D0000ED0102E1AD11020FFF7AAFF01461C68BD
:10C2E000E868844223D101291DD02069E8600AE072
:10C2F0001C68A86884420FD10E20FFF799FF01281F
:10C3000005D0E068A8602046F4F7B4F8F8BDA86846
:10C31000F4F7B0F8AF60F8BD1146304600F06CF9A4
:10C32000E168C160EFE7F4F7A5F8EF60F8BD1946E2
:10C33000304600F061F921690161E4E76088FF1F80
:10C3400010B50E2000F03EF9044609E0237862782B
:10C35000214606A0F9F786FC2078012804D0E4687D
:10C36000002CF3D1002010BD204610BD6E6F646517
:10C37000203D20257020627573795F737461746548
:10C38000203D20256420206E6F646520726F6C65EF
:10C39000203D2025640A000000B50E2000F012F9AF
:10C3A00003E04178012902D0C0680028F9D100BD1E
:10C3B00000B500220E2000F005F907E001780329FE
:10C3C00001D0022901D1521CD2B2C0680028F5D197
:10C3D000104600BD10B5012810D109484468002C52
:10C3E0000CD06069002801D00446FAE71820F4F761
:10C3F0003BF8002160614161606910BD002010BD03
:10C400006088FF1FFFB581B014460F460023674DBB
:10C41000674E684A0A99042851D00CDC012813D0D1
:10C42000022823D10C6800F0CDF891688C422CD002
:10C43000002823D12AE0082878D0102816D1D06807
:10C440000B6800286FD0ABE00D68200A28705A48AE
:10C45000E6B238180CD0012808D12E733046F4F714
:10C4600003F8286132460499F3F77EFE05B0F0BD6B
:10C470002E713046F3F7F8FFA860F3E7C168002992
:10C4800001D00846FAE7C46000E0946063700220BF
:10C49000207000F097F8002705E00178012901D10C
:10C4A0007F1CFFB2C0680028F7D10820F7F742FBD5
:10C4B000002F2AD10220F7F73DFBA060D6E702202B
:10C4C0000C6800F07FF891688C4208D0002807D0F3
:10C4D000C168002901D00846FAE7C46000E0946012
:10C4E000637003202070022000F06CF8002705E044
:10C4F0000178012901D17F1CFFB2C0680028F7D163
:10C500000820F7F717FB002F0ED0F4F7D9F8002218
:10C510002B46F4F7DBF800223346F4F7DDF8F4F7A6
:10C52000E1F8CAE702E038E02448C6E708200C68D2
:10C5300000F048F8002802D00178012923D0906843
:10C540009460844200D0E060012020706370A77086
:10C550000820F7F7EFFAF4F7B3F800222B46F4F7C8
:10C56000B5F8F4F7BFF8A06069461548F6F714FF70
:10C5700068460078002803D0022801D003289DD106
:10C58000C020E07072E70146C0680278012A01D13C
:10C590000028F8D1E060CC60D6E7D36066E70846B3
:10C5A00001690029FBD1036160E700000000E43F5E
:10C5B000000010406088FF1FF9FCFFFF10270000FB
:10C5C000090300000B4908280FD006DC01280AD017
:10C5D00002280AD0042804D107E00E2805D010282C
:10C5E00005D0002070474868704788687047C86861
:10C5F000704700006088FF1F02460020104B082A89
:10C600000CD004DC022A09D0042A10D106E00E2A3C
:10C6100004D0102A0BD10A68D8680DE00A6898681F
:10C6200003E0C168914202D008460028F9D1704762
:10C6300001699142FBD008460028F9D170470000FB
:10C640006088FF1FF0B5044687B00120FFF7BAFFEE
:10C650000546002306E02878A178884207D06D6956
:10C660005B1CDBB20120FFF7E3FD9842F3D8E078D2
:10C67000002601062C4F002910DA81070ED42A79F2
:10C6800001213878AB68F7F779FC0100A66001D08A
:10C6900026A041E00120607007B0F0BD410601D541
:10C6A000C00708D0207900280CD0022828D028A064
:10C6B000F9F7D8FAF0E72A7B002138782B69F7F7E9
:10C6C0005DFC1BE0C32005A98000F6F765FE04A908
:10C6D0002348F6F761FE224803A9001DF6F75CFE29
:10C6E0006946087D0872087C0870087B48723878B3
:10C6F000F7F738FA010001D01AA00DE0A660CBE7E9
:10C700003878F7F76BF90500A66008D021461FA01E
:10C71000F9F7A8FA294621A0F9F7A4FABCE7E078CE
:10C7200080088000E070B7E76088FF1F416476658D
:10C7300072746973696E67206461746120757064D6
:10C74000617465206572726F722025640A000000B2
:10C750006E6F7468696E6720746F20646F0A0000E2
:10C7600009030000676170206D616B652064697367
:10C77000636F76657261626C6520646F6E652065BB
:10C7800072726F722025640A000000006572726F79
:10C7900072206E6F6465203A25700A006761702010
:10C7A000656E642020646973636F76657261626C84
:10C7B0006520646F6E65206572726F722025640A51
:10C7C0000000000038B5FFF7E7FD04461748806811
:10C7D00000280ED00125002C01D145700446207898
:10C7E000012807D0022809D0032802D12046F8F7F3
:10C7F000B5FE38BD2046FFF725FF38BD032168464A
:10C80000FEF78EFBA078002805D0F6F7A9FD0028DA
:10C81000F3D1A07038BD6846827841780078F6F789
:10C820003DFF0028F6D16570A57038BD6088FF1FF8
:10C83000FFB51E46034683B0002001900120FFF79C
:10C84000C1FE1D0215430190002816D0002401AF3F
:10C8500009E001980178994201D1009714E04069FC
:10C86000641CE4B201900120FFF7E2FCA042F0D882
:10C870000120FFF7AFFD0190EFE70120FFF704FD76
:10C88000002807D10448009033462A460120049925
:10C89000FFF7B8FD07B0F0BD6488FF1F01490870BD
:10C8A000704700006088FF1F30B50446421D87B006
:10C8B00039490020FEF7D8FC05002FD0E07A287017
:10C8C000E078042816D0E868002801D0F3F7D2FDFC
:10C8D000207B2872F3F7C8FDE860002808D02A7A88
:10C8E0000021F3F72BFD2A7A2169E868F3F73CFC75
:10C8F00007B030BD6869002801D0F3F7BBFD207B8D
:10C900002874F3F7B1FD68610028F1D02A7C00217A
:10C91000F3F714FD2A7C21696869E7E71C220021EE
:10C920006846F3F70BFDE07A694608702079487095
:10C9300000A80622611D0230F3F716FCE078694674
:10C940000428207B17D00872F3F78EFD039000288F
:10C950000BD06846027A00210398F3F7EFFC684693
:10C96000027A21690398F3F7FFFB6A460A4900201F
:10C97000FEF712FCBCE70874F3F776FD059000287B
:10C98000F3D06846027C00210598F3F7D7FC68468F
:10C99000027C21690598E6E78487FF1F10B50246EF
:10C9A000002404490220FEF75FFC002800D0012487
:10C9B000204610BD8C87FF1F01B582B002AA0E4928
:10C9C0000420FEF751FC002815D000F0A5F802AABB
:10C9D00009490420FEF731FB074902AA091F032079
:10C9E000FEF72BFB69460889088003496A46091D42
:10C9F0000520FEF722FB0EBD9487FF1FF8B51746F2
:10CA00000D461E46044600221821F3F797FC044801
:10CA100025614068E660C019A06006986060F8BDB6
:10CA20005488FF1F70B50C4D2C680EE0A068696833
:10CA3000884209D8A088216980B28847E068002828
:10CA400006D069684018A0606469002CEED170BD02
:10CA5000204600F061F8F7E75488FF1F70B50C4DD1
:10CA6000AC680EE0A0686968884209D8A08821698E
:10CA700080B28847E068002806D069684018A06046
:10CA80006469002CEED170BD204600F059F8F7E73C
:10CA90005488FF1FF0B50C4C0C4F22683B681146C0
:10CAA000194310D000210D46824202D18E00A551BB
:10CAB00003E0834201D18E00BD51491C52695B697C
:10CAC0000906090EF0D0F0BD9C87FF1FA087FF1F4D
:10CAD000074B19680A4605E0814202D10020C04395
:10CAE000704749690029F7D14261186000207047FA
:10CAF0005488FF1F074B99680A4605E0814202D11E
:10CB00000020C043704749690029F7D1426198600D
:10CB1000002070475488FF1F70B50546074C08E099
:10CB2000A84204D141692160F3F7A4FC01E0044666
:10CB3000143420680028F3D170BD00005488FF1F12
:10CB400070B50646094D0CE0B44208D16069286012
:10CB50002046F3F78FFC2046FFF79CFF01E02546B7
:10CB600014352C68002CEFD170BD00005C88FF1FCD
:10CB700002494A6810184860704700005488FF1F37
:10CB800070B50D460646002404E0315D04A0F9F7B7
:10CB900069F8641CAC42F8DB03A0F9F763F870BDD8
:10CBA00025303278200000000A000000FFB506465C
:10CBB000564895B01F9F006814901D460A46780697
:10CBC00002D5524840681490F80601D57F087F00CE
:10CBD0001798801E23287DD2F80701D0302000E06E
:10CBE00020206946087100200872B8070ED5002A77
:10CBF00003DA2D200872524207E0780701D52B2076
:10CC000002E0380702D5202008725D1EB80608D55C
:10CC10001798102802D0082802D002E0AD1E00E0CC
:10CC20006D1E0024002A14D010461799F3F7FAF964
:10CC3000149A525C03A90A55641C0200F4D11E9890
:10CC4000844200DD1E941E982D1A112007420AD03E
:10CC50000DE0302008730124F1E7202069460870B8
:10CC600001216846B04728466D1E0028F5DC68465D
:10CC7000007A002802D0012102A8B047B80616D5D4
:10CC80001798082802D0102802D010E0302009E0C0
:10CC900030206946087001216846B0471B4800688B
:10CCA000203040786946087001216846B047F80690
:10CCB00003D506E0012101A8B04728466D1E0028D3
:10CCC000F8DC30271E99481E1E90A1420DDD6846F3
:10CCD000077000E018E00121B047F3E7385D6946CE
:10CCE000087001216846B04700E003AF2046641E8B
:10CCF0000028F3DC202428466D1E002804DD684649
:10CD000004700121B047F6E719B0F0BD6086FF1F3F
:10CD10000020704770B50D460646014614460BA02C
:10CD2000F8F7A0FF00232A4621463046FCF732FBE5
:10CD3000010004D00AA0F8F795FF0A2070BD29462B
:10CD40002046FFF71DFF002070BD00006F73616C6F
:10CD50005F736E765F726561643A25780A00000041
:10CD600072645F7265743A25640A0000F8B507467C
:10CD7000164600200D460A460090394616A0F8F7E0
:10CD800071FF29463046FFF7FBFE6846FCF758FA6C
:10CD90002C4600982034A0420FD20020FCF776FAEF
:10CDA000A04214DDF3F7B6FC0446FCF7AFF9F3F745
:10CDB000B1FC011B0EA0F8F755FF2A463146384654
:10CDC000FCF7E4FB010004D014A0F8F74BFF0A20A5
:10CDD000F8BD0020F8BD00006F73616C5F736E7664
:10CDE0005F77726974653A25782C25640A00000023
:10CDF000444F204653204761726261676520436F4C
:10CE00006C6C65637420436F7374202564202872F2
:10CE100074635469636B29200A00000077725F72A3
:10CE200065743A25640A0000F8B50E4607460024EA
:10CE3000074D09E0A968A0000A58002A02D031462F
:10CE400038469047641CE4B268788442F2D3F8BD57
:10CE5000248AFF1FFFB581B00298FDF73FFB040055
:10CE60006BD0029836498600C8688259002A64D07F
:10CE7000136A1820002B00D03420936A002B00D0B6
:10CE80001430049B002B00D01C30516A002900D0C4
:10CE90001630F3F737FB05004FD018220021F3F7C7
:10CEA0004DFA2620F6F746FE070000D12778D0205D
:10CEB0002870019868700A20A8700298A8800398CA
:10CEC000A8711F482C46C16818348859006A002888
:10CED00007D0AC6089592046096A1C221C34F3F73C
:10CEE00043F91748C1688859806A002807D0EC6068
:10CEF000895920461434896A1422F3F735F90498C5
:10CF0000002806D02C6120461C341C220499F3F71B
:10CF10002BF90B48C1688859406A002806D06C611B
:10CF200089592046496A1622F3F71EF9F8B22946B4
:10CF3000F3F7CAFA0298F9F7DBFC05B0F0BD000080
:10CF4000C889FF1FFFB581B01D46174614200E9EED
:10CF5000F3F7D8FA040020D0D02020700198607038
:10CF60000520A070E770002D05D006222946201D5F
:10CF7000F3F7FAF804E006220021201DF3F7DEF9AA
:10CF80000A9860810B98A0810C98E0810D9820820E
:10CF9000A67421460298F3F797FA05B0F0BDF8B5EC
:10CFA00006461C4615460F460820F3F7ABFA01006B
:10CFB00009D0D02008704E70062088708D808C714A
:10CFC0003846F3F781FAF8BD70B5154C0646850072
:10CFD0002068415988684069C20503D50A6A928968
:10CFE000D2050BD4820503D50A6A9289920505D42D
:10CFF00040050ED5086A808940050AD5062048708C
:10D00000304600F005F9206840594078122802D0D7
:10D0100070BD122048700021304600F041F870BD0C
:10D020006C8AFF1F0246002006E04B1C13600A2397
:10D03000097858433038081811680B78303B092BB1
:10D04000F3D97047007841078207C90F920F890012
:10D050000006C00E1143C0000843704701468A0015
:10D06000084910208968895800290AD00A6A002ACC
:10D0700007D08968002904D0107A097E884200D33D
:10D0800008467047648AFF1F10B5024601462032E9
:10D090001031F3F745FB10BD10B5F3F741FB10BDA0
:10D0A0007FB50D46044681000A4880684058002834
:10D0B0000ED0014668314EC903966E460EC6037FF8
:10D0C000C28801782846F9F78DFC204600F004F864
:10D0D0007FBD0000648AFF1F70B5044600F008FEA3
:10D0E000A500174CA0684059002827D0006A0028E6
:10D0F00001D0F3F7BFF9A0684059806E002801D035
:10D10000F3F7B8F9A0684059C06E002801D0F3F7D2
:10D11000B1F9A0684059006F002801D0F3F7AAF9CF
:10D12000A0684059406F002801D0F3F7A3F9A06828
:10D130004059F3F79FF9A1680020485170BD0000E5
:10D14000648AFF1F7FB5094D8400A8681022015929
:10D1500068462531F3F708F8A868054B00596A4678
:10D16000C088112100F042FD04B070BD648AFF1F29
:10D170003DE102117FB50D4C8500A1684959002998
:10D1800011D0694600F056FDA06840590178C0886A
:10D19000002901D0064B00E0064B6A46072100F04B
:10D1A00025FD04B070BD0120FBE70000648AFF1F6D
:10D1B00099E102112BE2021170B50D4606460024DA
:10D1C0000AE0F3F7B3FA010A3155641CE4B2AC4249
:10D1D00002D23055641CE4B2AC42F2D370BD000000
:10D1E0007FB5094D8400A868102201596846353181
:10D1F000F2F7BAFFA868054B00596A46C0881121AA
:10D2000000F0F4FC04B070BD648AFF1F77E10211E6
:10D21000FEB56B4C0746850020684059017801290E
:10D2200075D18668016A01914178062908D00A46BD
:10D230000C3A1300F2F768FF051E57616C15830066
:10D240000199C968CA0502D5B28AD20512D48805E7
:10D2500002D5B08A800550D448050AD5B08A400569
:10D2600007D5F9F78FFB014620684059C08800F0C8
:10D270001FF97DE0806E002810D11C20F3F7F4F830
:10D28000216800284959886662D01C220021F3F7E2
:10D2900055F820684059806E002859D020684059C0
:10D2A000866EB07E002803D13846FFF7D7FEB076F1
:10D2B000102200213046F3F741F820684059806E73
:10D2C000817E3046FFF778FFF3F730FA3082304640
:10D2D00008211230FFF770FF206831464059C0889E
:10D2E00000F0A8F834E0816E002933D00A461232EB
:10D2F000098AC08800F0C6F82CE0F9F73DFB2168E8
:10D300004959CA880146104600F0B2F835E033E0CA
:10D3100001200290F9F72AFB009001280CD0002090
:10D3200000900298F9F714FB0246206800994059D2
:10D33000C08800F089F82FE000200290F2E70C2965
:10D3400006D00D2906D00E2917D00F2924D00FE0C2
:10D350000D2013E00198C068810504D5B18A8905C4
:10D3600001D50E200AE0400519D401E0102005E0A7
:10D370002168122049594870FEBD0F202168495983
:10D38000487020684059C088FDF7A8F800280AD0E6
:10D39000C08941080A1808E001988089E3E7B08A4B
:10D3A0004005E5D5E2E7FF22F5320648C75521687A
:10D3B0004B59C11904481B1DF3F752F9FEBD00007B
:10D3C0006C8AFF1F3EDAFF1FE5DC021110B5074A29
:10D3D00083009268D258002A06D0D288824203D1B4
:10D3E000012901D1FFF778FE10BD0000648AFF1FFC
:10D3F00070B50F4C06468500A0684059002813D030
:10D400000078002811D06068002804D04168002905
:10D4100001D030468847A06840594078122803D18F
:10D4200000213046FFF73CFE70BD2068ECE70000AD
:10D43000648AFF1F10B50A46024B112100F0D6FB8B
:10D4400010BD0000A5E002111CB504466846134655
:10D45000017006221946401CF2F786FE034B6A460D
:10D460000821204600F0C2FB1CBD0000C7E00211ED
:10D4700010B50A46024B112100F0B8FB10BD0000A8
:10D48000EDE0021110B586B00446684613460180EF
:10D4900008221946801CF2F767FE044B6A460B21EE
:10D4A000204600F0A3FB06B010BD00000FE1021102
:10D4B00010B50A46024B112100F098FB10BD000088
:10D4C00057E2021130B587B004460020694608755E
:10D4D000A06805782B00F2F717FE0C2C07070F1237
:10D4E00015181B1E2124272C01F036F912281DD1F6
:10D4F00006206946087529E001F0FFF816E001F002
:10D500001BF913E001F008F910E001F0B3F80DE0A9
:10D5100001F0DFF80AE001F0CDF807E001F0B9F81A
:10D5200004E001F091F901E001F080F9002802D057
:10D5300008E00720DEE760886A46294601F094F992
:10D54000694608756846007D002805D0608805A9F1
:10D5500000F03AFB07B030BD608800F09BFBF9E7B4
:10D56000F8B52C4C06468700A0680D46C059002827
:10D5700007D0C188B14204D14178062904D01129CD
:10D5800030D0002D36D03EE00178002926D08268C8
:10D59000016A5269D30704D00B7BDB0701D0072156
:10D5A00005E0930705D50B7B9B0702D50921417048
:10D5B0002DE0520704D5097B490701D50B21F6E779
:10D5C0006068002823D04168002920D03046884771
:10D5D000A068C0594078122802D018E02068F0E70F
:10D5E000002103E0002D00D0322529463046FFF708
:10D5F00057FD0CE03046FCF771FF002803D001799D
:10D6000010221143017131462846F9F7FDFD012032
:10D61000F8BD0000648AFF1F70B5017801249229CB
:10D6200002D0A02919D130E041780E2902D03E293C
:10D6300013D10BE081881A4AD14205D18068411C80
:10D64000007800F05FF81EE000201CE001468078C2
:10D650000124052803D0082811D000241DE011481A
:10D660000078400719D510480068002815D0836855
:10D67000002B12D0CA898888891D984703E08888C2
:10D680008979FFF76DFF044607E00546FFF71AFFAB
:10D69000A868002801D0F2F74DFF204670BD0000B9
:10D6A000E8DFFFFF6589FF1F648AFF1F70B5144D17
:10D6B0000646286886B00C4600281ED00068002860
:10D6C0001BD021786846017061784170A17801A86B
:10D6D00000F02AFBE17868460172606803902868D0
:10D6E0006A460368012130469847002805D06946FC
:10D6F0000874708804A900F067FA06B070BD0000D5
:10D70000648AFF1F70B51D4C05462068002825D08F
:10D71000002D06D10278002A21D008220A30F2F723
:10D7200023FD20682E46002817D01220F2F7EAFECB
:10D7300005000DD0C12028706E7021681022A81C31
:10D74000891CF2F711FD206829464078F2F7BCFEEB
:10D750002068F2F78FFE00202060012070BD0822B3
:10D76000801CF2F701FDF2F7E7FF002801D0012548
:10D77000D7E7216801200870EFE70000608AFF1FEB
:10D780000149486070470000648AFF1F0149086032
:10D7900070470000648AFF1FF7B588B0164604463C
:10D7A000102200216846F2F7C9FD354DA700286810
:10D7B000C059002835D0C188A14232D10178002952
:10D7C0002FD14278062A0FD0816E002929D0088AED
:10D7D000112A19D0B04224D1082212310998F2F747
:10D7E0000BFD01283DD01CE0024601465532353183
:10D7F00004AB0C3000F029FC002812D12046FFF7C2
:10D800002DFC024604A932E0B04206D108221231B2
:10D810000998F2F7F1FC01281BD032212046FFF7CE
:10D820003FFC2046FCF75AFE05000CD0696A00292F
:10D8300009D0088AB04206D1082212310998F2F7BD
:10D84000DBFC012811D02046F2F7A8FF01200BB025
:10D85000F0BD2046FFF702FC02462868C059816EE1
:10D8600005E02868C059816E00E0696A8A7E6846D2
:10D87000F2F77AFC20466946F2F7A4FFE6E70000DB
:10D880006C8AFF1FF1B582B002986E4C850020684B
:10D890004059017800297BD141788768066A0629BA
:10D8A00007D0CA1F1300F2F72FFC050A4B555F186B
:10D8B00077007969CA0706D0327BD20703D0806E21
:10D8C000002813D01AE0880702D5307B800741D4A6
:10D8D000480769D5307B400766D5F9F753F801460C
:10D8E00020684059C088FFF7E3FD5DE01C20F2F797
:10D8F000BBFD216800284959886657D0206810224E
:10D9000040590021866E3046F2F718FD0298FFF765
:10D91000A5FB01463046FFF74FFCF2F707FF3082C8
:10D92000304608211230FFF747FC0298FFF796FBBC
:10D93000B076206831464059C088FFF77BFD35E05E
:10D94000816E002934D00A461232098AC088FFF756
:10D9500099FD2DE0F9F710F821684959CA88014668
:10D960001046FFF785FD41E001200190F8F7FEFF2A
:10D97000009001280DD0002000900198F8F7E8FFF2
:10D980000246206800994059C088FFF75DFD3CE0E1
:10D9900024E000200190F1E7072907D0082907D0EB
:10D9A000092923D00A2930D078690EE008201EE02A
:10D9B0007869810704D5317B890701D5092016E0F4
:10D9C000410724D401E00B2011E0C10523D5B18922
:10D9D000C90520D50C20216849594870FEBD400575
:10D9E00020D5B08940051DD51020F4E70A20216814
:10D9F0004959487020684059C088FCF76FFD0028DD
:10DA000012D0C08941080A1810E07869D8E7317B44
:10DA10004907DAD5D7E78105E1D5B1898905DED592
:10DA20000E20D8E71220D6E7FF22F53206490298E9
:10DA300008542068435902981B1D09180348F2F73F
:10DA40000FFEFEBD6C8AFF1F3EDAFF1FE5DC0211F0
:10DA5000F8B50446002000900E461020F2F704FDB1
:10DA60005749A5008A6800285359186252597AD03C
:10DA70000F46946810223146F2F776FBB868405999
:10DA80000178002962D1026A6069177B2146C307C9
:10DA9000FF071431DB0FFF0F0C32BB4204D1C30769
:10DAA00002D00123184301E04008400008601778C5
:10DAB0008307BF07DB0FFF0FBB4204D1830702D5EB
:10DAC0000223184301E002239843086017784307B4
:10DAD0007F07DB0FFF0FBB4204D1430702D50423AE
:10DAE000184301E00423984308601788C305FF0525
:10DAF000DB0FFF0FBB4205D1C30503D5FF23013365
:10DB0000184302E0FF230133984308601788830518
:10DB1000BF05DB0FFF0FBB4205D1830503D50123F2
:10DB20005B02184302E001235B02984308601288FD
:10DB300043055205D70F0122DB0F9202BB4203D1EE
:10DB4000430501D5104300E0904308607078002839
:10DB50000AD06078002807D019480521806840590C
:10DB60002030017127E028E03079400709D4A07CFB
:10DB7000400706D4124901208968495920310871AB
:10DB800019E00F48806842591078002802D02178A7
:10DB9000307801E020783178042901D8042801D9AF
:10DBA000182007E08300C018064BC018405C2032E4
:10DBB0001071002000900098F8BD1320FAE70000D3
:10DBC000648AFF1FC2F2021170B50C460A4606466F
:10DBD000054B022100F00AF8054621783046FFF790
:10DBE0005FFA284670BD00005FE10211FEB51646DF
:10DBF000054606226846028001811C460846F7F762
:10DC0000B3F8019000280ED001463046A04704002A
:10DC100005D169462846F7F78DF8040004D001982D
:10DC2000F2F788FC00E01324284600F033F8204681
:10DC3000FEBD000070B50D4681000D48806840585B
:10DC400000280FD08468002C0CD0207828706078D1
:10DC50006870A17C281D00F067F8207E287260693A
:10DC6000E86070BD102200212846F2F767FB70BD06
:10DC7000648AFF1F38B5064C049D6468002C05D0EB
:10DC8000A468002C02D00095A04738BD022038BD02
:10DC9000648AFF1FF8B504462020F5F74BFF0E4EAF
:10DCA00005463068A700C059002813D0002D11D0B8
:10DCB000C078FF2804D02946F2F7CCFC002809D010
:10DCC00006482A4604553168CB5901190448DB1C23
:10DCD000F2F7C6FCF8BD00006C8AFF1F84DAFF1F54
:10DCE0001FDD021110B50078FFF782FB10BD0000A8
:10DCF00070B5074C850020684059002806D0C078D0
:10DD0000F2F7B4FC2168FF204959C87070BD0000CB
:10DD10006C8AFF1F10B51721FFF7C2F910BD10B5AF
:10DD20000078FFF7F7FF10BD10B502688B07920867
:10DD300092009B0F1A434C0704230260002C01DA67
:10DD40001A4300E09A43F823C9089A43C9000A43DA
:10DD5000026010BDFFB587B017461020F2F784FBB4
:10DD600001901020F2F780FB0090019800287DD0F0
:10DD7000009800287BD0024601990798FAF7E2FF45
:10DD800004007ED11020F2F76FFB02901020F2F712
:10DD90006BFB0646029800286BD0002E7CD03846DC
:10DDA0000F30050902D038070CD000E00125002013
:10DDB0002901103900280898C9B205D04018324608
:10DDC00001991AE00120F3E7401884463A07120F40
:10DDD000002003A98023904202D267463F5C04E002
:10DDE000904201D10B5401E000270F54401CC0B2F7
:10DDF0001028F0D3324603A8009901F015F910223B
:10DE000000210298F2F79AFA00276D1E0FE03807FA
:10DE10000899000E091803AA029801F005F903A950
:10DE2000029A0798FFF738F97F1C04463FB2AF42C9
:10DE300002DA002CEBD011E0002C0FD103AA3146FE
:10DE4000029801F0F1F803A9029A0798FFF724F964
:10DE50000446082202990A98F2F786F902980028E7
:10DE600001D0F2F707FB002E08D004E01AE017E01B
:10DE700007E013E010E03046F2F7FCFA01980028C2
:10DE800002D00198F2F7F6FA0098002801D0F2F7D4
:10DE9000F1FA20460BB0F0BD1324E2E71324E2E7C9
:10DEA0001324EEE71324EFE770B58CB015460E4649
:10DEB0000446302200216846F2F740FA102221463B
:10DEC0006846F2F7B9FA07A8032231460130F2F7A3
:10DED000B3FA6846FFF7D8F804460BA90322284690
:10DEE0000131F2F7A9FA20460CB070BDFFB5254DFF
:10DEF00007468600A8688DB0805900281BD0C088CE
:10DF0000FCF7ECFA040019D005A93846FFF792FE99
:10DF1000A86880590178002912D005A90291006AE9
:10DF20000190F8F723FD00900020F8F711FD064658
:10DF3000A779E51D12E0122011B0F0BD1420FBE717
:10DF4000006A029005A80190F8F710FD074600202E
:10DF5000F8F7FEFC0546A079E61D009009A9019896
:10DF600000F063F90BA9029800F016F910980490DC
:10DF70000BAB09AA0297019603950F990E9800F032
:10DF800003F8D9E7648AFF1FFFB595B004461F4622
:10DF90003022002104A81E9E209DF2F7CFF9102206
:10DFA000214604A8F2F748FA102200216846F2F749
:10DFB000C5F9072268461799F2F73EFA01A8072229
:10DFC00039460330F2F738FA002D01D0012000E085
:10DFD000002069468873002E01D0012000E0002057
:10DFE000C8731022002110A8F2F7A8F9062211A880
:10DFF0001F99F2F721FA12A8062202302199F2F7AE
:10E000001BFA08A8102206461699F2F715FA694677
:10E01000304600F03AF804A8FFF736F804460CA999
:10E0200010220D463046F2F79FF810A9304600F056
:10E030002CF804A8FFF728F8044310222946229858
:10E04000F2F7FAF9204619B0F0BD70B50C468CB065
:10E05000164601461D4610226846F2F7EDF90822E1
:10E06000214604A8F2F7E8F90822314606A8F2F79B
:10E07000E3F96846FFF708F804461022284608A985
:10E08000F2F7DAF920460CB070BD10B50022037823
:10E090000C78521C63400370D2B2401C491C102AF9
:10E0A000F5D310BD10B500290BD0002809D00622E9
:10E0B0000A704B1C014610221846F2F755F8002052
:10E0C00010BD022010BD10B500290DD000280BD0C6
:10E0D00009220A704B1C01781970411C0622581C39
:10E0E000F2F742F8002010BD022010BD10B5002943
:10E0F0000BD0002809D008220A704B1C01461022C0
:10E100001846F2F731F8002010BD022010BD10B5FE
:10E110000346002910D0002B0ED007200870481CA1
:10E120001978017019880822090A4170991C801C0D
:10E13000F2F71AF8002010BD022010BD10B500291A
:10E140000BD0002809D003220A704B1C0146102274
:10E150001846F2F709F8002010BD022010BD002972
:10E1600007D0002805D005220A70007848700020EA
:10E1700070470220704710B500290BD0002809D045
:10E1800004220A704B1C014610221846F1F7ECFFDE
:10E19000002010BD022010BD0A4610B50146012026
:10E1A00000F001F810BD70B50C46002A3BD0002CE1
:10E1B00039D010702078507060789070D51C201D78
:10E1C000FEF740FF2870207A6870A089C005C00F54
:10E1D000A870A1898905C90F49000843A870A189C1
:10E1E0004905C90F89000843A870A1890904C90E0F
:10E1F000C9000843A870207BC007C00FE870217BCE
:10E200008907C90F49000843E870217B4907C90FF6
:10E2100089000843E870217B0906C90EC90008433C
:10E22000E870002070BD022070BD0A4610B501469E
:10E230000220FFF7B8FF10BD10B5002909D0002853
:10E2400007D00B220A704C1CFEF7FCFE2070002049
:10E2500010BD022010BD10B500290BD0002809D038
:10E260000A220A704B1C014610221846F1F77CFF67
:10E27000002010BD022010BDF8B5144C06468500E4
:10E2800020680F464059417807291DD1C06E0028EB
:10E2900007D11C20F2F7E8F8216800284959C86620
:10E2A00012D02068102240593946C06EF1F75CFF49
:10E2B0003046FEF7D3FE21684A59D26E907649590E
:10E2C000082048700020F8BD0720F8BD6C8AFF1FA9
:10E2D00070B5114C064685002068405942780A2ADC
:10E2E00001D0072070BD006F06221030491CF1F7E5
:10E2F0003BFF206840598168097D490706D5016ABE
:10E30000097B490702D50B21417002E03046FEF738
:10E310005BFE002070BD00006C8AFF1F70B5114CC1
:10E32000850020680E4640594178092901D0072010
:10E3300070BD006F002807D11620F2F795F821680C
:10E3400000284959086706D02068102240593146F4
:10E35000006FF1F709FF21680A2049594870002031
:10E3600070BD00006C8AFF1FF8B5344B0746458826
:10E370001868AE0080590024002804D0C788AF4236
:10E380000DD00820F8BD0B294ED11046FEF75AFEDD
:10E39000034679883878FA1DF9F762F844E01F4699
:10E3A0000378002B09D0891E0B00F1F7ADFE0A0897
:10E3B0000D1E3F24292E33383D440720F8BD114659
:10E3C000284600F0B5F814E011460024102245302C
:10E3D000F1F7CAFE2846FEF703FF002800D0082404
:10E3E000396805208959487026E01146284600F012
:10E3F0005BF8044620E011462846FFF73DFFF8E7AA
:10E400001146284600F01CF8F3E711462846FFF7AE
:10E4100085FFEEE711462846FFF75AFFE9E7114668
:10E42000284600F0FBF8E4E70020F8BD1178284604
:10E43000FEF736FE00E007242046F8BD6C8AFF1F79
:10E4400070B5184C8500226806465359D86E0028CE
:10E4500002D05B78082B01D0072070BD0B880382A7
:10E4600050590822C06E891C1230F1F77DFE2068D9
:10E47000415988684069820705D50A6A127B92076C
:10E4800001D5092006E0400706D5086A007B400751
:10E4900002D50B20487002E03046FEF795FD0020C3
:10E4A00070BD00006C8AFF1FF0B5204C0746850048
:10E4B000206889B04059002610225530F1F754FEEB
:10E4C000206801AB415938460A4655320C31FFF7F6
:10E4D0000DFD20681022415901A84531F1F78CFE4D
:10E4E000012803D00426304609B0F0BD206805ABF2
:10E4F000405902460146353255310C30FFF7A5FD33
:10E5000000280DD13846FEF7A9FD009020680023B1
:10E5100040591A46C08805A9F7F71AFA002800D012
:10E5200008262168062049594870DCE76C8AFF1FDD
:10E53000F3B581B000260198FFF78AFA002802D0CF
:10E54000182867D063E0344C019821688500485949
:10E550008268927CD20709D0026A12799207920FE0
:10E56000012A03D1027F01231A430277485924214B
:10E57000095C0427022908D0032906D0042904D005
:10E58000012915D0052913D042E004290ED0022913
:10E590000CD00221C088F8F7C5FA206841590A7FDB
:10E5A0003A430A7740590321417031E00121F1E7F4
:10E5B0000221417020681022405900210C30F1F7EF
:10E5C000BDFE206824214059095C01290AD08168D8
:10E5D00010220C30891CF1F7C7FD20684059017FDB
:10E5E000394301772068102140593530FEF7E4FDAA
:10E5F0002068415901980B460A46253335320C31C3
:10E60000FFF774FC0198FEF79DFD002800D0082656
:10E610003046FEBD0326FBE76C8AFF1FF8B5144C9D
:10E620000646850020680F46405900281ED0406FDE
:10E63000002807D11420F1F717FF21680028495955
:10E64000486711D02068102240593946406FF1F7D1
:10E650008BFD216800204959C043496F086130464D
:10E66000FEF7B2FC0020F8BD0820F8BD0720F8BD79
:10E670006C8AFF1F10B50B46002808D0002B06D06F
:10E68000411C10221846F1F76FFD002010BD02203A
:10E6900010BD10B50B4600280AD0002B08D04178D9
:10E6A0001970811C0622581CF1F75EFD002010BD78
:10E6B000022010BD10B50B46002808D0002B06D054
:10E6C000411C10221846F1F74FFD002010BD02201A
:10E6D00010BD10B50B4600280DD0002B0BD0827852
:10E6E0004178120289181980C11C0822981CF1F780
:10E6F0003BFD002010BD022010BD10B50B460028C8
:10E7000008D0002B06D0411C10221846F1F72CFD32
:10E71000002010BD022010BD002809D0002907D01C
:10E7200040780870092805D8002803D000207047D9
:10E73000022070471820704710B50B46002808D0FB
:10E74000002B06D0411C10221846F1F70DFD0020C9
:10E7500010BD022010BD000070B50C4600281DD071
:10E76000002C1BD04178217081786170C178051D23
:10E77000201DFFF7D9FA287820726978FF22E06817
:10E7800001329043CA07D20D104301228B07520277
:10E79000AD1CE060002B03DA104302E0022070BDE4
:10E7A0009043214AE0604B0701D5104300E09043BD
:10E7B0001F22D202C9089043C9020843E0602978A9
:10E7C0004008CA074000D20F10438B070222E060C6
:10E7D000002B01DA104300E090434B070422E06075
:10E7E000002B01DA104300E09043F822C90890435F
:10E7F000C9000843E0602120F5F79CF9217A88429E
:10E8000005D82220F5F796F9217A884201D2122004
:10E8100070BD2078042802D86078012801D918201A
:10E8200070BD002070BD00000004000010B50A4655
:10E83000002807D0002A05D041781046FFF774FA67
:10E84000002010BD022010BD10B50B46002808D0D6
:10E85000002B06D0411C10221846F1F785FC002041
:10E8600010BD022010BD000070B515460E460724ED
:10E87000FBF734FE002807D042790D49002A05D065
:10E88000012A09D0052070BD082070BD094A127800
:10E8900012070BD5496800E00968002906D00B680B
:10E8A000002B03D02A46314698470446204670BDC7
:10E8B000648AFF1F6589FF1FF8B5144C0646850062
:10E8C00020680F46405941780C291DD1C06E0028A0
:10E8D00007D11C20F1F7C8FD216800284959C866F6
:10E8E00012D02068102240593946C06EF1F73CFC26
:10E8F0003046FEF7B3FB21684A59D26E90764959EB
:10E900000D2048700020F8BD0720F8BD6C8AFF1F5D
:10E9100070B5114C064685002068405942780F2A90
:10E9200001D0072070BD006F06221030491CF1F79E
:10E930001BFC206840598168898A490506D5016A0F
:10E940008989490502D51021417003E00021304634
:10E95000FEF7A6FB002070BD6C8AFF1F70B5114C3E
:10E96000850020680E46405941780E2901D00720C5
:10E9700070BD006F002807D11620F1F775FD2168E2
:10E9800000284959086706D02068102240593146AE
:10E99000006FF1F7E9FB21680F204959487000200A
:10E9A00070BD00006C8AFF1FFEB505462B4B4088EA
:10E9B0001B6886009B590024002B04D0DD8885420B
:10E9C00014D00820FEBD01290ED11446101DFEF7FB
:10E9D00039FBE1680291217A0090019163782278F5
:10E9E00069880020F8F700FD0020FEBD1B78012B90
:10E9F00009D00B00F1F788FB0B2E092E0D122A16F9
:10EA00001A1E22262E000720FEBD114600F0B4F883
:10EA100002E0114600F058F804461CE0114600F0F0
:10EA20007BF8F9E71146FFF747FFF5E7114600F0DD
:10EA300017F8F1E71146FFF791FFEDE71146FFF7F1
:10EA400067FFE9E7114600F0F9F8E5E71178FEF70E
:10EA500027FB00E007242046FEBD00006C8AFF1F54
:10EA600070B5184C8500226806465359D86E0028A8
:10EA700002D05B780D2B01D0072070BD0B8803827C
:10EA800050590822C06E891C1230F1F76DFB2068C6
:10EA9000415988684069820505D50A6A92899205BC
:10EAA00001D50E2006E0400506D5086A808940059C
:10EAB00002D51020487003E000213046FEF7F0FA3E
:10EAC000002070BD6C8AFF1FF8B5124C0746850008
:10EAD00020680026405910224530F1F745FB206898
:10EAE00041594878042813D00B460A46253335325D
:10EAF00038460C31FFF7FAF93846FEF723FB0028B9
:10EB000000D0082621680520495948703046F8BDD4
:10EB10000320FAE76C8AFF1FF0B5164C0746850004
:10EB2000206885B04059002610225530F1F71CFBB3
:10EB300020686B46415938460A4655320C31FFF77A
:10EB4000D5F920681022415968464531F1F754FB48
:10EB5000012803D00426304605B0F0BD3846FEF744
:10EB60003FFB002801D00826F5E721680620495917
:10EB70004870F0E76C8AFF1FF8B504460026FEF7E0
:10EB800067FF002804D0182853D008263046F8BD67
:10EB90002046FEF7EFFAA500274C21684859826805
:10EBA000927CD20709D0026A12799207920F012A49
:10EBB00003D1027F01231A43027748592421095CBB
:10EBC0000427022921D003291FD004291DD001299F
:10EBD00001D00529DAD10221417020682421405951
:10EBE000095C01291FD0816810220C30891CF1F7C3
:10EBF000BBFA20684059017F394301772068102112
:10EC000040593530FEF7D8FAC0E7022900D001217B
:10EC1000C088F7F787FF206841590A7F3A430A778F
:10EC200040594770B2E7102200210C30F1F786FB03
:10EC3000E4E70326AAE700006C8AFF1FF8B5154C2D
:10EC40000646850020680F46405900281FD0406FB7
:10EC5000002807D11420F1F707FC21680028495942
:10EC6000486712D02068102240593946406FF1F7AA
:10EC70007BFA216800204959C043496F086100218F
:10EC80003046FEF70DFA0020F8BD0820F8BD072039
:10EC9000F8BD00006C8AFF1F78B5174B012800D122
:10ECA000164B0025164C009504E00098461C009673
:10ECB000A0421ADCD86FC007F7D10AE00098461CC2
:10ECC0000096A04211DC187D8006F7D508781870F0
:10ECD000491C1046521E92B200280095F3D106E05E
:10ECE0000098411C0091A04201DD0D2078BD187DE7
:10ECF0004006F5D5002078BD00400040009000405F
:10ED0000A0860100F7B507462A49400144182A4D5C
:10ED1000241D1646002A10D0019800280DD0217815
:10ED2000002908D0E088B04205D3012916D0A18877
:10ED30008919814203D90320FEBD0620FEBDF1F7EB
:10ED4000C5F9A188A068324640180199F1F7ACF9DD
:10ED5000A0888019A080F1F7C5F927E0A068019983
:10ED6000F1F7A2F9A6800020608002202070A1683F
:10ED7000102E00D91026012F00D1104D6A680220F4
:10ED800082436A6004E06088421C6280085C2870EC
:10ED90003046761EB6B20028F5D1002F08D01920D3
:10EDA000F1F7D0FC68680221084368600020FEBDCE
:10EDB0000820F5E7A8C6FF1F004000400090004073
:10EDC00070B5054608260B201949012D02D11926D8
:10EDD00018491120002807DB0122824016480260F2
:10EDE000BFF34F8FBFF36F8F8020087300240C7127
:10EDF0000C700C730C724C603046F1F7A9FC304675
:10EE0000F1F7ACFC002D0ED00C4844600C486901B1
:10EE10000C18207C0021FAF7ADFC607C0021FAF789
:10EE2000A9FC002070BD05484038C462EEE7000030
:10EE3000004000400090004080E100E0C003FF1F60
:10EE4000A8C6FF1FF0B585B00746F1F78DFC03900B
:10EE5000082002900420019005200090594C0B26B8
:10EE60003846FFF7ADFF012F07D119200290082087
:10EE700011260190544C09200090544879010D1836
:10EE8000287CFF2802D1687CFF282FD010350298FB
:10EE9000F1F770FC0298F1F75BFC01211220FAF700
:10EEA0002DFD01211220FAF729FD12200199FAF710
:10EEB00071FC12200099FAF76DFC00202073039872
:10EEC000696800114A088018F1F7ACF80021216147
:10EED00080212173010A21712070E87A002852D024
:10EEE00038493B488C4204D1007803E0062005B045
:10EEF000F0BD4078002801D01B2000E00B202073DB
:10EF0000287A002800D08720207201206060287AAB
:10EF1000002803D06068802108436060A87A002838
:10EF200003D0606802210843606028780121FAF765
:10EF3000E5FC68780121FAF7E1FC28780199FAF7F5
:10EF400029FC68780099FAF725FC00211220FAF7CD
:10EF500011FC03211220FAF7D1FC002F15D01E4915
:10EF60001C484860FF22002E14DBB1081B488900B2
:10EF700008180368B107C90E8A40934380228A406B
:10EF80001343036016E00320B9E7134914484039DE
:10EF9000C862E7E73007000F083881081148890088
:10EFA0000818C369B107C90E8A40934380228A407A
:10EFB0001343C361002E03DB01200B49B0400860FE
:10EFC000002094E70040004000900040A8C6FF1FCA
:10EFD0004A86FF1F81900211C003FF1F00E400E07A
:10EFE0003D90021100ED00E000E100E010B50020CE
:10EFF000FFF728FF10BD10B50120FFF723FF10BD5C
:10F0000010B5034804210078F1F790F810BD000016
:10F01000C888FF1F10B503480A2204210078F1F7C1
:10F020008BF810BDC888FF1F30B50023C45CCD5CD1
:10F030006C40D4545B1CDBB2102BF7D330BD000006
:10F040003B00010802000300050206020703080353
:10F0500009030A000C030D03030000000000000078
:10F06000000000000001020307090A0B0E0F101137
:10F0700012141718191A1B1F202122000201000563
:10F0800004000807000B0A001716001D1C010201EE
:10F09000010504010E0D01111001141301171601D1
:10F0A0001A19020201020B0A020E0D0211100214BB
:10F0B00013021716030504030807030B0A030E0DBA
:10F0C0000506FFFF00C20100010000000000000073
:10F0D0000200000088F20211DD8D0211F98E02118A
:10F0E00000000000020000008AF20211000000008F
:10F0F000C98A0211000000004D756C7469526F6C72
:10F10000655F5365747570474150004D756C746947
:10F110005F7065726970686572616C557064617466
:10F1200065506172616D004D756C7469526F6C65EC
:10F130005F5065726970686572616C737461727436
:10F14000436F6E6E557064617465004D756C7469C3
:10F15000526F6C655F48616E646C65506172616D81
:10F160005570646174654E6F5375636365737300A6
:10F170007A696B6C615700800010000000900000FD
:10F180007A696B6C615700800010000001900000EC
:10F190007A696B6C615700800010000002900000DB
:10F1A0001000000070F1021135B302117DB302119D
:10F1B00000000000B9B9021189BF02118DBD021112
:10F1C00035BB0211BDB90211ADC002117878787853
:10F1D000787800000000000000000000000000003F
:10F1E000006D756C7469436F6E6669674C696E6B10
:10F1F0005F73746174757300000001CC01D8001452
:10F2000001F0003C002801E401A0006C007801B48A
:10F210000050019C01880044FB349B5F800000800B
:10F220000010000000000000DB280211B579021177
:10F230006F290211697A021127290211D579021169
:10F24000AF2A0211BD7E0211692B0211317F02111A
:10F25000552A0211317F0211252B0211E97E02117C
:10F26000AF2A0211057D0211812B02112D8102119D
:10F2700000000000000000001D2A02112D81021173
:10F2800009290211D179021100180118002801285A
:10F290000228032800290129022903290429052914
:10F2A000002A012A022A032A042A052A06290729F4
:10F2B000082900000000000000000000000000001D
:10F2C000008701010201020101020102030304019E
:10F2D0000301010101010303020103003031323354
:10F2E0003435363738394142434445464748494A20
:10F2F0004B4C4D4E4F505152535455565758595AE6
:10F30000000000003031323334353637383961622D
:10F31000636465666768696A6B6C6D6E6F70717245
:0CF32000737475767778797A000000002D
:020000041FFFDC
:1000000000000000D179FF1F1486FF1F3C86FF1FF0
:100010005088FF1F000000000000000000000000EA
:1000200000000000000000000000000000000000D0
:1000300000000000000000000000000000000000C0
:1000400000000000000000000000000000000000B0
:1000500000000000000000000000000000000000A0
:100060000000000000000000000000000000000090
:100070000000000000000000000000000000000080
:100080000000000000000000000000000000000070
:100090000000000000000000000000000000000060
:1000A0000000000000000000000000000000000050
:1000B0000000000000000000000000000000000040
:1000C0000000000000000000000000000000000030
:1000D0000000000000000000000000000000000020
:1000E0000000000000000000000000000000000010
:1000F0000000000000000000000000000000000000
:1001000000000000000000000000000000000000EF
:1001100000000000000000000000000000000000DF
:1001200000000000000000000000000000000000CF
:1001300000000000000000000000000000000000BF
:1001400000000000000000000000000000000000AF
:10015000000000000000000000000000000000009F
:10016000000000000000000000000000000000008F
:10017000000000000000000000000000000000007F
:10018000000000000000000000000000000000006F
:10019000F142FF1F5D43FF1FAD7FFF1F0000000006
:1001A000000000000000000000000000000000004F
:1001B000000000000000000000000000000000003F
:1001C000000000000000000000000000000000002F
:1001D000000000000000000000000000000000001F
:1001E000000000000000000000000000000000000F
:1001F00000000000000000000000000000000000FF
:1002000000000000000000000000000000000000EE
:1002100000000000000000000000000000000000DE
:1002200000000000000000000000000000000000CE
:1002300000000000000000000000000000000000BE
:1002400000000000000000000000000000000000AE
:10025000000000000000000000000000000000009E
:10026000000000000000000000000000000000008E
:10027000000000000000000000000000000000007E
:10028000000000000000000000000000000000006E
:10029000000000000000000000000000000000005E
:1002A000000000000000000000000000000000004E
:1002B000000000000000000000000000000000003E
:1002C000000000000000000000000000000000002E
:1002D000000000000000000000000000000000001E
:1002E000000000000000000000000000000000000E
:1002F00000000000000000000000000000000000FE
:1003000000000000000000000000000000000000ED
:1003100000000000000000000000000000000000DD
:1003200000000000000000000000000000000000CD
:1003300000000000000000000000000000000000BD
:1003400000000000000000000000000000000000AD
:10035000000000000000000000000000000000009D
:10036000000000000000000000000000000000008D
:100370000D19FF1F00000000000000000000000039
:10038000000000000000000000000000000000006D
:10039000000000000000000000000000000000005D
:1003A0000000000000000000000000003D9002116D
:1003B000000000000000000000000000000000003D
:1003C000000000000000000000000000000000002D
:1003D000000000000000000000000000000000001D
:1003E000000000000000000000000000000000000D
:1003F00000000000000000000000000000000000FD
:0C04000001FF01FF01FF01FF41000000AF
:020000041FFFDC
:1018380098E2FF1F4519FF1F81840000F12800006E
:101848000000000000000000000000000000000090
:101858000000000000000000000000005119FF1FF8
:101868000000000000000000CD8400005519FF1F93
:101878005719FF1F5719FF1F5719FF1F5719FF1F28
:101888005719FF1F5719FF1F5719FF1F5719FF1F18
:101898005719FF1F5719FF1F5719FF1F5719FF1F08
:1018A8005719FF1F5719FF1F5719FF1F5719FF1FF8
:1018B8005719FF1F5719FF1F5719FF1F5719FF1FE8
:1018C8000000000000000000000000000000000010
:1018D8000000000000000000000000000000000000
:1018E8005719FF1F000000005719FF1F5719FF1F46
:1018F8000348854600F00AFA004800478177FF1F31
:1019080098E2FF1F0A484838694601600430F0C071
:1019180044464D4656465F46F0C030BCF0BCF0C069
:10192800F0BCF0C044380349034A95460847000014
:101938000008FF1F9533FF1F3018FF1F044880471A
:1019480004480047FEE7FEE7FEE7FEE7FEE7FEE79E
:10195800B131FF1FF918FF1FF0B507460846584078
:1019680087B0C00F049048000E4659004008490847
:10197800BC1A884105D2384631461E4617460B46E2
:1019880002465800400810434CD0300D03904005E3
:101998005900400D490D0590401A0290402872DA0E
:1019A80018030121000B09050843019004980092CF
:1019B800002805D0019952420020884100920190E8
:1019C800029840210A1A0199009800F00BF905467F
:1019D8000C466B4607CB00F026F9C0197141039AF3
:1019E8000E0D0023D71756401A467A40164344D0A6
:1019F800049A002A2DD0029A012A039A15DC1205AE
:101A0800C01A914101263605001C7141D20F059E6E
:101A1800D2070093019202962A46234600F023F942
:101A280007B0F0BD38463146FAE71605224A0F4698
:101A3800B218C01AB74101210905001C4F4100180E
:101A48007F41114618187941E20F10436D1964411E
:101A580013E0E2076D0815436408C2071443039AAC
:101A680001261205C01A91413605001C7141CE07A6
:101A7800400830434908C01851412A46234600F01F
:101A8800E5F8CDE7FFE7049801224000C117121AD4
:101A980000238B4104983146C417381AA141EEE758
:101AA80030B40124E407634030BC55E730B4012466
:101AB800E407614030BC4FE70000E0FFF0B51FB419
:101AC80088B00B990998002448400999C00F49002B
:101AD80049080991C0070B990090490049080B91E2
:101AE80009990898A64608431CD00B990A980843F8
:101AF80018D0099801244000420D4800410D09986A
:101B080024050003000B204309900B980003000BE9
:101B180020430B9050181C4940180022019014468D
:101B2800104605E0002001460DB0F0BD032801DA9B
:101B3800034600E003239C46C11A0AAE0AE05F0090
:101B480008ADED5B4F00F75B7D430027AA187C4189
:101B5800491C5B1E6145F2DD410004AB5A52210469
:101B6800120C0A43240C401C0828DFDB0198029061
:101B78000099704601910090059B049A0799069870
:101B880000F071F8D0E700000DFCFFFF0EB5054925
:101B98000291002100910A460B46019100F063F87A
:101BA80003B000BD330400004A0009030123090BF8
:101BB8001B051943094B10B5520D9A4201DA002052
:101BC80010BD064B34339A4203DC9A1A00F01AF817
:101BD80010BD03495118884010BD0000FF030000E4
:101BE800CDFBFFFF10B5202A04DB0146203A9140C7
:101BF800002010BD914020239C1A0346E34019435E
:101C0800904010BD10B5202A04DB0846203AD04089
:101C1800002110BD0B46D340D0402024A21A914089
:101C28000843194610BD10B5202A06DBCB17084615
:101C3800203A1041C1170B4306E00B461341D04030
:101C48002024A21A91400843194610BD10B5002B54
:101C580008DA0024401C614192185B411A4301D103
:101C68004008400010BDF0B51FB482B005460C0016
:101C780003D0084601F0A0FA02E001F09DFA2030F6
:101C88000246009021462846FFF7ACFF049B059AC0
:101C980004460F4618431143084314D0184610430E
:101CA8001BD0009840210A1A18460599FFF7AAFF89
:101CB80005460E46009A05990498FFF793FF0843D6
:101CC80005D0012004E02046394607B0F0BD0020C9
:101CD800C11705430E432C43374300990E986305FB
:101CE800401A7905E40A00220C43FD0A0A3002D59D
:101CF80000200146E9E70105101969410C9C0D9D7A
:101D080000196941FFF7A2FFDFE70000064C012533
:101D1800064E05E0E36807CC2B430C3C984710348B
:101D2800B442F7D3FFF7E8FDC485FF1F1486FF1FF1
:101D380070B58C180578401C6B075B0F01D10378D0
:101D4800401C2A1106D10278401C03E006780E7068
:101D5800401C491C5B1EF9D12B0705D40023521ED9
:101D68000DD40B70491CFAE70378401CCB1A921C5F
:101D780003E01D780D70491C5B1C521EF9D5A14269
:101D8800D8D3002070BD000003B40148019001BD04
:101D980075A9000003B40148019001BDF9A600002F
:101DA80003B40148019001BDA1AF000003B401488C
:101DB800019001BD9DA9000003B40148019001BD37
:101DC8008B52010003B40148019001BD7D990211B5
:101DD80003B40148019001BD0D52010003B401484C
:101DE800019001BD01F0021103B40148019001BD49
:101DF80015F0021103B40148019001BDE94C01003E
:101E080003B40148019001BDE19A021103B40148ED
:101E1800019001BD090E000003B40148019001BD05
:101E2800E927000003B40148019001BD112B00000F
:101E380003B40148019001BDDD3F000003B401482F
:101E4800019001BD8944000003B40148019001BD1F
:101E58002144000003B40148019001BD750F000042
:101E680003B40148019001BDC95C010003B40148F5
:101E7800019001BD1907010003B40148019001BD9B
:101E8800BD0B010003B40148019001BDDD0C010048
:101E980003B40148019001BDDD0A010003B4014803
:101EA800019001BD0134010003B40148019001BD56
:101EB8000934010003B40148019001BD0534010053
:101EC80003B40148019001BDF535010003B4014890
:101ED800019001BDF935010003B40148019001BD2D
:101EE800E917010003B40148019001BD6137010001
:101EF80003B40148019001BD01D7000003B40148B3
:101F0800019001BD6DF6000003B40148019001BDC8
:101F18007912010003B40148019001BD4DF9000098
:101F280003B40148019001BDC1F7000003B40148A2
:101F3800019001BD413F000003B40148019001BD7B
:101F4800095A000003B40148019001BD0966000068
:101F580003B40148019001BD8D82000003B401481B
:101F6800019001BDEDD6000003B40148019001BD08
:101F78008914010003B40148019001BDB1100100AA
:101F880003B40148019001BDE910010003B4014800
:101F9800019001BD9D6B010003B40148019001BD92
:101FA800516B010003B40148019001BD5D6B010054
:101FB80003B40148019001BDC96C010003B4014894
:101FC800019001BDED6B010003B40148019001BD12
:101FD8008512010003B40148019001BD8D11010073
:101FE80003B40148019001BD4514010003B4014840
:101FF800019001BD8111010003B40148019001BDA8
:10200800F90D010003B40148019001BD0108010068
:1020180003B40148019001BDED0A010003B4014871
:10202800019001BDF90C010003B40148019001BD04
:10203800E1AC000003B40148019001BD79B3000090
:1020480003B40148019001BDE53A010003B4014819
:10205800019001BD156B010003B40148019001BD59
:10206800496D010003B40148019001BD3D710100B3
:1020780003B40148019001BD0189000003B401487F
:10208800019001BDB54C010003B40148019001BDA8
:10209800790D021103B40148019001BD594A02119A
:1020A80003B40148019001BD016C010003B401486B
:1020B800019001BDBD5C010003B40148019001BD60
:1020C800D1AE000003B40148019001BDC53F000036
:1020D80003B40148019001BDCD4C010003B401488F
:1020E800019001BDA96F010003B40148019001BD31
:1020F8004D74010003B40148019001BD810E000038
:1021080003B40148019001BDFD98021103B40148D0
:10211800019001BDB30E000003B40148019001BD58
:1021280021A9000003B40148019001BDADAE000033
:1021380003B40148019001BDC56D010003B4014815
:10214800019001BD0972010003B40148019001BD6D
:102158005944000003B40148019001BDB9C0000012
:1021680003B40148019001BD39B8000003B4014827
:10217800019001BD31B0000003B40148019001BDD8
:1021880085CA000003B40148019001BDB9C500002B
:1021980003B40148019001BDD1D4000003B4014843
:1021A800019001BD39ED000003B40148019001BD63
:1021B8007137010003B40148019001BDE9C1000075
:1021C80003B40148019001BD53B9000003B40148AC
:1021D800019001BD49CC000003B40148019001BD44
:1021E800E9D4000003B40148019001BD79D500008D
:1021F80003B40148019001BDF9ED000003B40148A2
:10220800019001BDBDF4000003B40148019001BD77
:10221800EDB6000003B40148019001BDA51201000C
:1022280003B40148019001BD6142000003B40148B4
:10223800019001BDADFF000003B40148019001BD4C
:102248005DB0000003B40148019001BDE1B0000099
:1022580003B40148019001BD810E000003B4014898
:10226800019001BD8576010003B40148019001BDCC
:1022780061B5000003B40148019001BD2D6C010057
:1022880003B40148019001BD6D0B010003B401487E
:10229800019001BDC115010003B40148019001BDC1
:1022A800CD0C010003B40148019001BD71B00000DC
:1022B80003B40148019001BDD9B0000003B401483E
:1022C800019001BD5976010003B40148019001BD98
:1022D800B9B0000003B40148019001BD1DB0000071
:1022E80003B40148019001BD250C010003B4014865
:1022F800019001BDAD0F010003B40148019001BD7B
:102308003D4B010003B40148019001BD5520021165
:1023180003B40148019001BDF920021103B401483A
:10232800019001BD1121021103B40148019001BDC2
:10233800110C010003B40148019001BDC71601004A
:1023480003B40148019001BDCD09010003B401485F
:10235800019001BD4916010003B40148019001BD77
:10236800F113010003B40148019001BDC913010034
:1023780003B40148019001BDDD13010003B4014815
:10238800019001BD6189000003B40148019001BDBD
:102398008F02010003B40148019001BDCD02010084
:1023A80003B40148019001BDB912010003B401480A
:1023B800019001BD093F010003B40148019001BD2E
:1023C80061D5000003B40148019001BDF97F000008
:1023D80003B40148019001BDA5F4000003B401480D
:1023E800019001BD6D0E010003B40148019001BDCB
:1023F8006D40010003B40148019001BDCD360100D4
:1024080003B40148019001BD3107010003B401483C
:10241800019001BD0D34010003B40148019001BDD4
:10242800ED34010003B40148019001BD8937010072
:1024380003B40148019001BDC9A9000003B40148D3
:10244800019001BDA321021103B40148019001BD0F
:10245800815C021103B40148019001BDD9970211B2
:1024680003B40148019001BDC590021103B40148AD
:10247800019001BDC992021103B40148019001BD48
:10248800D190021103B40148019001BDED20021161
:1024980003B40148019001BD655C021103B4014811
:1024A800019001BD3D5B021103B40148019001BDDB
:1024B800213F010003B40148019001BD854001009E
:1024C80003B40148019001BD154D010003B4014852
:1024D800019001BDB14E000003B40148019001BD57
:1024E8003D18000003B40148019001BD21460100D8
:1024F80003B40148019001BDB14B021103B4014876
:10250800019001BDC957021103B40148019001BDF2
:102518004D3B021103B40148019001BD114702115E
:1025280003B40148019001BD1140021103B40148F0
:10253800019001BD5934021103B40148019001BD55
:1025480035B7021103B40148019001BDD94F01000C
:1025580003B40148019001BD2D11010003B40148E5
:10256800019001BDD544010003B40148019001BDAB
:102578007997000003B40148019001BD855201001C
:1025880003B40148019001BD6911010003B4014879
:10259800019001BDE512010070B5344A88B00128E8
:1025A80000D1334A4301334803AD1C18207E00286C
:1025B8000AD084208058C3B2002002E016782E5436
:1025C800401C9842FADB04E0107D012310786A462B
:1025D8001073E269002A04D06846017001950372FD
:1025E800904708B070BDFEB50446224A40018318E2
:1025F800105C191D1D4D002828D0187E002825D0F4
:10260800987E002822D0087802281FD188884A8816
:102618008E68801A82B2102A00D91022002A02D0AD
:10262800012C16D01CE0012008700020488088800A
:10263800D969002905D010486D460DC80DC56846F2
:102648008847002C03D0192001F050FEFEBD082059
:10265800FAE7074D04E04888431C4B80305C28703B
:102668001046521E92B20028F5D1FEBD004000402F
:1026780000900040A8C6FF1F58F002110446FFF75B
:1026880083FB0A49CA6940208243CA612046FFF792
:1026980081FB01F09BFD05480021C0304160042109
:1026A80001600120FFF77CFBFEE7000000F000401E
:1026B80010B5FFF769FB0D4804680C4A41178032D2
:1026C80011600B490160002003F07CF9FFF76EFBF5
:1026D800204610BD10B50446FFF756FB03480460BA
:1026E800012003F06FF9FFF761FB10BD00E100E086
:1026F8001000100038B5274C2078072847D82648FE
:102708000278012125480904002AC26B40D08A4377
:10271800C263252001F0A6FB214920220868104346
:1027280008605106086804254007002808DB086887
:102738002843086014200346401EC0B2002BFAD17B
:10274800C868400708D4C8682843C86014200346EE
:10275800401EC0B2002BFAD1C8689043C86014204C
:102768000346401EC0B2002BFAD1C8681043C860A7
:1027780014200146401EC0B20029FAD10948017D43
:102788000091217841601D2101707621C16038BD1A
:102798000A43BDE77B86FF1F4086FF1F00F000400D
:1027A8005886FF1F00200040052803D15E480168B5
:1027B800491C01607047F8B5052821D15B4CA07908
:1027C80001281DD12646203E30690025401C306175
:1027D80061790127002914D0012923D002290FD1BA
:1027E800C8280DD1657135612079401CC0B22071AF
:1027F800312805D94E480A2208210078FFF7DCFA6B
:10280800F8BD01282CD0052828D05F28F8D101214F
:102818000420FFF7D7FA35616771F8BD0420FFF788
:10282800D1FAF8BDF17F18291CD21723591AF2687A
:102838008F403A420ED0012812D008280ED00C281A
:10284800EFD101210420FFF7BDFAF07F401CF0779B
:102858003561F8BD012803D00428F0D10021DDE757
:102868000121DBE7022060713561F577F6E770B585
:10287800304D04462E460078C035C736A979012860
:1028880009D0022807D0032804D12B480221007858
:10289800FFF79EFA70BD207A08186028FAD2FFF771
:1028A8009DFAFFF7A1FAA879227A80196168FFF7E3
:1028B800A1FAA879217A4018A87170BD10B5082826
:1028C8000BD1002909D100221146FFF799FA1B48BC
:1028D800142202210078FFF76FFA10BDF8B504281A
:1028E80014D1174D002768780F4E401CAC1CC0B29D
:1028F80000290CD0C821FFF789FA697030684900AF
:102908004919C0318881687807553760F8BDC821F2
:10291800FFF77CFA6970306849004919C03188812D
:10292800697801200855F0E7C488FF1F9488FF1FC5
:10293800BB88FF1FCFD4FF1FC888FF1FA088FF1FB9
:1029480040D2FF1F10B5FFF767FA022805D0072805
:1029580005D0122800D1022010BD142010BD224934
:1029680004200A6B521C0A6310BDF8B500260C46F9
:102978000D46074640341FE0607CC1004A19536881
:102988006A5C002801D0012100E000213846FFF7E9
:10299800D9FF002802D001212176F8BD607CC00053
:1029A80040194660607C401C6074207C401E207486
:1029B8000D48016A491C0162207C0028DCD166743C
:1029C8002676F8BD10B5094A5C21926841438918FA
:1029D8005822525C012A05D1FFF7C7FF0248816AD5
:1029E800491C816210BD000050DAFF1F548AFF1F86
:1029F80030B500230FE05C080C5DDD0702D024072A
:102A0800240F00E024090A2C01D2303400E03734C6
:102A1800C4545B1CDBB29342EDD330BDFEB50A4C07
:102A28008446E5682078FF358135AD6D089F099E9D
:102A3800854207D9604600970196FFF7F3F9207899
:102A4800401C2070FEBD0000D088FF1F70B5012417
:102A5800A407A36810252B43A360FFF7E9F9A06832
:102A6800A843A06070BD0000FFB50646012080079E
:102A7800816881B01D46102211438160554F0020A6
:102A880038603046D730FFF7D9F99D2080003446AA
:102A98008059FF36CA3401360028306822462CD0C7
:102AA8000121FFF7D1F94B4F2078F863641C2046C9
:102AB800FFF7D0F900BA000AE17800020843B863CA
:102AC800241D2046FFF7C6F900BA000AE178000283
:102AD80008437863241D2046FFF7BCF900BA000AB2
:102AE800E17800020843386303980299000208431A
:102AF800F860039F00243F1D0EE00021D1E728194C
:102B0800401CFFF7A7F90102285D0143324820184D
:102B18000160241DA4B23F1F042FF0DA032F04D054
:102B2800022F08D0012F0CD011E02819FFF792F9D5
:102B38000102090A06E0291948780A7801021143B6
:102B480000E0295D244820180160241DA4B200215A
:102B5800214F02E0E0190160241DFF2CFADD1D4819
:102B68001E4A42600F220261012202604269002A65
:102B7800FCD04269930701D4520708D4012080078A
:102B8800826810218A438260002005B0F0BD016090
:102B98000020039A11E0C11909682954401C80B229
:102BA8000B0A2B54401C0B0C80B22B54401C80B2D7
:102BB800090E2954401C80B2121F002AEBDC306831
:102BC800401C306001208007826810218A4382609F
:102BD8000120DAE70000044000010440080F00006B
:102BE800FFB5054601208007816881B01E46102286
:102BF80011438160504F002038602846D730FFF7D6
:102C08001DF99D2080002C464059CA348035002883
:102C1800E86F22462BD00021FFF716F9464F20789F
:102C2800F863641C2046FFF715F900BA000AE1783A
:102C380000020843B863241D2046FFF70BF900BAC9
:102C4800000AE178000208437863241D2046FFF754
:102C580001F900BA000AE1780002084338630398D2
:102C6800029900020843F8600024039F0EE0012146
:102C7800D2E73019401CFFF7EDF80102305D01433F
:102C88002E4820180160241DA4B23F1F042FF0DA3B
:102C9800032F04D0022F08D0012F0FD014E03019D1
:102CA800FFF7D8F80102090A09E0311948780978CC
:102CB8000002084321496118086003E0315D1F489C
:102CC80020180160241DA4B200211C4B02E0E0186A
:102CD8000160241DFF2CFADD0F2217481202426002
:102CE8000F220261012202604269002AFCD00160C1
:102CF800039A0020121D11E0C11809683154401CC4
:102D080080B20C0A3454401C0C0C80B23454401C61
:102D180080B2090E3154401C80B2121F002AEBDC2D
:102D2800E86F401CE86701208007826810218A4309
:102D3800826005B0F0BD00000000044000010440BE
:102D4800F8B5FFF78DF8644908600420FFF78EF89E
:102D5800FFF792F80546C00715D0604900200860C3
:102D68005F480078012811D0032813D0042815D013
:102D7800022817D0052819D0FFF784F8594F0446C0
:102D880001281AD01EE0FFF783F8F8BD2846FFF7A0
:102D980085F80EE02846FFF787F80AE02846FFF78F
:102DA80089F806E02846FFF78BF802E02846FFF787
:102DB8008DF840B20128E8D05FE03878052809D0BE
:102DC800062807D04848494E0078022806D005282A
:102DD80004D009E0284602F01FFE4EE0002C06D081
:102DE800022808D0052806D0022C0ED005E0284677
:102DF80003F04CFC41E0022C02D0012C13D016E069
:102E0800B17B002907D0022905D03978052906D0D9
:102E180001281AD00BE0284603F044FC18E02846A5
:102E280003F08EFA14E0012807D0062809D02846B6
:102E3800FFF752F8022C0BD01FE0284604F0A2F846
:102E48001BE0284603F050FE17E0284603F054FB29
:102E58003878012811D168050FD4707BC10701D0DB
:102E6800252004E0800701D5262000E02720317DB9
:102E7800814202D93220FFF735F81B4C207804280C
:102E880004D003281AD007281DD020E0FFF730F817
:102E980000281CD0FFF732F85820FFF735F82078C3
:102EA800002801D0022020701148407800280ED058
:102EB800207800280BD10320207008E00D48807C82
:102EC800FFF728F803E00C48807BFFF729F8032078
:102ED800FEF7CCFFF8BD00009C09FF1F9809FF1FF3
:102EE8009009FF1F1C09FF1F2309FF1FA60BFF1FC7
:102EF800D088FF1FBC0BFF1FD40BFF1FA121890027
:102F080048430749096840180521C901401805497F
:102F1800C0780978884201D30020704701207047A3
:102F28003409FF1F1509FF1FF8B50C4610490C425C
:102F38001AD1610518D500250E48AF003E187178E2
:102F4800012909D1C15D7088FEF7F0FF0A48708039
:102F580008490020C85570706D1CEDB2102DEBD3D8
:102F6800012080026040F8BD2146FEF7E5FFF8BD6C
:102F7800DE09000084D9FF1FFFFF000010B5012003
:102F880004F07EFDFEF7DEFF0446002004F078FD25
:102F9800204610BD70B50446FEF7DAFFE21DFF3289
:102FA800FA32D06F0021000C0004D0671046803838
:102FB8008B001B19FF330133C56A491CDD660829DC
:102FC800F6DB00218B001B19FF338133C56A491CCE
:102FD800DD600829F6DB0120D06470BDFEB5FEF780
:102FE8003FFF61490861C81FF9388078A12189002D
:102FF80048435E4909684418FEF7C6FE5C48C06845
:10300800416D0091866D5B480078814201D80029A6
:1030180000D1009058480078864201D8002E00D18F
:103028000646E51DFF35FA35686A401C6862534854
:103038000068002808D03D21095D49000818FF30C4
:103048004130418E491C418627462037387FB87762
:10305800FEF784FF287B04F051FF287BFEF784FFEE
:10306800FEF788FFFEF78CFFE06AFEF78FFFA06A85
:10307800FEF792FF787FFEF795FF787FFEF798FFBF
:103088005820FEF741FFFF20FEF798FF60790028DF
:1030980002D1E86C002852D0B87C3949384A4843F4
:1030A8006169490041183248C068C06F0818E18E4C
:1030B8005143344A8918344A914200DD114681420D
:1030C80000D20846FEF780FFE08E2D494843FF21D5
:1030D800DF31095B421A2648C168FC204058896CD8
:1030E800101A814200D20846FEF774FF287BFEF7CB
:1030F80077FF0420FEF77AFF0720FEF77DFF02A97D
:103108000098FEF77FFF694609890127FF34C2B29C
:10311800213400970191F3B2217D3020FEF778FF2A
:103128001A4C2678287B2070FEF778FF184807602D
:103138002670FEF73BFE1420FEF798FEFEBD2078B1
:10314800002807D0A1696069401841000848C06894
:10315800026904E006486269C068C1684900520013
:10316800C06C89180818ADE7300EFF1F3409FF1F1F
:10317800D088FF1F1509FF1F1609FF1FBC09FF1F75
:10318800710200001EFBFFFFF82A0000490AFF1F1A
:103198009809FF1FC106C90E01208840014908602F
:1031A8007047000000E100E00249014808607047EC
:1031B80040787D01CC88FF1F2021020C01D010210E
:1031C8001046020A01D010460839020901D01046FB
:1031D800091F820801D01046891E420801D0881EA6
:1031E8007047081A704700008307FF22DB0E9A40D9
:1031F8008907090E9940002808DB830809489B00C5
:103208001818036893430B43036070470007000FC7
:103218000838830804489B001818C36993430B4374
:10322800C361704700E400E000ED00E0EFF30380C5
:10323800704702E008C8121F08C1002AFAD1704777
:103248007047002001E001C1121F002AFBD170471E
:103258000248C069002800D0004770474003FF1F9C
:10326800FFB5074601208007816883B01C461546D4
:103278000291466939490968384A49004908019163
:103288000021C94380321160354A12685200520841
:103298000092334A803211603249816021214161B4
:1032A8001F20FFF777FFE20780212F48002A02D06E
:1032B80042680A434260A20704D54268FF230133EB
:1032C8001A434260002D0CD02A07520F04D0012265
:1032D800144342680A43426041682A07D20B1143EB
:1032E800416021494039CA6B5201520FBA4206D097
:1032F800CA6B07231B069A433B061A43CA63CA6B69
:103308005307049A5B0F934205D0CA6B049BD208FB
:10331800D2001A43CA634168FF2281329143E20115
:103328001143416041680F22520391436A031143DC
:1033380041600C48029901438007816001210E43D6
:1033480046614100054880300160054900980860E1
:1033580002490198086007B0F0BD000000E100E0F4
:1033680000E200E00100080040F000401CB569469A
:103378000120FEF759FE012000900348019000F05B
:10338800A3FC01201CBD0000BB0B000008B5334F97
:103398000446F86800250678E1202B46122205210C
:1033A8004002FEF747FE2EA0FEF74AFE206B009073
:1033B800214624310EC930A0FEF742FE2069009054
:1033C800211D0EC937A0FEF73BFE206A009021465A
:1033D80014310EC93EA0FEF733FEE06B009047A003
:1033E800A36B2268616BFEF72BFE4FA0216CFEF7E2
:1033F80027FE5148416851A0FEF722FE5348017844
:10340800B14202D2B8688A00855851480E4607680A
:10341800FEF71CFE00903B462A4631464DA0FEF7BB
:103428000FFE59A0FEF70CFE614E256835400024BA
:103438002919B1420BD8200702D15EA0FEF700FE81
:1034480029595EA0FEF7FCFD241DFF2CF0DD5D4828
:103458000068002800D08047FEE700000000FF1F3A
:103468000A5B48617264206661756C742068616EDD
:10347800646C65725D0A000052302D5233202020A2
:1034880020202020203D20307825303878203078C2
:103498002530387820307825303878203078253035
:1034A80038780A0052342D5237202020202020203E
:1034B800203D20307825303878203078253038780D
:1034C80020307825303878203078253038780A0050
:1034D80052382D523131202020202020203D20300C
:1034E800782530387820307825303878203078259D
:1034F800303878203078253038780A005231322C2C
:1035080053502C4C522C5043203D203078253038D5
:103518007820307825303878203078253038782071
:103528003078253038780A0050535220203D20301A
:10353800782530387820200000ED00E049435352C8
:10354800203D203078253038780A0000B408FF1F65
:103558006008FF1F5B4F53414C5D69647820256408
:103568002046756E6320307825303878207379735B
:103578007469636B20253038782072746320253095
:1035880038780A20000000002D2D2D2D2D2D2D2DF1
:103598002D2D2D64756D7020737461636B2D2D2D29
:1035A8002D2D2D2D2D2D2D2D2D2D2D0A000000001A
:1035B800FCFFFF1F0A5B253038585D00253038783E
:1035C800200000004488FF1F1CB569460320FEF751
:1035D8002BFD684600F0CAFF0098002802D1019828
:1035E800002800D001201CBD10B500F0E3FAFFF759
:1035F800BDFE002802D00248804710BDFEE700004B
:10360800E1A20000FEB50021184D2026174C803D90
:1036180000280091019111D000230222194635207B
:10362800FEF71AFD20698007FCD400960098411E19
:103638000091FBD228680028FCDA10E0002302225F
:1036480019460520FEF708FD20698007FCD400967E
:103658000098411E0091FBD228680028FCDA01215D
:1036680002A8FEF7FFFC6846007AFEBD80C800404D
:1036780038B50446009100290BD00020FFF7C2FF9F
:10368800204007D00520FEF7F3FC0098401E00906C
:10369800F3D1112038BD00000E480D49816000218A
:1036A800C1601B22520302614D22D20342610A4AC1
:1036B80082610A4AC26101624162C1620163416377
:1036C8000448803001624162816201218163704750
:1036D800000C000600F0004040400601ABFF01006E
:1036E80000B5232187B0C901144802F08DF80321E1
:1036F800C9021348FEF7C2FC0021022001911149BA
:103708000346009008460422C030FEF7BDFC0D4B6E
:103718000E49143B084605930B4A403802AB07C3D1
:1037280050390B480B460A4601910090103B383A35
:10373800D8390420FEF7AEFC07B000BD28B5FF1F3E
:10374800289DFF1F5892FF1F088DFF1F988BFF1F92
:103758004286FF1FF8B54E484068C043000603D5AF
:103768003C20FEF785FCF8BDFEF770FC484D009044
:10377800803D28680121890408432860E869454993
:1037880008402830E8610320FEF772FC686AC70326
:10379800FF0B0320FEF76CFC686AC403E40B0320EC
:1037A800FEF766FC686AC603F60BA74201D32046FB
:1037B80000E03846B04200D33046A74201D339462C
:1037C80000E02146B14200D23146334ABA18C32A32
:1037D80026D2314BDB439C4222D9304A94421FD235
:1037E8009E421DD996421BD2081A132818D228487F
:1037F80042680C218A4342604168FF2212029143C9
:1038080041601420FEF734FC21488038416AC269BF
:10381800C903C90B08239A43C26121488162F8BDD4
:10382800274634460320FEF723FC19488038406AAF
:10383800C603F60BFEF70AFC0099884201D3401A2A
:1038480001E0401A401E17498842AED3104841682B
:1038580009040D0E4168FF22120291436A1C1206E8
:10386800120C1143416041680C229143091D4160CB
:103878000020FEF715FC642D02D3054800214160A5
:10388800062D00D306250748A840FEF7F7FE8CE76B
:10389800C0F0004000FEFEFF91FCFFFF3204000074
:1038A800D088FF1FE40C0000F8B53D4840683C4C48
:1038B8000006803C8021002806DB606808436060C1
:1038C8000320FEF7D5FBF8BD364D0020286320689D
:1038D8000122920410432060334F6068802108431E
:1038E80060600320FEF7C4FB286B401C28636068F7
:1038F80001210904084360600026E0692B4938402B
:103908004018E0610320FEF7B3FB606AE169C00379
:10391800C00B08229143E161A96A06225143814202
:1039280001D3091A00E0411A3C2909D2E2690121B0
:1039380009048A43E26162688A436260E862F8BD0A
:10394800761CF6B2052ED8D3E16901200004814324
:10395800E161616881436160286B2E46052807D3C1
:10396800BFF34F8F13491248C860BFF34F8FFEE76C
:1039780060688021884360600320FEF779FBE06976
:1039880038402830E0610320FEF772FB606AC0030C
:10399800C00BB062E16908208143E1619DE7000046
:1039A800C0F00040D088FF1F00FEFEFF2800010085
:1039B8000400FA0500ED00E0FEB504461948C16BA5
:1039C800194D4907C90E6958164AC90B403200916A
:1039D8001168490304D4116801239B041943116039
:1039E800C16B18221143C163C06B104F4001400FD7
:1039F8000190B84706462046B84706430C49F007E9
:103A0800C00F88470346A0000A4928580860009854
:103A1800411E0091FBD2324621460198FFF720FC57
:103A28000020FEBD00F00040E07B0100018C00009A
:103A3800A98A00007408FF1FF8B506460120FEF7A2
:103A480017FB214D214F2878214C002816D0FEF76E
:103A58002DFB206000F082FD002802D004F0DEF883
:103A680078611C498B6A1C4803601C48C76A1C4A59
:103A78001268974205D2C06A101A03E0F8684069D4
:103A8800E7E70020174A10609819C862486A292297
:103A9800D203104348622878002812D012480178CF
:103AA800022908D00178012908D000780328206865
:103AB80008D0C01E04E020680F3801E020680838EC
:103AC8002060F8BD401FFBE71C09FF1FD088FF1FBF
:103AD800E408FF1F00F00040340AFF1F00100040F8
:103AE800180AFF1F1C0AFF1F4A0AFF1F70B515E0BE
:103AF80004070B78E50E0B4C06091807655BC00E2A
:103B0800205A6E40704005070609ED0E1809655BDE
:103B18004000205A6E407040491C521E002AE7D1CE
:103B280070BD0000F8F1021110B51E48A12180787F
:103B3800890048431C49A12309689B004418912126
:103B480089000A591749002089785943164B1B6880
:103B5800C918C98E002A1ED01448C068FF30013029
:103B6800012A0CD0114BDB68FF338133062A08D8B1
:103B78006479012C05D00D4C5234125D04E0006BC1
:103B880009E00A4A543212791B6D006B5A430B0A3A
:103B98005B1C5A431018064AC9085143814200D891
:103BA800084610BD300DFF1F3409FF1FD088FF1FC6
:103BB8005307000003490020486103490860486032
:103BC8007047000040F0004040F100401CB5274815
:103BD800A121807889004843254909684418254867
:103BE800406A80B2009091208000015900290FD0CE
:103BF8002148C068FF30013001290ED01E4AD26822
:103C0800FF32813206290AD81B4B5233C95C09E0BE
:103C1800608CE18E484340100DE0006B0AE01649C5
:103C280054310979126D006B5143E28E120A521C0D
:103C3800514308184000009940180090FFF774FF9E
:103C48000190019900980D4B421AE069C108594347
:103C58008A4201D8009805E009494008484301997B
:103C680040180090FEF7B0F91CBD0000300DFF1F92
:103C78003409FF1F00100340D088FF1F53070000BE
:103C88007102000070B50D4C0546E068808D400556
:103C980005D50B48406AC003C00B03F07DFF002028
:103CA80003F0D2FE002808D006480168E068FF301B
:103CB800813041652846FEF7FFF970BDD088FF1FA7
:103CC80040F000400080FF1F70B58AB000241E4DF0
:103CD800049405942878012806D004A90120FEF749
:103CE800A3F9002802D000200AB070BD0498009003
:103CF80005980190154881680291C068134903909E
:103D080006AA10316846FEF7DDF9104E102220365B
:103D1800314606A8FEF7DCF9002811D001202870EA
:103D28000B4A31466846FEF7CDF9049400206946EF
:103D380005948200401C8C500428FADB0120D3E74C
:103D4800FF202870CFE700004089FF1F00290011DD
:103D5800E4D9FF1F10B52248037822491022C96808
:103D6800022B08D00378012B05D00378032B02D04F
:103D78000378042B00D10A6204780E23022C09D0A0
:103D88000478012C08D00478032C07D00478042C7C
:103D980006D007E01B2404E0122402E04B6001E097
:103DA8000C244C6004780F49C9688031022C0BD070
:103DB8000478012C0CD00478032C0ED00078042849
:103DC80001D1CB610A6210BD1F20C861212002E029
:103DD8001420C8611820086210BD1320CA61FAE7D0
:103DE8004A0AFF1FD088FF1F38B5FDF7CDFF012213
:103DF8009207916A08240094002901D10120906259
:103E08000A4B022018600098451E0095FBD203203B
:103E180018600094641E0094FCD2002018600029E9
:103E280000D19062FDF7C2FF38BD000000C000401D
:103E3800012189070122202804D28B6882409343FC
:103E48008B607047402805D24B69203882409343E5
:103E58004B6170476028FCD20B6A4038824093431C
:103E68000B627047012189070122202804D28B6840
:103E7800824013438B607047402805D24B69203835
:103E8800824013434B6170476028FCD20B6A40386C
:103E9800824013430B627047012110B58907012244
:103EA800202813D20346153B012B07D80A68202087
:103EB80082430A600A6802430A6010BD0B688240A8
:103EC80093430B6008681043086010BD402814D263
:103ED8000346353B032B07D8CA6810208243CA60C3
:103EE800CA680243CA6010BDCB6820388240934339
:103EF800CB60C8681043C86010BD6028FCD24B6A0C
:103F08004224201A824093434B62486A1043486215
:103F180010BD0000F1B584B0FEF7CAFB0126B60754
:103F28000190B56AFDF730FF2249022008607062EF
:103F38000120B062FDF73AFF1F4F38698007FCD4B3
:103F480020200090411E009101D30846FAE71A4C40
:103F5800803C20680028FCDA18490120FFF788FB1C
:103F68000498FEF7BBF8C0B2029038698007FCD409
:103F780020200090411E009101D30846FAE72068EE
:103F88000028FCDA0D490320FFF772FBFDF7FCFE61
:103F980008490020086003217162B062FDF706FF3E
:103FA800002D01D1FFF720FF0198FEF793FB02983F
:103FB80005B0F0BD00C0004080C80040FFFFFF070B
:103FC800F7B582B00446FEF773FB01906003112138
:103FD800400B090646188F01BD6A2002000A2149D4
:103FE8000090884209D91F20C004044005D01E480B
:103FF80044620168BA1311430160002D09D1FDF72D
:10400800C3FE1A490220086078620120B862FDF7F1
:10401800CDFE002003E0325C03990A54401C049949
:104028008842F8D30026002D08D1FDF7ADFE0F48D1
:10403800066003207862BE62FDF7B8FE0949009861
:10404800884208D9002C06D0074846620268012138
:1040580009048A4302600198FEF73CFB002005B082
:10406800F0BD0000FFFF070000C8004000C000408E
:10407800F7B5294882B001781546002902D00F20EB
:1040880005B0F0BD244801240470FEF711FB01902F
:10409800FDF77AFE21490220086046077062B46283
:1040A800FDF784FE1E4F38698007FCD4202000905D
:1040B800411E009101D30846FAE7194C803C20685C
:1040C8000028FCDA17490120FFF7D2FA2A4603999B
:1040D8000298FEF709F8C5B238698007FCD4202099
:1040E8000090401E0090FCD220680028FCDA0D49A0
:1040F8000120FFF7BDFAFDF747FE084800240460D9
:1041080003207062B462FDF751FE0198FEF7E2FAEF
:10411800014804702846B3E76886FF1F00C00040C6
:1041280080C80040FFFFFF0730B585B0142217494B
:104138006846FDF7DFFF00246D46600041194978A5
:10414800285CFDF7DDFF641CE4B20A2CF5D31048A7
:104158004169C200914305221204891841614169ED
:1041680001225206114341614169032252059143DC
:104178000122520589184161072000F015F800F066
:104188002FF800F007F805B030BD000044F0021128
:1041980000F00040034841690122920691434161C1
:1041A8000F20704700F00040074A43091178C908FA
:1041B800C900002B02D01170062070474007400F3D
:1041C80001431170002070475186FF1F0348C169E1
:1041D8001F2252049143C1610020704700F0004043
:1041E8000649C8691F2252049043054A12785207AB
:1041F800120B1043C86100207047000000F0004017
:104208005186FF1F10B578210848FDF77FFF084841
:104218000078012803D0022804D0042804D1FDF72F
:104228007BFF01E0FDF77EFF002010BD18C8FF1FCF
:104238005086FF1F70B505461348122400780128E0
:1042480016D0042814D0FDF79FFD104B0021084616
:104258000C2250431A5C002A11D0AA420CD10C221D
:1042680051430120C9184870FDF756FF002406E0A5
:10427800FDF752FF002070BD491C0A29E7DBFDF756
:1042880095FD204670BD00005086FF1F18C8FF1F0F
:1042980070B50024124E23460C255D43755D85429A
:1042A80001D1072070BD002D0BD05B1C0A2BF3DB5E
:1042B800002C13D0002363702070A2601846616040
:1042C80070BD0C246343074D9C192B785E07DB08EF
:1042D800760F5B1CDB001E432E70E9E7032070BDE0
:1042E80018C8FF1F5186FF1F0020704770B505468C
:1042F800164800240078012811D004280FD0FDF7B3
:1043080043FD0021124B0E460C200A464243985C9E
:1043180000280FD0A84205D1D018467007E0FDF755
:10432800FBFE0DE0D0184078002800D0641C491C22
:104338000A29E9DB002C05D0FDF7EEFEFDF736FD76
:10434800002070BDFDF7EEFEF8E700005086FF1F65
:1043580018C8FF1F0020704710B5064904480860B8
:1043680005490860FFF798F904490020486010BD26
:10437800841E0000140AFF1F380AFF1FC0F0004007
:1043880010B515491D2008701449012008701449FA
:104398000A2008701348C16B490949010931C163F2
:1043A800C16B60221143C163FFF7D6FF00F01CF810
:1043B80000210420FEF718FF01211420FEF714FF46
:1043C80001211520FEF710FF01211720FEF70CFF31
:1043D800FFF786F910BD0000480AFF1F490AFF1FB2
:1043E800680AFF1F80F0004010B5FFF7FDF810BD08
:1043F80070B540251C4C012802D0002811D027E0B8
:104408006069052140014009C90640186061E069FA
:104418001649084016494018E061E0692843E06100
:1044280016E000210A20FDF76BFE00210B20FDF7A6
:1044380067FEE069032109020843E061E069A843D7
:10444800E06160690B21400140090907401860617B
:1044580060690121090708436061A06903214904D3
:104468008843A06170BD000000F000407F00FEFF9F
:1044780080FD010010B50549486000F019F8044AAC
:1044880000211320FFF704FF002010BD6886FF1FDE
:10449800B944FF1F0248006A002800D0004770474F
:1044A8004003FF1F01497620C86070470020004084
:1044B800F8B523480178022901D9042000E00078E2
:1044C8002049214B0A68012100249A4201D1009118
:1044D80000E0009400230121FDF72AFE1C491B4837
:1044E80088631B48403004611021416102268661BF
:1044F800880318490860BFF34F8FBFF36F8F1648C2
:104508000168FF2212049143B2051143016064203F
:1045180000904120FFF7A6FC4020FFF7A3FC750799
:104528006E620098411E0091FBD203206862FFF77B
:104538005BFCAC620348001DFDF700FEF8BD0000FF
:104548004A0AFF1F6C86FF1F6B000208050001FF67
:1045580000C8004080E100E010E400E00248806903
:10456800C00700D0012070474010004030B50AC88D
:10457800284A4C071068A40F800880002043CC0804
:10458800E50704241060002D3CD0A0437824A04304
:104598000C06240FE40020430F24E401A0430C057B
:1045A800240FE40120430C0BE5071B4C10602BD0B3
:1045B800A0431A4C20404C02A40D240320430F248E
:1045C800A405A0434C01240FA40520439C01C90E57
:1045D8006408214303C2990ECC0701218906083AD1
:1045E800002C13D08843D90ECC070D4910600FD08A
:1045F80088430321090788439900890F090708435D
:10460800106030BD2043C1E72043D2E70843EAE702
:104618000843EEE74C8AFF1F00080000FF0FC0FFA9
:1046280000000008024800680001C00F7047000041
:104638004C8AFF1F0B480021C174027D521CD2B264
:104648000275022A09D1028AFF235204120C01338F
:1046580002829A4200D9038201750348416F491CBE
:1046680041677047BC0BFF1FFC0FFF1F0848002164
:104678000175C27C521CD2B2C274022A06D1028AC7
:104688005208028201D101220282C17470470000DF
:10469800BC0BFF1FF8B5144EF068FF300130056AF7
:1046A800FDF772FB03F0A4FA0446104800780828C6
:1046B80001D0072807D17078012804D103F0AEFA99
:1046C800A04200D20446F0680027FF300130406A5B
:1046D8004019A04204D206480068002800D1671B90
:1046E800FDF764FB3846F8BDD088FF1F1C09FF1F83
:1046F8009809FF1F10B5074C208A012807D0FDF73D
:1047080023FD218AFDF782FB491CE18210BD0120AF
:10471800E08210BDBC0BFF1FF8B55048A12180787E
:10472800890048434E494F4B096844182289E28062
:10473800987A9D795F7A197AAC46C6196D18AD19C1
:104748008646DE7AE01DAB19F930458CEB184384B8
:10475800838C65465B188384C38C5B1CC3840023ED
:10476800002D09D1002F07D17546002D04D1002E48
:1047780002D16578002D0FD0E0891018A081E01DC6
:10478800FF306371FA30817901291BD183710021CF
:104798002046FDF7DFFC15E0002901D0637102E037
:1047A800018D491C0185A08990420BD160790028B0
:1047B80006D03E212046FDF7D3FC0020C0434AE046
:1047C8000821F7E72046FDF7D1FC0646002504E05E
:1047D800FDF7D2FC002802D06D1CB542F8DBE0786A
:1047E8000028EAD02046FDF7CDFC0128E5D0214677
:1047F800FF312131C87D01280ED1FF2249320846F8
:10480800125B194B2A309A4206D10278112A03D139
:104818004278C97A4170827002212046FDF7B8FCBF
:104828002079FEF7CFF8FDF7B9FC0128C5D00F496C
:10483800E08E096844180C4892384443FDF710FB91
:104848000B490969814201D8401A02E0094A511A04
:104858000818201A0A38FDF7A7FCF8BD300DFF1F0D
:104868003409FF1FE010FF1F03030000040AFF1FA5
:10487800300EFF1FFFFF3F00F8B50446FF30C13080
:10488800407D00280DD0401EC6B220468030E51D70
:10489800C27BFF35FA35002A0FD0C27A162A03D018
:1048A8000BE011480078EEE7807A012805D10F481F
:1048B800C078002801D0012028722F7A2046FDF701
:1048C80079FC00200A49012F487104D12A7A002A6C
:1048D80001D101224A71B1000919FF318131CA6839
:1048E8001060C9688880F8BD1609FF1FE010FF1F17
:1048F800D088FF1F70B54C790B7924020A781B19F0
:104908009BB2002A04D1C478012C01D1002B0CD011
:1049180002468032C41DD37BFF340125FA34002BB4
:1049280012D0D37A172B07D00EE0FF2122310A5478
:104938000721FDF745FC70BD927A012A04D1094A86
:10494800D278002A00D02572267AFDF73FFC002194
:104958000548012E0171EED1217A0029EBD10571AC
:1049680070BD0000E010FF1FD088FF1FF8B5054696
:1049780012480F46C07881421FD1E878002818D025
:104988000024A0004619FF368136F16800290DD0B1
:10499800086800280AD1287900F00EFF0020F0608E
:1049A8000520C00128184178491E4170641C082C54
:1049B800E7DB39462846FDF70FFCF8BDD088FF1F16
:1049C800F8B507460546FF37052000268137C001A0
:1049D8002C18B0004019FF3001300090C16E00293A
:1049E80005D0287900F0E8FE2078401E2070009855
:1049F800F96A761CC166082EEBDB0026B000401968
:104A0800FF3081300090C168002905D0287900F076
:104A1800D3FE6078401E60700098F96A761CC16009
:104A2800082EEBDB0026B0004719FF378137396BBA
:104A3800002905D0287900F0BFFEA078401EA0709C
:104A48000020761C3863082EEDDB284600F0E8FAD3
:104A58002846FDF7C7FB002108468A005219FF3295
:104A68000132491CD0660829F7DB00218A00521957
:104A7800FF328132491CD0600829F7DBE070F8BDAD
:104A880070B512480024007800281AD0FDF77CF988
:104A98000F48C068FF30193060C803F0A9F8A91999
:104AA800814203D20B48006800280CD00A49042030
:104AB80008700A488169491C8161FDF777F9204629
:104AC80070BD012070BD0124F7E700001C09FF1F1D
:104AD800D088FF1F9809FF1F2309FF1FFC0FFF1F26
:104AE80010B5FDF785FB0949A12289789200514349
:104AF800074A12688A18D11DFF31FA31CB6F528CE0
:104B08001B0C1B041343CB6710BD0000300DFF1FA7
:104B18003409FF1F10B5034A01211170FDF76EFB20
:104B280010BD0000490AFF1FF1B5FDF72DF92C4F04
:104B38002C48BC892D4E44432B4801250178002977
:104B480005D0FDF761FB040043D0357003E0052173
:104B5800017000203070B88922494843A04200D231
:104B680004462348A1218078890048432149224EE0
:104B7800096835704718307803F0C0F9FDF700FA76
:104B8800FDF7F8F91D48FDF701FA1D48FDF704FA8D
:104B98000098FDF707FA0098FDF70AFAFF20FDF7DD
:104BA8000DFA2046FDF7B0F9FDF734FB0320FDF7B9
:104BB80023FAFDF733FAFDF753F91249FF37FF37A8
:104BC80002370860387B30700F480560FDF7EEF853
:104BD800F8BD032030700D48C169491CC161F5E773
:104BE800BC0BFF1F710200001C09FF1F2309FF1FD8
:104BF800300DFF1F3409FF1F490AFF1F5555550087
:104C0800D6BE898ECC09FF1F9809FF1FFC0FFF1F16
:104C180010B503460446FF334B33062018700122B3
:104C280003212046FDF7FCFAFF2001213830015509
:104C3800FF200649493001539D2080000059002873
:104C480002D18034208A6082012010BD0305000053
:104C580010B50B48A12180788900484309490968A3
:104C680040184178002907D0FF30FF300230C16C6E
:104C7800002901D00021C164FDF7D8FA10BD000059
:104C8800300DFF1F3409FF1FFFB504466030C07E9A
:104C9800072581B01746012842D12046FDF7CCFAF6
:104CA80000283DD02148007800283CD0FF26113646
:104CB8002046FDF7C7FA009020790022314600F01F
:104CC80031FD009989000E19FF360136F06600287B
:104CD80026D0A620005D002807D03A462046049B2F
:104CE8000299FDF79DFA3F1DFFB20520C001251866
:104CF80028783A46401C2870029938020843F16E19
:104D08008880F06E0499801DFDF7A2FAF16E0120EB
:104D180008602046FDF7A2FAE878401EE8700025F2
:104D2800284605B0F0BD3426C2E700001709FF1F6A
:104D3800F3B581B00E46FDF793F80546019945484D
:104D480009010C18012200212661D2066171FDF7C4
:104D58008BFA414F002811D0FDF7A8F900903F4881
:104D6800C068FF300130016E00980818B04230D298
:104D7800FDF776F8A8421BD3401B1CE0FDF770F83E
:104D8800A84201D3451B02E03549491B0D18711B88
:104D98003448FDF76FFA21692E48A94201D9491B09
:104DA80000E0002121610199817020697861FEBDD0
:104DB8002B49491B081821697A69091A0098101AA1
:104DC80008180121C90720618842F0D90020206114
:104DD800FEBD2448796940688008081A801C009044
:104DE800FDF73EF8A84201D3451B02E01C49491BC8
:104DF8000D18761B31461B48FDF73CFA1A497E61AF
:104E08000E681A4900200A78124917E0019B984257
:104E180012D0A1239B0043439B19DB78002B0BD0B6
:104E280003015B189C461B69009FBB4201D9DB1B31
:104E380000E0002367463B61401CC0B29042E5D3C6
:104E48002069A84201D9401B00E000202061019898
:104E58008870FEBD300DFF1F300EFF1FD088FF1F6A
:104E6800FFFF3F00001000403409FF1F1409FF1F17
:104E7800F8B5414C2068002804D0FDF701FA2178E4
:104E8800C84005E0FDF7FCF93C490968FCF7BEFF9E
:104E98003B49A1228978920051433A4A3B4D126816
:104EA8003C4E8C186378384A3949002B0AD0FF34B5
:104EB800FF340023023463640B6831698B4241D3A9
:104EC800591A41E02078002805D0E01DFF30FA305B
:104ED800436C5B1C436408683169884201D3401AFB
:104EE80001E0511A0818E71DD238FF37FA37286051
:104EF800796C01292CD0002930D006292ED8607968
:104F080001282BD0FEF710FEE18E234BCA085A4326
:104F18008242786C25D8022821D01E4B5133C35CBD
:104F2800FF24F068D1342458FF30090A0130634364
:104F3800491C006B4B431818101A0721796429681B
:104F480008180AE0511AC918081AF168C96811E066
:104F5800F168FF310131096BF2E72860F8BD0020E4
:104F6800EDE7F268090AFF328132126D491C50439D
:104F7800484329684018F0E71C08FF1F1808FF1F5E
:104F8800300DFF1F3409FF1FFFFF3F00A009FF1F5F
:104F98009C09FF1FD088FF1F53070000F3B51C4D65
:104FA80081B0A86900282CD000241A4E1A4F2AE094
:104FB800A1208000316860434018C178002903D1DE
:104FC8000079AA69C0001154019800281AD0A9696B
:104FD800E0000A5C002A15D040180622801C0199BE
:104FE800FDF776F800280DD00C48816F491C8167C1
:104FF800A12080004443306820180179029801708C
:105008000120FEBD641C38788442D1DB0020FEBD3F
:10501800D088FF1F3409FF1F1409FF1FFC0FFF1F53
:1050280010B50179134A4900515C002920D0124972
:105038000B688C15A3430B600146FF3121310B46E9
:10504800097D0224214004796400A418647821436E
:105058001975094B403BDC6BA408A4000C43DC63C6
:10506800037900215B00D154007940008018417019
:1050780010BD0000A4D7FF1F40100340F3B507463A
:105088009848A121807889004843974989B00968E0
:10509800002644182046FF3021300690407D3228F3
:1050A80022D0222820D02546FF358135E86A0168BC
:1050B800002909D08188001D090A891CFDF7E6F836
:1050C800E96A0020761C0860FDF7E6F80A990025D1
:1050D80008802046FF30C1300790007C002829D086
:1050E800B84227DC002018E0804901200860FF2032
:1050F800AD300021005901260160E5E78000001964
:10510800FF308130006B6D1C8188EDB2090A001DEB
:10511800891CFDF7BBF80098401C00900798017C9B
:1051280000988142EADC0798007C3F1A86190798A4
:10513800002101746E490020C870FF20AD3000596D
:105148000168002903D00079C04380073AD0069847
:10515800C07D002836D00698807D002832D1079877
:10516800007CB8422EDA5F4881781C2041436148B0
:105178000818017A002925D101210172A90009190D
:10518800FF31C0688131086300281FD00520C001A5
:10519800201881786D1C491C8170FF204930005B04
:1051A800EDB2010A2046FF304930891CFDF76EF840
:1051B80006980021C1750698012181754C48761C16
:1051C800C1707F1E0798007C002802D030460BB0C3
:1051D800F0BD2046FDF766F8049000283BDD002F5F
:1051E80039DD002031E02046FDF762F88000001923
:1051F800FF3001300790C06E8188001D090A891CA4
:10520800FDF744F800281ED00798C16EA8000019C1
:10521800FF308130016307990020C8660520C0016E
:10522800201881786D1C491C81700178EDB2491EE7
:1052380001702046FDF742F8E11DFF31FA31086A96
:10524800401C761C08620098401C04990090884213
:1052580001DAB842C7DB23491C228878254B504322
:10526800C218107A002822D00020691E1DE0830091
:105278001B19FF3381331B6BD768BB4214D188429B
:1052880012D0A9000A198000FF3200198132FF30BC
:105298008130D16A0163134881781C204143154845
:1052A8000818C068D06202E0401CA842DFDB092071
:1052B80080012018817E002911D0017D00290ED09F
:1052C800428E002A0BD0817F914202D2491C8177FD
:1052D80005E0002181771A212046FCF771FFB0B262
:1052E80075E70000300DFF1F3409FF1F001403404D
:1052F800E010FF1FC4D7FF1FF0B589B0FCF7C2FD4F
:1053080005469A48A1218078890048439849096848
:10531800441898480068012803D19748816D491CB2
:105328008165052D01D0042D02D12046FFF778FEB6
:10533800FCF796FD9149924A086192484261012220
:10534800C2600260052D17D0042D7DD1E08E8E4AF3
:10535800C9685043FF22DF32125B801AF822525884
:10536800896C801A814A52785208D040814200D212
:105378000846FCF72FFE04E06079012801D0FEF70B
:1053880025FCFCF76DFD069080480078002805D0C4
:10539800FF20113000273E46009033E03420F9E723
:1053A8002046FCF791FF8119794800788142204610
:1053B80003D2FCF789FF801905E0FCF785FF811906
:1053C80073480078081AC0B20790684802228078AB
:1053D800009900F0A7F9079989000919FF3181316F
:1053E800C860002813D00520C001201842787F1C0F
:1053F800521C42700020CA68761C1060C968FFB24F
:105408008880F6B22046FCF765FFB042C8D85D48F0
:10541800FF2109044268002F04D08A4339040A4353
:10542800426025E08A43012109045118416021792D
:1054380001204A0057498854FF203530005D227901
:10544800C007C00F520000E015E0521850704D48D8
:105458004030026883151A430260026823795208B3
:1054680052005B00591849780A43026002218162A0
:10547800069802F05DF94849486B484AC0B212786C
:10548800002A17D1464A0023D356002B454BD35642
:1054980006DB1B040026965732029A18121808E0F9
:1054A800FF331B040026965732029A183E4B1218F7
:1054B800D2184A63022801D2022002E0502800D9FB
:1054C80050203A4A1278022A11D0394A1678394BB4
:1054D8001F78BE420FD916781B78F31A801E401029
:1054E800434310784001C01A1030401104E0324A9A
:1054F8001678324BECE710784A69120A1202104308
:105508004861052D01D0042D16D12D4800780028BA
:1055180006D02C480078002802D00020FCF74EFD69
:10552800FF34FF340234207B042801D0032803D140
:10553800FF205F30FCF7E8FC022D12D122480078EA
:10554800012807D0032805D0022803D01F48007877
:10555800022806D111480078002802D16C20FCF7F7
:10556800D3FC1B490120C88209B0F0BD300DFF1FD4
:105578003409FF1F9809FF1FFC0FFF1FD088FF1F6A
:10558800FF3F000000100340710200001709FF1FD1
:105598001609FF1FA4D7FF1F800003408C09FF1FB7
:1055A800680AFF1F00000000FFFE0000490AFF1FF5
:1055B800440AFF1F450AFF1F460AFF1F470AFF1F2D
:1055C800F908FF1F2209FF1F1C09FF1F2309FF1FDE
:1055D800BC0BFF1FFFB583B0174604461E466A463C
:1055E80002A901A8FCF77CFE009800280FDD1448EA
:1055F800016821606178009B081D8010C21C251D70
:10560800401C9A420FDD0F48416E491C416600203C
:105618002070386030600499088007B0F0BD084BEE
:105628001B6808C501E082001219AA42F7D8044A8B
:1056380013683B6012683260049A891C1180ECE799
:10564800001C0340FC0FFF1FF8B53148A1218078EA
:10565800890048432F49096844182646FF36813691
:105668000020F16A35464035086028742A48C16828
:105678004A050169520D49014B0DC169274F39404F
:105688001143C1619F1A1EE0F06A016800291ED00B
:105698002349287C0978884215D280000019FF30F8
:1056A8008130006B00280ED0001DFCF71FFE3F1A4A
:1056B800287C81000919FF318131096B8988090A21
:1056C80001D0401C2874002FDEDC2D7C1CE0001D5E
:1056D800FCF70CFE3F1AF16A01200860F3E7A80006
:1056E8000619FF368136316B00290BD008488078BF
:1056F80000F062F8002030630520C001201881788E
:10570800491E81706D1CEDB2082DE8D3F8BD00006C
:10571800300DFF1F3409FF1F401003400000FF0732
:105728001509FF1FF7B584B00C46FCF72DFB1C4D7F
:105738001C4E2868029030681B4F01903868009012
:105748001A48816B2960C16B3160006C3860184859
:10575800002101702046FCF7CFFD0446029828601E
:10576800019830600098386011480122027004994D
:10577800104B1C256943C918002C03D0087E401C17
:10578800087607E00698C0000B5C002B02D10A548B
:1057980008184468FCF70AFB204607B0F0BD000073
:1057A800D808FF1FD408FF1FDC08FF1FD088FF1F81
:1057B800D008FF1FC4D7FF1F70B50C460546FCF77D
:1057C800E3FA10481C2100224D432818D100435CFD
:1057D800002B09D041184968A14205D10021D20007
:1057E8008154FCF7E3FA70BD521CD2B2032AEDD300
:1057F800241F21884904490C2180017E491E017615
:10580800EFE70000C4D7FF1F30B50A0415D40B4BCF
:105818000B4C18600B4A2060116089088900091830
:1058280000258039CD671168091F01600648216885
:1058380081631968C1631168016430BDD408FF1F12
:10584800D808FF1FDC08FF1FD088FF1F10B5FEF720
:10585800E9FE012809D00FA0FCF7F2FB18A0FCF71D
:10586800EFFB0CA0FCF7ECFBFEE7FCF74BFD204838
:105878001E4941631E491F4A80318A611E4AC2621D
:105888001E4848611A491E48C0310861FCF740FDAE
:1058980010BD00003D3D3D3D3D3D3D3D3D3D3D3D57
:1058A8003D3D3D3D3D3D3D3D3D3D3D3D3D3D3D3D20
:1058B8003D3D3D3D3D3D3D3D3D3D3D0A0000000037
:1058C8003D3D3D3D20205B444F204E4F54205355D5
:1058D80050504F5254204D554C544920524F4C452E
:1058E8005D20203D3D3D3D0A000000009D46FF1F14
:1058F800C001FF1F394DFF1F314BFF1FD972FF1F1A
:10590800096BFF1F10B5FEF78DFE012809D00FA007
:10591800FCF796FB18A0FCF793FB0CA0FCF790FB98
:10592800FEE7FCF7FBFC20481E4901631E491F4A9D
:1059380080318A611E4A82631E4848611A491E489E
:10594800C03148601E491D48486110BD3D3D3D3D80
:105958003D3D3D3D3D3D3D3D3D3D3D3D3D3D3D3D6F
:105968003D3D3D3D3D3D3D3D3D3D3D3D3D3D3D3D5F
:105978003D3D3D0A000000003D3D3D3D20205B448B
:105988004F204E4F5420535550504F5254204D5590
:105998004C544920524F4C455D20203D3D3D3D0A29
:1059A80000000000894AFF1FC001FF1F394DFF1F7B
:1059B800BD1F0211D972FF1FC566FF1F9979FF1F0E
:1059C8008000FF1FF0B5114A114B124900280ED074
:1059D8000020145C002C06D085005D59002D02D0F3
:1059E800A40064182560401C1028F2DBF0BD0020DC
:1059F8000446155C002D05D0AD006D1887002E6893
:105A0800DE512C60401C1028F3DBF0BD2989FF1FF4
:105A180058D6FF1F0000FF1F10B504490968002968
:105A280001D0884710BDFCF757FA10BD8002FF1F50
:105A3800F0B589B00746FCF7A7F9FCF723FA012867
:105A480013D1FE4D2878052801D00628F8D1062064
:105A5800FCF70CFA2A78FA4D082429460C3101265D
:105A68000191052A02D0062A7ED08CE100200590FB
:105A7800B80516D57805FCD506AB07AA04A9281DD4
:105A8800FFF7A8FD0090287907073F0FFCF74CFCAB
:105A9800002807DDEB48416E491C41660020694635
:105AA80008824CE100980028FBD0002F05D0022F77
:105AB80003D0062F01D0012FF3D1E1490879891DC0
:105AC8004006C00F009002910390002804D0881F60
:105AD800C17A8909012936D0D948002581792E2033
:105AE8002A464243D84810188446203042788A42D1
:105AF80045D1D34B8278DB799A4240D1D04BC278DA
:105B08001B7A9A423BD1CE4B02795B7A9A4236D1C4
:105B1800CB4B42799B7A9A4231D18279C848C07A74
:105B280082422CD12E2029464143C74808182030EC
:105B3800C079012805D060461030FCF7FBFB00282F
:105B48001BD0ECB21EE0C149097801291AD1801D89
:105B5800FCF7F6FB044608280FD22E2021464143C5
:105B6800B9480818014600E010E1213120300291BF
:105B78000078801CC0B2039004E0002602E06D1C8F
:105B8800082DACDBB248C068808D00070AD5B14843
:105B9800807B012806D1002E86D002990098FCF758
:105BA800D5FB0646012E87D1AA48AB4A817C1160F5
:105BB800417A01297ED1002F01D0062F7AD1C18ADE
:105BC800002900D0491E0904A248090CC18271D1DC
:105BD800A34DA248A880A3480068002802D08047A7
:105BE800002876D0A049012008700A20FCF7B4FBF1
:105BF8009E20FCF789F9FF20FCF7E0F9FCF730F963
:105C08009A490968884201D9401A02E0984A511A0B
:105C180008187621091A8E48C0688030007F0E1A4D
:105C2800FCF7A0FB8A48C068416C006CCAB2C1B2DC
:105C3800F0B2FCF79DFBFCF7F1F98248C16B491CF7
:105C4800C1638C4901200860FCF794F9FCF798F9C6
:105C58000320FCF7D1F9082C0ED22E2044437A48B1
:105C680024182046FCF766FB002805D179480078FF
:105C7800022836D0032834D076480078002835D05A
:105C8800022833D006227C49A81DFCF7B3F8A8885F
:105C980040210843A8800098A988C00101436848AA
:105CA800A98082792A73C2796A73027AAA73427ABE
:105CB800EA7300E00DE0827A2A74C07A6874090AEF
:105CC800281D891CFCF7E2FA01200590664900208E
:105CD80008703B00FCF752FB0714181A141C141622
:105CE8001400A91D2046FCF74FFBD0E706226349A4
:105CF800A81DFCF77FF8A98840208143A980CAE73E
:105D0800002006E0022004E0012002E0032000E079
:105D1800FF200699019A090E494249B20191009261
:105D28006946098A029A0839CBB20399FCF776FECC
:105D38004448816B491C81630598002823D14B484E
:105D480001684F480068814201D9081A02E0484AB0
:105D5800101A40184B4C4C4B216841183D482160A3
:105D6800828953438B420FD8817C491CC9B2817404
:105D7800272900D925218174408982425CD0801A64
:105D8800C7E200202060CCE2807CC8E200200890B6
:105D98003E48A121007C890048433D4909684018D4
:105DA8000490B80517D57805FCD507AB06AA02A953
:105DB800281DFFF70FFC074628790007000F0590FC
:105DC800FCF7B2FA002807DD1E48416E491C4166FF
:105DD800002069460881E9E1002FFCD005980028D9
:105DE80001D00128F7D1164D2979AD1D4806C00FFD
:105DF80000908806C00F0390264900980870009804
:105E0800002804D0A81FC27A9109012955D000277B
:105E18002E20394641430C4808188446084920304A
:105E280042788B799A4279D18278CB799A4275D126
:105E3800C2780B7A9A422FE031E200001C09FF1F5A
:105E48009014FF1FFC0FFF1F890EFF1F1809FF1F6B
:105E5800D088FF1FBC0BFF1FD009FF1F030C0000D9
:105E680098D6FF1FC009FF1F8C09FF1F9C09FF1F41
:105E7800FFFF3F009809FF1F6B09FF1F6509FF1F00
:105E8800CC09FF1FB809FF1F71020000D40BFF1FC8
:105E98003409FF1F8D09FF1F5DD102794B7A9A42A1
:105EA80059D142798B7A9A4255D18279C97A8A42F4
:105EB80051D1C079002847D04CE0FA490978012926
:105EC8004DD1F9490978012929D1F84984790B7804
:105ED800A34224D14B78C479A34220D18B78047A89
:105EE800A3421CD1CB78447AA34218D10B79847A87
:105EF800A34214D14979914211D1ED4804782E205A
:105F080021464143EB4808180546203000782135E2
:105F1800E949801C08700120089020E01BE0801DE2
:105F2800FCF70EFA044608280CD22E2021464143DD
:105F3800E04808180546203000782135DE49801CE5
:105F480008700CE000260AE060461030FCF7F2F911
:105F5800002808D0FCB27F1C082F00DA58E7059803
:105F6800012802D05BE00026F5E7012E57D10898FA
:105F7800002854D1D14F38790006C00F059003D0BE
:105F8800787C8009012806D0CD48007802281DD0E9
:105F980003281BD025E0CA480078022802D003282D
:105FA80000D00026082C0FD22E2021464143C1489C
:105FB80008180746FCF7BEF9002805D138460199AC
:105FC800FCF7E8F900282AD0002628E0082C08D297
:105FD8002E20B84960434018FCF7ACF9002800D1DE
:105FE80000260598002801D0B64800E0B648397B5D
:105FF80002789142E8D1797B42789142E4D1B97B29
:1060080082789142E0D1F97BC2789142DCD1397C27
:1060180002799142D8D1797C40798142D4D1A8487B
:10602800AA4FC07B002804D001281DD0012E31D0F2
:10603800BCE0012E7ED12878797888427AD16878B8
:10604800B978884276D1A878F978884272D1E87808
:10605800397988426ED12879797988426AD1697903
:10606800B879814266D115E0012E63D1294600989E
:10607800FCF76CF901285DD10098387028787870A1
:106088006878B870A878F870E878387128797871E5
:106098006879B8718E49012008708E488E4DC068A5
:1060A800808D01062020002912DA039900290FD0DB
:1060B800834AA123127C9B005A43884B01211B6809
:1060C800D218FF32FF3202325173A98801430EE021
:1060D8007B4AA123127C9B005A43804B00211B68FA
:1060E800D218FF32FF3202325173A98881437C4EA5
:1060F800A980082C0FD22E20214641436D4808184C
:106108000746FCF717F9002805D16D4800780228E2
:106118001CD003281AD06A480078002820D002280A
:106128001ED006226749A81DFBF764FEA8884021F7
:10613800084300E03AE0A88001203070FBF790FEA9
:1061480068490968884215D9411A16E03846A91DD8
:10615800FCF71AF9A88840210843A8800320ECE737
:1061680006225949A81DFBF745FEA988402081430E
:10617800A980E1E75C4A511A09185648A022C0686C
:10618800135876229C46D71A436CFF1A8F4219D2AD
:106198004549012008704648484904700622891D6F
:1061A8004248FBF727FE4A49002008704448017A14
:1061B80000294DD04B494D4A09681268914257D978
:1061C800891A58E0521A6146541A006CDAB2C1B200
:1061D800E0B2FCF7CDF8FBF7CDFEFBF7D1FEFCF7FC
:1061E800DFF8FBF71BFF4248012101603449062212
:1061F800491CA81DFBF7FEFD304C37480622A11D9F
:106208000C30FBF7F7FD0098A9888022C001914364
:106218000843010AA880281D891CFCF737F826487E
:106228000078022804D30622A11D3248FBF7E2FDBC
:106238003078032804D10622A91D2F48FBF7DAFD80
:10624800FCF7B4F81849002008702149087068E084
:106258002A49002008700498FCF7AEF828494878C5
:10626800401E4870274810210078FBF7B1FD58E020
:106278001D4B9A1A5118244C244B22688A18226004
:1062880081894B43934249D8827B521CD2B2827394
:10629800272A00D9252282734089814238D1FCF708
:1062A80091F86EE51809FF1F8B09FF1FE009FF1F12
:1062B8008F09FF1F890EFF1F8D09FF1F9014FF1FF5
:1062C800D40BFF1F6B09FF1F6509FF1F7809FF1F0C
:1062D8008C09FF1FD088FF1F6C11FF1F3409FF1F97
:1062E8008E09FF1F9C09FF1FFFFF3F00CC09FF1FFE
:1062F8009809FF1FDA09FF1FD409FF1F1C09FF1F98
:10630800300DFF1F1B09FF1FB809FF1F7102000096
:10631800401A09494843FBF7E5FD32E5807BFCF765
:1063280057F806480068002801D1FBF7B1FDFBF7D4
:106338003DFD012009B0F0BD710200009809FF1F62
:1063480010B504498968002901D0884710BDFBF7BA
:10635800C3FD10BD8002FF1FF0B587B00446FBF7F0
:1063680013FD0720FBF782FD57480268574801686C
:106378008A4201D9501A02E05548401A80185549F6
:106388000A688018086060051AD5534C03AB05AA43
:1063980002A9201DFFF71EF9054620790607360FCA
:1063A800FBF7C2FF002807DD4C48416E491C4166D7
:1063B80000206946088103E0002D01D0042E19D081
:1063C800FEF738F9FEF796F94548424C8289454967
:1063D80023685143994268D8817C491CC9B28174A9
:1063E800272900D9252181744089824255D1FBF79C
:1063F800E9FF57E0207901234006C10F684600896C
:10640800A21D0838C0B204900398A679000E404235
:1064180045B23548077BBE4213D1E679477BBE4279
:106428000FD1267A877BBE420BD1667AC77BBE42E4
:1064380007D1A67A077CBE4203D1E67A407C864221
:1064480000D00023002907D0E07A8009012803D171
:1064580026480078012810D0002BB3D01E4B04200A
:106468000C3300930195049BFCF7D8FA1B48016C88
:10647800491C0164FEF7FAF8A4E7A01DFBF760FFCA
:1064880008289FD22E214843194940180246203037
:1064980000782132801CC1B2E0E71249801A4843D3
:1064A800FBF720FD0020206002E0807CFBF790FFD6
:1064B80010480068002801D1FBF7EAFCFBF776FCDE
:1064C800012007B0F0BD00009C09FF1FCC09FF1F89
:1064D800FFFF3F00B809FF1F9014FF1FFC0FFF1FAD
:1064E800BC0BFF1F7102000098D6FF1F1809FF1F81
:1064F800890EFF1F9809FF1F10B5044989690029F3
:1065080001D0884710BDFBF7E7FC10BD8002FF1FD4
:10651800F0B585B00446FBF737FC0720FBF7A6FC6F
:106528004E484F4900680968884201D9411A02E07B
:106538004C4A511A09184C480268891801606005CC
:106548001AD54A4C03AB04AA02A9201DFFF742F84A
:106558000646207907073F0FFBF7E6FE444D002863
:1065680006DD686E6946401C68660020088103E005
:10657800002E01D0042F1DD0FEF75CF8FEF7BAF804
:106588003C48394C82893C4923685143994253D845
:10659800817C491CC9B28174272900D925218174BD
:1065A80043890121090335489A423BD10078FBF71A
:1065B8000FFC3EE02079A7794006C10F68460089A4
:1065C800A21D0838C3B20398000E404246B22C48B8
:1065D800007B8742D2D12548C4792948477BBC42F1
:1065E800CCD1224C877B247ABC42C7D11F4CC77BB5
:1065F800647ABC42C2D11D4C077CA47ABC42BDD18E
:106608001A4C407CE47A8442B8D1184C04200C34EB
:1066180001960094FBF706FC286C401C2864FEF7E2
:1066280025F8ABE79A1A9300D218D2100078FBF736
:10663800C3FB0020206006E012490978012902D135
:10664800807CFBF767FC10480068002801D1FBF745
:106658001FFCFBF7ABFB012005B0F0BD9C09FF1F39
:10666800CC09FF1FFFFF3F00B809FF1F9014FF1F51
:10667800FC0FFF1FBC0BFF1F710200001B09FF1F4F
:1066880098D6FF1F2309FF1F9809FF1F10B504495B
:106698004969002901D0884710BDFBF71DFC10BDD2
:1066A8008002FF1F10B504494968002901D08847B6
:1066B80010BDFBF711FC10BD8002FF1FF0B585B0BF
:1066C8000446FBF761FBF64E03AB02AA01A9301D95
:1066D800FBF784FE0546FBF727FEF249002805DD97
:1066E800486E6A46401C00254866958033793046D6
:1066F8001A075B06120FDE0FEB4F002D03D0630560
:1067080001D5032A02D0052A72D095E1E5490A6A23
:10671800521C0A62E549027BCB799A42F5D1427B49
:106728000B7A9A42F1D1827B4B7A9A42EDD1C27BA5
:106738008B7A9A42E9D1027CCB7A9A42E5D1427CA3
:10674800097B8A42E1D1811D0091002E03D0C17AD4
:106758008909012932D0D2480124837900212E20C9
:106768000A464243D04812181046203047789F42C4
:106778003FD1CB4D8778ED79AF423AD1C84DC77834
:106788002D7AAF4235D1C64D07796D7AAF4230D1F7
:10679800C34D4779AD7AAF422BD1C14D8779ED7A98
:1067A800AF4226D10078B04223D12E204143BE48C3
:1067B80008182030C079002812D01DE0BC490124F7
:1067C8000978012918D10024801DFBF7B9FD082894
:1067D80012D22E214843C0192130012400900BE029
:1067E80010461030FBF7A6FD002805D1002403E071
:1067F8005AE0491C0829B2DBAE4DE868808D0007D5
:106808000CD5AA48C07B012801D0032806D1002C4A
:1068180004D030460099FBF799FD0446002C17D0A8
:10682800A04C206D401C2065A3480068002802D0B9
:106838008047002810D0FBF7B3FDA04F01263E701B
:10684800FBF70EFB9E490968884206D9411A07E002
:106858009448016B491C016313E19A4A511A0918BB
:10686800E86876230279591A8B1A416C006CCAB20F
:10687800C1B2D8B2FBF77CFDFBF7D0FB92480660AB
:1068880000203870FBF776FBFBF77AFB8F4881888E
:10689800001D090A891CFBF7F9FC0E20FBF7E6FA34
:1068A800606A401C6062ECE0620574D57D49012590
:1068B8008A6A521C8A627D49027BCB799A426AD1E4
:1068C800427B0B7A9A4266D1827B4B7A9A4262D19A
:1068D800C27B8B7A9A425ED1027CCB7A9A425AD199
:1068E800427C097B8A4256D1841D002E03D0C17A8E
:1068F8008909012932D06A480021807984462E20EE
:106908000A464243684812181046203043786345C7
:106918004AD1634B8778DB799F4245D1604BC77872
:106928001B7A9F4240D15E4B07795B7A9F423BD1ED
:106938005B4B47799B7A9F4236D1594B8779DB7AF3
:106948009F4231D10078B0422ED12E204143564883
:1069580008182030C07900281ED028E0544909784A
:10696800012924D14E480025801DFBF7E9FC0828A1
:106978001DD22E214843C0190446203000785449BE
:10698800801C0870464921340622891D5148FBF7AE
:1069980031FA01250BE04FE010461030FBF7CAFC36
:1069A800002804D1002502E0491C0829A7DB41483A
:1069B800494FC068808D00070FD5387801280CD161
:1069C8003A48C07B022801D0032822D1002D20D0CC
:1069D80021463046FBF7BAFC05463878022818D11C
:1069E8003E48227841788A422BD161788278914258
:1069F80027D1A178C278914223D1E17802799142D6
:106A08001FD12179427991421BD1617980798142E4
:106A180017D1002D15D0234D0622286D2146401C84
:106A280028652E480670401CFBF7E4F96C6CFBF7F0
:106A3800DBFC686CA04224D11C49002001224B7B5E
:106A480006E01848416B491C4163F5E7401CC0B299
:106A5800144684402342F9D00A7D2530824202D070
:106A6800FBF74CFA0DE01E480278052A0ED048883C
:106A780081004018C2081B48012149030078FBF730
:106A88009BF911480068002803D004E00021017038
:106A9800F7E7FBF7FDF9FBF789F9012005B0F0BD31
:106AA8009014FF1FFC0FFF1F890EFF1FA60BFF1F6F
:106AB8001809FF1FD088FF1FC409FF1F8C09FF1F7B
:106AC8009C09FF1FFFFF3F009809FF1F8413FF1F4A
:106AD8008D09FF1FDA09FF1F1C09FF1F7809FF1F17
:106AE8002309FF1F1B09FF1F10B504490969002965
:106AF80001D0884710BDFBF7EFF910BD8002FF1FDA
:106B0800F0B587B00446FBF73FF9FA48A121007CAD
:106B180089004843F8490026096840180590A005EF
:106B2800002816DA600514D5F44C04AB03AA01A9B1
:106B3800201DFEF74FFD054620790407240FFBF7BB
:106B4800F3FB002806DDEE48416E491C41666846A5
:106B580086809EE0002D76D0002C74D1E74C01256C
:106B68002179E94F4806C00F00908806C00F0290AF
:106B7800E449009808700098A41D002804D0A01FBC
:106B8800C17A8909012935D0DC49002089798C46E8
:106B98002E2102464A43DC495218114620314B78CF
:106BA800634546D1D54B8F78DB799F4241D1D34B92
:106BB800CF781B7A9F423CD1D04B0F795B7A9F42AA
:106BC80037D1CE4B4F799B7A9F4232D18B79CB49C3
:106BD800C97A8B422DD12E214843CB494018203009
:106BE800C079012828D010461030FBF7A3FB0028F5
:106BF80022D11CE0C5490025097801291CD1BF48CC
:106C0800801DFBF79DFB082816D22E214843C0198A
:106C1800044620300078BB49801C0870B7492134ED
:106C28000622891DBA48FBF7E5F8012504E000258E
:106C380002E0401C0828ABDBAE4FF87B002803D0ED
:106C480001281DD023E024E0002D22D0B14821786E
:106C5800427891421DD161788278914219D1A17808
:106C6800C278914215D1E1780279914211D1217906
:106C7800427991420DD161798079814209D115E03B
:106C8800002D06D021460098FBF760FB0546012D34
:106C98000CD09848A04D017A002972D09F49A04A8B
:106CA8000968126891426DD9891AFFE09D4801214F
:106CB80001709D498878FF2849D09C4A00201178A6
:106CC8008D4A13680DE0984A0401A2189279022AA5
:106CD80006D1A12292004243D218D278002A02D1CA
:106CE800401C8842EFDB88424DD1924C904820608E
:106CF800FBF7DCF9216809180846FF3861384208B3
:106D08001218C308D218C009101821603B7CA122B0
:106D180092005343784A800A12689A18D28E8B1EC2
:106D280052009A4201D2891A2160C1038248A122E5
:106D38000818000C6946088080496846008848831E
:106D4800397C920051436C4A1268891888867C4DB8
:106D58007A4CE868808D000657D50298002854D0F0
:106D6800397CA12292005143634A01201268891894
:106D7800FF31FF3102314873A08820210843A080E9
:106D88004EE082E08FE03A7C6E49824205DDCD68B4
:106D9800141A6C43674D2C600BE0CD68841A6C4361
:106DA800A125AD004543ED18ED8E6D002D1B614CFE
:106DB8002560604C644D246849696C4305015A4854
:106DC800281800692018614C6468A408091B891CEC
:106DD800401A58490860A12189004A43D118C98E30
:106DE8005B4A514352428218914202D2514A401A98
:106DF800106050480068FF38613841080918C20817
:106E08008918C0090818800A8FE7387CA1218900F1
:106E18004843394909684018FF30FF30023046734B
:106E2800FBF71EF83D490968884201D9401A02E07B
:106E3800484A511A08187621091AE868A022125AF5
:106E48008B1A416C006CCAB2C1B2D8B2FBF790FA87
:106E5800FBF790F8FBF794F8FBF7A2FAFBF7DEF8DC
:106E68003D4901200860254934480622891D0C3017
:106E7800FBF7EEF9A088010A201D891CFBF706FA2A
:106E8800FBF794FA274806706FE0344806700598B7
:106E9800FBF792FA24484178491E4170102128785E
:106EA800FAF796FF61E02B4B9A1A51182C4C264B97
:106EB800226889182160828953438B4252D8817B8A
:106EC800491CC9B28173272900D9252181734089BA
:106ED80001218903824203D12878FAF779FF06E075
:106EE800801A82008018C2102878FAF765FF266099
:106EF8003BE00000D40BFF1F3409FF1F9014FF1F55
:106F0800FC0FFF1F8D09FF1F890EFF1F1809FF1FA8
:106F1800DA09FF1F7809FF1F1B09FF1F9C09FF1FC4
:106F2800CC09FF1F8C09FF1F300DFF1F1409FF1F1D
:106F38004C1D0000C809FF1F0000FFFF6C11FF1F58
:106F4800D088FF1F300EFF1F7102000000100040A4
:106F5800E2040000FFFF3F009809FF1F2309FF1FFD
:106F6800B809FF1F807BFAF7DBFF05480068002897
:106F780001D1FAF78DFFFAF719FF012007B0F0BD2C
:106F88009809FF1F10B50449C968002901D088472E
:106F980010BDFAF7A1FF10BD8002FF1FF0B585B044
:106FA8000446FAF7F1FE0026A00547D56005FCD592
:106FB8009C4C03AB04AA02A9201DFEF70BFBA18879
:106FC8000C07240F002839D0002C03D0022C01D044
:106FD800062C33D14906CD0F93490020C968898D05
:106FE80009072ED59149897B01292AD1904AC100E8
:106FF800091A535CAB421ED18A4B89189B794F788A
:10700800BB4218D1874B8F78DB79BB4213D1854BB4
:10701800CF781B7ABB420ED1824B0F795B7ABB4289
:1070280009D1804B4F799B7ABB4204D17D4B89793A
:10703800DB7A8B4203D0401C0828D8DBAFE0082855
:10704800FCDA7A487B4A817C1160417A012977D140
:10705800002C01D0062C73D1C18A002900D0491E0A
:1070680009047248090CC1826AD1744F7248B88009
:1070780073480068002802D08047002860D0714912
:10708800012008700A20FBF767F99E20FAF73CFFF9
:10709800FF20FAF793FFFAF7E3FE6B490968884285
:1070A80001D9401A02E0694A511A08187621091ACA
:1070B8005D48C0688030007F0E1AFBF753F95A48C4
:1070C800C068416C006CCAB2C1B2F0B2FBF750F9AB
:1070D800FAF7A4FF5E48C16B491CC1635D490120F2
:1070E8000860FAF747FFFAF74BFF0320FAF784FF27
:1070F8004E484026007800282AD0022828D00622A8
:107108005549B81DFAF776FEB888304381B2E801D0
:107118000143B9804348090A82793A73C2797A737C
:10712800027ABA73427AFA73827A3A74C07A7874B5
:10713800381D891CFBF7AAF801264249002008706F
:107148002300FBF71BF9070D11130D150D0F0D008B
:1071580006224249B81DFAF74DFEB888B043D5E774
:10716800002006E0022004E0012002E0032000E005
:10717800FF2003992B4A090E494249B20C3201916A
:10718800009269460989921F0839CBB22946FAF755
:1071980049FE2F48816B491C8163002E37D12A484C
:1071A80001682F480068814201D9081A02E0274A7D
:1071B800101A40182B4C2C4B216841181B48216091
:1071C800828953438B421BD8817C491CC9B2817484
:1071D800272900D9252181744389012109032348DE
:1071E8009A4203D10078FAF7F3FD06E09A1A930061
:1071F800D218D2100078FAF7DFFD0020206006E0F0
:107208001B490978012902D1807CFAF783FE1148CD
:107218000068002801D1FAF73BFEFAF7C7FD012004
:1072280005B0F0BD9014FF1FD088FF1FBC0BFF1FD7
:10723800510EFF1FD009FF1F030C000098D6FF1F37
:10724800C009FF1F8C09FF1F9C09FF1FFFFF3F009C
:10725800FC0FFF1F9809FF1F6B09FF1F6509FF1F20
:10726800CC09FF1FB809FF1F710200001B09FF1F8F
:107278002309FF1F10B50A48A121807889004843D7
:10728800084909684018007907494000085C002847
:1072980003D006490020887110BDFBF7ABF810BD7C
:1072A800300DFF1F3409FF1FA4D7FF1FE010FF1F79
:1072B80010B5064A9269002A07D00123C00013546A
:1072C80080180622801CFAF795FD10BDD088FF1F94
:1072D800F0B58DB00546FAF7C3FDF34C0646A07825
:1072E800A12189004843F1492422096840189F21B7
:1072F80089000958125C89B2914209D9891AEC4A65
:10730800C06951434143681C02D0C82D00D06D1894
:10731800FAF7AAFF002805D0E648416D491C4165E7
:107328000DB0F0BDE44809904169E448C068FF30F9
:107338000130806E091809980069B04201D8301AE6
:1073480002E0DF4A101A801908180590A078000199
:1073580000190561681C04D1A078FBF751F8FF20DB
:10736800A070D14884780694FF2C17D02101081802
:107378008079022802D0012806D00FE0CF48C068E3
:10738800FF300130C06E04E0CC48C068FF300130E7
:10739800006FA84201D22D1A00E000250027A3E0C3
:1073A800C1498878B84262D0A12292003B46534333
:1073B800BE4A12689A18D378002B58D03B01591846
:1073C80002910B690599FF3191318B4253D200210B
:1073D8000A9102998979022902D001290BD03AE051
:1073E8000B90B14887703846FBF710F80A90AE4901
:1073F8000B9888702CE0AC490B908F700298059917
:10740800006988421DD2D18EA94A5143059A101AA3
:10741800FAF7FCFC401CC0B20790002008E0384690
:10742800FAF7FAFF0A90012807D00198401CC0B269
:10743800079901908842F2D307E09B480B99817025
:1074480012E03846FAF7E8FF0A9097480B998170DE
:107458000A98012808D0029802994079401CC0B2C5
:107468004871042804D006E03846FAF7C9FF39E025
:107478000298032141710020691C24D0029949799E
:1074880000290DD0012904D0022904D0032907D1ED
:1074980004E08C4804E08B480A3001E08948143045
:1074A80002998979022902D0012906D00BE0834983
:1074B800C968FF310131C96E04E08049C968FF31EC
:1074C8000131096F081802990A690599511A029A37
:1074D80011612A18914205D23C46814201D90D1A00
:1074E80000E000257F1CFFB277480078874200D271
:1074F80056E76D1C00D113E7FAF7B2FCB04201D38E
:10750800851B02E06E49891B0D18FAF73DFC664899
:10751800002621010F18019639696C48A94208D83C
:107528001421FAF7A7FE1421099801264161019454
:1075380006E0491BFAF79EFE3869411B099841612C
:107548005948634A8470B979012902D0022902D0C6
:1075580003E0072100E008211170002179710C4631
:1075680030E0A12120468900484350490490096829
:107578004018C078002823D04B4821010F183869DB
:10758800A84207D2002E05D1B8790228204608D093
:10759800FAF742FF0198A04206D1002E04D000203D
:1075A80004E0FAF733FFF5E73869401B0246386113
:1075B8003E48049900680818FF30FF30023082679F
:1075C800641CE4B2404801788C42CAD30698364A13
:1075D800000180188079022863D13B48334B00783A
:1075E8001C68401E40B20DE0A1239B0043431B19B9
:1075F800DB78002B04D003019B189B79022B03D066
:10760800401E40B20028EFDAC3B20698984248D12B
:1076180000200DE0A125AD0045432D19ED78002D82
:1076280004D00501AD18AD79022D03D0401CC0B2BD
:107638008842EFD30101891809698C46411CC9B2F7
:107648005B1C2CE0A125AD004D432D19ED78002DD4
:1076580023D00D01AD180695AD79022D1DD1099DD8
:10766800134FED680E1A7E4375436646AF19069DA3
:107678002D690195BD4201D27D1B00E0ED1B7D26E1
:10768800F600B54209D2019EBE4201D9761B02E03E
:10769800BE4202D27619069D2E61491CC9B2994292
:1076A800D0D3FAF783FB3BE6300DFF1F3409FF1FE9
:1076B80071020000FC0FFF1F300EFF1FD088FF1F54
:1076C800FFFF3F00881300001409FF1F001000404F
:1076D8001C09FF1F10B51249A12289789200514355
:1076E800104A126889189F229200525893B2242295
:1076F800525C934209D99A1A0B4BC9695A434A43B7
:10770800411C02D0C82800D08018FAF78BFEFAF77F
:10771800ABFD002803D114210448FAF7ABFD10BDD6
:10772800300DFF1F3409FF1F7102000000100040D8
:1077380010B50446FAF794FBA04203D3FAF790FB7E
:10774800011B04E0FAF78CFB0949091B4118094899
:10775800026A914200D20162C269914200D9C161B4
:10776800426AD3009A1A5118C908416210BD000034
:10777800FFFF3F00D088FF1F7CB5012000F0D6FE38
:107788002C4C042020702C4D01202870FAF750FE54
:10779800FAF754FEFCF7F4FDFCF7C6FC2078FCF77A
:1077A8000BF92878FCF724FEFCF72CFD2348006829
:1077B800FCF760FEFAF748FEFAF74CFE2048FAF7A5
:1077C8004FFE204E02213046FAF750FE002807D01F
:1077D80002213046FAF750FE02213046FAF746FEFB
:1077E800FAF750FE184919A0FAF752FE1D49097810
:1077F8001D4800780191009023782A781B48017869
:107808001BA0FAF745FEC022082125A0FAF740FE82
:107818000323A122DB021201C0212D48FAF738FE0A
:107828002C4801682CA0FAF733FEFAF737FE00203F
:107838007CBD00004A0AFF1F4086FF1F40F002116E
:1078480000D0FF1F00C003110303010353444B2062
:1078580056657273696F6E20494420253038782048
:107868000A000000450AFF1F440AFF1F4B0AFF1FBA
:107878007266436C6B202564207263436C6B202511
:107888006420737973436C6B2025642074704361A2
:10789800705B2530327820253032785D0A00000090
:1078A80073697A656F6628737472756374206C6C7B
:1078B8005F706B745F6465736329203D2025642CB9
:1078C800206275662073697A65203D2025640A0068
:1078D8005C85FF1F800AFF1F5B52455354204341BC
:1078E8005553455D2025640A2000000010B50F4857
:1078F800A121007C890048430D4909684418FAF71A
:10790800D3FD0020014682001219FF320132401CCB
:10791800D1660828F7DB002082001219FF32813275
:10792800401CD1600828F7DB10BD0000D40BFF1FF6
:107938003409FF1F10B51348017F407F0002081863
:107948000004000C1CD0FAF7B5FD0F48A121407DBA
:10795800890048430D490968421800200146830000
:107968009B18FF330133401CD9660828F7DB002039
:1079780083009B18FF338133401CD9600828F7DB4C
:1079880010BD00009014FF1FA60BFF1F3409FF1F36
:1079980070B50A4C0021601CFDF700FB00280BD1D4
:1079A800074E756CFFF7C6FF706CA84204D00548F7
:1079B800611C407DFFF77CFC70BD00007809FF1F4B
:1079C800FC0FFF1FA60BFF1F70B500241420FAF749
:1079D80093FC1649142208600021FAF771FD20462D
:1079E8000124FAF773FD02252046FAF775FD2846AB
:1079F800FAF778FD03200425FAF77AFD05242846CE
:107A0800FAF77CFD06252046FAF77EFD072428466E
:107A1800FAF780FD08252046FAF782FD0924284652
:107A2800FAF784FD2046FAF787FD70BD5088FF1FDE
:107A380010B504480178C90701D07621C160FAF76A
:107A480081FD10BD0020004010B50C4A0021D3680C
:107A580012691B781268002A03D04C00145B002CB2
:107A680003D1491CC9B29942F5D3994204D20028DE
:107A780000D00170002010BD012010BD0000FF1FC4
:107A8800F0B5234E234B002822D000211CE0A12072
:107A9800800032684843801804460022FF3481344D
:107AA80097003F18FF370137E56A521CFD66082A20
:107AB800F6DB002297003F18FF378137E56A521C32
:107AC800FD60082AF6DB491C18788142DFDBF0BD2F
:107AD8000021084617E0A122920034684A4314198D
:107AE800002295002D19FF350135521CE866082A39
:107AF800F7DB002295002D19FF358135521CE8600F
:107B0800082AF7DB491C1A789142E4DBF0BD000033
:107B18003409FF1F1409FF1FF8B51E4841680906FC
:107B280001D50020F8BD4168802211434160194DFC
:107B38000A260027803DE86940084000E8610620E1
:107B4800FAF796FA134CC03CA06980210843A0615B
:107B5800E86901210843E86102E00820FAF788FA99
:107B6800A86A800504D43046761EF6B20028F4D1FF
:107B7800002E07D0286A7E21C70BA0690F408843D2
:107B88003843A061A16980208143A1613806400E75
:107B9800F8BD0000C0F00040124B10B512497E221B
:107BA80098420AD98B695B069B0E06D088698B6957
:107BB8004006800E9343401E0CE00C4B98420FD2B7
:107BC800886910407E280BD288698B694006800E30
:107BD8009343401C400003438B610320FAF748FAA3
:107BE80010BD00000B20000000F00040FD1C00004C
:107BF80010B5FAF735F907484068062807D306494B
:107C0800096801221205114201D1800810BD002027
:107C180010BD00000010004000E200E0014840698B
:107C2800800870474010004010B500F013FAFFF7C5
:107C380073FF10BD30B53948016801229204114321
:107C480001604168032212069143354A13781B06E6
:107C5800194341604368032189058B4331490C78F6
:107C6800A405234343604368602423434360137897
:107C7800022B08D01378012B05D00B78022B02D0E9
:107C88000B78012B04D14368FF240134234343605C
:107C98001278032A02D00A78032A03D14268802383
:107CA8001A434260426803239B041A4342600B78DC
:107CB8000122D2051C48002B03D11C4B1B78032B37
:107CC8001BD0C3689343C360174A194B4032D36033
:107CD800FF2361331361174C5461174B9361FF25E0
:107CE800114B813580335D609C60144CDC60144B13
:107CF80003600978002903D006E0C3681343E2E76C
:107D080001680123194301600E4909780E4BC90621
:107D1800C90BC91881630D48D06130BD40F00040DF
:107D28004C0AFF1F4B0AFF1F800003404A0AFF1F2F
:107D3800C00B00207A3E6A0700008904008089048D
:107D4800CC240000480AFF1F250800002FFCA601CC
:107D5800F8B505004C4A4D484D4B4E4C4E4936D06F
:107D6800022D34D08615B702066286699E43F31940
:107D780083612078002835D01120400308614748E6
:107D88000863474800780122120380184861424E70
:107D9800414C444B803E403C002D28D06521424A4E
:107DA800C9024248012D2FD0022D32D0032D5BD0BD
:107DB800042D59D03E49691831603E49A1602360BD
:107DC800E06002210846FAF7C3FB3B482CE0802616
:107DD800066286699E430123DB04F31883612078D9
:107DE800002801D00A61CAE787200003C6E73348A4
:107DF80030600020A06023603148E060032108461D
:107E0800FAF7A6FB2F480FE02F4B3360A2602160E2
:107E1800D6E72D4B5B1C3360A2602160E060022135
:107E28000846FAF795FB29482061F068FF210843C6
:107E3800F060274860612748A0612748E06127482B
:107E48002062274860622748A0622748E0622748E6
:107E5800206327486063E020012D0DD02168022DA2
:107E68000ED081432160F8BD224BEB183360224BC2
:107E780073602160A260A3E7216881432031F1E7A4
:107E880081434031EEE7000000450400C000034094
:107E980000001C004B0AFF1F800003400200000185
:107EA800440AFF1F00280B0055555537D6BE898E4A
:107EB80000800642555555008055082200800678F6
:107EC80007EE7536806608220180063D8045082247
:107ED800A49C5C544C44434241524C46403A342E94
:107EE80028007F554F49433D37312B4C46403A34A3
:107EF8002E28221C00800698545A9850F0B5224B20
:107F0800214D21498026204A0727BF04403BC03D18
:107F1800E024803902281662966914D0BE430127EE
:107F2800BF04F6199661194A1278002A1ED07A10F1
:107F38001A6101281ED0164A801828601548086161
:107F48000868A04314E00120BE43C00436189661B7
:107F58000E4A1278002A00D0401018610E48286096
:107F68000E4808610868A043403001E01F61E0E75F
:107F78000860F0BD0848401E286009480861086884
:107F8800A0432030F4E70000C00003404B0AFF1F65
:107F980000800698805508220280063D8045082208
:107FA8008066082210B50A49002008700949022095
:107FB8000870FFF73FFE0848007800F011F8074CFA
:107FC8002078FFF7C5FE2078F9F7CEFF10BD000036
:107FD8004B0AFF1F4C0AFF1F480AFF1F490AFF1FD1
:107FE800F0B51A4A03230725D60019499B026024D5
:107FF800ED0157693F281AD0B74305263604BE1944
:108008005661CA689A43CB14D218CA60CA69A24397
:108018002032CA61CA69AA43CA610D4940398A6BCC
:10802800C0061205120DC00B02438A63F0BDB743A8
:108038000126B604BE195661CA689A43CA60CA695D
:10804800A243CA61CA69AA438032E5E700F000404A
:10805800C000034000B50021022000F021F80C49BF
:10806800801C08700021422000F01AF80949801C81
:1080780008700121022000F013F80749801C0870DD
:108088000121422000F00CF80449801C087000BD52
:10809800440AFF1F450AFF1F460AFF1F470AFF1F22
:1080A800F8B53B4C394A2260394D394A07239B04BD
:1080B800803540320129A9690ED0994301239B04D8
:1080C800C918A9613349D16033490B780121C90521
:1080D800324E002B07D009E099430123DB04C9186D
:1080E800A9612F49EFE73378032B14D0D3688B436A
:1080F800D36050630E20106200275762FF201530AE
:1081080050622848009030780300FAF737F90507DD
:10811800070D090B0D00D3680B43E9E7224802E07D
:10812800224800E0224800900098431E0093FBD2AA
:10813800686B57620002000E17621E4BD360FF2364
:10814800413353626523DB0223601B4D2F78E02304
:10815800012F0AD02D78022D25680AD09D4325606D
:108168000D4B1B78002B07D009E025689D4320356F
:10817800F5E79D434035F2E73378032B03D0D36806
:108188008B43D360F8BDD3680B43FAE710000300B4
:10819800400003407F4073004B0AFF1F4A0AFF1F3D
:1081A8007F40530010270000204E0000307500006B
:1081B800409C000040401000490AFF1FF8B56E4C73
:1081C800FF21E068D5316D4A095811608030806818
:1081D80080F30888FAF72CF969486A49006802268A
:1081E800884206D00020F9F75BFF70070169B143A8
:1081F80001610020F9F754FF00F0EAF862480078BE
:10820800F9F7B2FE614D0027EF61EE6160486861E1
:108218000120F9F72DFF0320E861F9F717FF06465B
:10822800F9F71EFE0546F9F711FF5A490860FFF7EE
:10823800B9FE59480068864201D9301A01E0301A5F
:10824800401E5649884200D90840E1688A8DD20705
:1082580009D0534A030C126880B2534350431B029F
:10826800000A18180BE0C2018300D21A4300D21A80
:10827800C3001818921C80309208400A1018206514
:10828800FF314848013149680068091846480068C4
:10829800091A3F48401C09188A0844488B07444972
:1082A80002600E689B0F9B190B60042B04D9521CAB
:1082B80002609A07920F0A60216D006808183D490C
:1082C800F9F7A4FD02463C483C4E0368D318036006
:1082D80032688A18374932608A4205D95B1C0360C4
:1082E8001046F9F793FD3160FAF738F93448007809
:1082F800002810D0F9F7B4FD324A216D401B1268EE
:108308000B18934202D2511A091A01E07D21C900C3
:108318001E48F9F7AFFF2C4E307A002810D0F9F735
:108328009FFD216D401BF2680B189A4202D9511A21
:10833800091A00E0254915483C30F9F79BFF3772C8
:10834800A078002810D0F9F78BFD411B226D0F484B
:108358006369551850309D4202D29A1A511A00E0AA
:108368001A49F9F787FFA770FAF7FEF80220F9F71C
:108378007DFDFAF7FFF8F8BDD088FF1F0080FF1FCA
:108388000C0AFF1FB6412103490AFF1F00100040D5
:10839800C3090000100AFF1F340AFF1FFFFF3F0038
:1083A800380AFF1F1C0AFF1F200AFF1F240AFF1F8D
:1083B800280AFF1F710200006008FF1F2C0AFF1F18
:1083C8001C09FF1FE408FF1F740BFF1FDC050000DA
:1083D800F8B5012081078862FBF7ECFBFAF738FF54
:1083E80001200090FCF756F8434E3078434C0228A1
:1083F80010D0F9F72BFE05460F20F9F739FEFBF7E9
:10840800A9F90520F9F734FE3078012808D0FBF7E0
:108418004BFA1AE03A48C068006AF9F729FE24E0E6
:1084280036484038C06B4007400F012802D1002071
:10843800FBF7C2FA6068FF270137B8436060022083
:10844800F9F716FE606838436060F9F7FFFDA84247
:1084580001D3401B01E0401B401E29491E224863EE
:108468005043284AC9688018C861284926480860C6
:10847800264827498030C163FF2141314162307865
:10848800FBF79AFA23492448F9F7F4FE2248002119
:108498001438C1610221C161204941610321C161D0
:1084A8001D481F491430F9F7E5FE0420FAF772FE5B
:1084B8001420FAF76FFE1520FAF76CFEFF20F9F783
:1084C8007DFD0120FAF75CF8FF20F530F9F77CFD17
:1084D8005820F9F719FD1348F9F77CFD0098FAF7C9
:1084E80055F80720F9F788FDE0690F490840FF3083
:1084F8000930E061F8BD00004A0AFF1F40F0004063
:10850800D088FF1F720600000180063D000003406E
:10851800340800007102000014100040C309000074
:10852800FFFF3F003075000000FEFEFF10B5072872
:1085380001D9062010BD04490870FAF7DBF8044990
:108548000248C861002010BD7B86FF1FFD26FF1F63
:108558004003FF1F73697A656F6628675F70436F12
:108568006E6E656374696F6E427566666572292002
:108578003D2025642C2073697A656F662870436FE7
:108588006E6E436F6E7465787429203D2025642CC7
:108598002073697A656F66286C61726765486561E2
:1085A80070293D2564200A005048592B3632585806
:1085B800504C555330353034000000004086FF1FC2
:1085C800708AFF1F800100003A32FF1F708AFF1F68
:1085D8004086FF1F30040000381DFF1F0004FF1FE6
:1085E800708AFF1F0C0000003A32FF1F708AFF1FBD
:1085F8000004FF1F00040000381DFF1FC087FF1F75
:10860800708AFF1F285800004A32FF1FF1590000E6
:10861800FD24000041460100314C02119D58021111
:10862800F53C0211DD470211E94002118D340211B7
:1086380039B802110A0000000110320114882128FB
:108648002C5902E00B11400904F30211DCF202116B
:10865800123BB3010883FFFF14053F102202120AE0
:108668004BE8034201161A0F02211BE8032B111ACB
:108678008C54292A2DD0F00211105A92102D2487DB
:10868800FF1F105AA0104B54C91069205A25205AB0
:10869800A210CBA486205A26205AA8102AAC201350
:1086A800020279AC71A984DAE4845A78445AAAF8A7
:1086B80069301A981019E111365CCFFF1F20022F7C
:1086C80004A974CBA0F174362C88FF1F101A8018E7
:1086D80029641AC46429205A96201A2D20A9305AD0
:1086E8003B301A903029105AD83069A4DAEC401A75
:1086F8003C30200E0C436F6D6D6D6F6E20545852D8
:1087080058A008124E4F544946598B55BDF0810266
:1087180019FF0714313233343536033601062C403D
:10872800787DAB19B729BA0116DAFF912931D10A38
:1087380010100C20080205090E14227ED31D704566
:10874800B085FF1F12F71205B20B180A456802110F
:10875800117102110908CD996C02117322B42A28EB
:1087680002143075A049021112081D08E001F06FCB
:1087780089023A5002290A63D0071A0FAC12051C65
:10878800307507141201DA81C8F9E8F11E896B0205
:1087980011198CDB9D7490690D0325FF011B69E39A
:1087A800DC180ED2021151590211A9E9021185D81B
:0887B800E4C4D70211091A4ABA
:040000051FFF18F9C8
:00000001FF
